0.29634202,0.2962891,0.29624462,0.29620978,0.29618612,0.29617476,0.29617724,0.2961947,0.29622865,0.29628026,0.29635093,0.296442,0.2965547,0.29669055,0.29685077,0.29703662,0.29724953,0.29738587,0.2973529,0.29716802,0.29684883,0.29641291,0.2958776,0.2952607,0.29457945,0.2938515,0.29309437,0.2923256,0.2915626,0.29082298,0.2901242,0.28948385,0.28891942,0.28844842,0.28808838,0.28785682,0.28777128,0.28784922,0.2881082,0.28856573,0.28923935,0.29014653,0.29130483,0.29273176,0.29444483,0.29646158,0.2987996,0.30147624,0.3045091,0.30771202,0.31088784,0.31403795,0.31716377,0.32026652,0.32334748,0.32640818,0.32944974,0.33247364,0.33548108,0.33847353,0.34145215,0.3444184,0.34737366,0.35031903,0.35325605,0.356186,0.3591102,0.3620299,0.3649466,0.36786142,0.37077588,0.3736912,0.37660867,0.37952974,0.38245568,0.38538787,0.38832748,0.3912761,0.39423484,0.39720505,0.40018818,0.4029942,0.405444,0.40755504,0.40934494,0.4108312,0.41203126,0.4129627,0.41364306,0.41408977,0.41432044,0.41435257,0.41420364,0.41389123,0.41343284,0.4128459
0.29585752,0.29581004,0.2957701,0.2957389,0.29571763,0.29570746,0.29570964,0.29572538,0.29575583,0.29580206,0.29586545,0.2959472,0.2960483,0.29617015,0.29631385,0.2964806,0.29667157,0.2967833,0.29672334,0.2965095,0.29615945,0.29569107,0.29512188,0.29446992,0.29375288,0.29298836,0.2921943,0.29138848,0.29058856,0.2898122,0.28907737,0.2884017,0.287803,0.2872991,0.2869076,0.2866464,0.28653315,0.2865857,0.28682172,0.28725907,0.28791547,0.2888087,0.28995648,0.29137665,0.29308677,0.29510483,0.29744846,0.30013552,0.30318365,0.30640578,0.30960363,0.31277847,0.3159314,0.31906375,0.32217652,0.32527107,0.32834852,0.33141,0.33445686,0.33749017,0.34051123,0.34352106,0.34652105,0.34951222,0.35249588,0.35547313,0.35844523,0.3614134,0.36437878,0.3673425,0.37030587,0.37327003,0.37623623,0.3792056,0.38217926,0.38515857,0.38814455,0.39113852,0.39414164,0.39715514,0.40018007,0.40302473,0.40550828,0.4076484,0.40946296,0.41096964,0.41218618,0.4131305,0.41382018,0.41427305,0.4145069,0.41453946,0.4143886,0.41407177,0.41360706,0.41301215
0.29545003,0.29540712,0.29537106,0.29534277,0.29532364,0.2953145,0.29531646,0.2953306,0.29535812,0.29539996,0.29545724,0.29553103,0.2956224,0.29573247,0.29586232,0.29601294,0.29618546,0.29627654,0.29619393,0.29595563,0.29557967,0.29508388,0.2944863,0.29380497,0.29305774,0.29226252,0.29143748,0.2906004,0.28976935,0.28896222,0.288197,0.28749168,0.2868641,0.28633243,0.28591457,0.28562835,0.28549182,0.2855231,0.2857398,0.28616023,0.28680214,0.28768358,0.28882247,0.29023686,0.29194462,0.2939637,0.29631218,0.2990079,0.30206895,0.30530724,0.3085236,0.31171924,0.31489503,0.31805217,0.32119173,0.3243148,0.32742238,0.33051565,0.33359554,0.33666328,0.33971992,0.34276643,0.34580404,0.34883374,0.35185653,0.35487363,0.3578861,0.36089486,0.36390126,0.36690617,0.36991066,0.37291592,0.375923,0.3789329,0.38194674,0.3849657,0.38799068,0.39102283,0.39406332,0.3971131,0.40017328,0.40305045,0.40556225,0.40772688,0.40956217,0.41108608,0.41231656,0.41327164,0.41396922,0.4144273,0.41466376,0.4146967,0.41454408,0.4142237,0.41375363,0.41315186
0.29513174,0.29509243,0.29505932,0.29503357,0.29501593,0.29500753,0.29500934,0.29502234,0.29504752,0.29508585,0.2951384,0.29520598,0.29528975,0.29539064,0.29550964,0.29564768,0.2958058,0.2958807,0.29578045,0.2955231,0.29512674,0.29460967,0.2939899,0.2932855,0.29251474,0.29169556,0.29084623,0.28998488,0.28912947,0.28829825,0.2875093,0.28678083,0.2861308,0.2855774,0.28513888,0.28483322,0.28467855,0.2846931,0.28489476,0.28530186,0.28593248,0.28680477,0.28793675,0.28934664,0.29105246,0.29307246,0.2954246,0.2981272,0.30119824,0.30444917,0.3076801,0.31089184,0.31408548,0.31726205,0.32042256,0.32356784,0.326699,0.32981694,0.33292273,0.33601737,0.33910176,0.342177,0.34524393,0.34830365,0.35135716,0.35440534,0.35744932,0.36048993,0.36352828,0.36656532,0.36960194,0.37263936,0.37567833,0.3787199,0.38176522,0.38481507,0.38787046,0.39093253,0.3940021,0.39708024,0.40016794,0.40307048,0.40560457,0.40778825,0.40963966,0.41117704,0.41241843,0.41338181,0.4140856,0.4145477,0.41478625,0.41481948,0.41466552,0.41434234,0.4138681,0.41326106
0.29491484,0.29487795,0.29484695,0.2948227,0.29480618,0.29479834,0.29480004,0.29481223,0.29483584,0.29487178,0.29492104,0.29498446,0.29506308,0.29515764,0.29526925,0.2953987,0.2955471,0.29561093,0.29549864,0.29522824,0.29481807,0.29428652,0.29365152,0.29293153,0.2921447,0.29130915,0.29044327,0.28956532,0.2886934,0.28784573,0.28704068,0.28629634,0.285631,0.28506288,0.28461027,0.28429127,0.28412426,0.28412735,0.28431883,0.2847169,0.28533986,0.2862058,0.28733307,0.2887399,0.2904445,0.292465,0.29481974,0.29752696,0.30060482,0.30386436,0.3071051,0.31032798,0.31353378,0.31672361,0.31989822,0.32305878,0.32620597,0.3293408,0.33246422,0.33557716,0.33868057,0.3417752,0.34486225,0.34794244,0.35101682,0.3540862,0.3571516,0.3602139,0.36327404,0.36633298,0.3693916,0.3724508,0.37551156,0.3785748,0.38164142,0.38471237,0.38778856,0.3908709,0.39396036,0.39705792,0.40016434,0.40308416,0.40563327,0.40783003,0.40969253,0.41123903,0.41248772,0.41345704,0.4141649,0.4146298,0.4148698,0.4149032,0.41474828,0.41442317,0.41394618,0.4133355
0.29481143,0.29477575,0.2947457,0.29472223,0.2947062,0.2946986,0.29470024,0.29471204,0.29473493,0.29476976,0.29481742,0.2948789,0.29495502,0.2950466,0.29515463,0.2952801,0.29542375,0.2954824,0.2953642,0.29508772,0.29467103,0.29413244,0.2934903,0.29276273,0.2919683,0.29112503,0.29025128,0.28936538,0.28848553,0.28763008,0.28681725,0.2860654,0.2853928,0.28481764,0.28435832,0.284033,0.28386003,0.28385773,0.28404424,0.28443807,0.2850573,0.28592032,0.28704536,0.2884507,0.29015464,0.29217547,0.29453138,0.29724085,0.30032197,0.30358565,0.30683106,0.31005922,0.31327084,0.31646693,0.3196484,0.32281604,0.32597098,0.32911387,0.33224568,0.3353674,0.33847973,0.34158376,0.34468034,0.34777027,0.3508546,0.35393408,0.3570097,0.3600824,0.36315292,0.36622226,0.36929125,0.37236091,0.37543207,0.37850562,0.3815824,0.38466346,0.3877495,0.39084154,0.39394048,0.39704728,0.4001626,0.4030907,0.405647,0.40784994,0.40971768,0.41126856,0.41252086,0.41349277,0.41420272,0.4146689,0.41490963,0.41494316,0.41478774,0.41446173,0.41398332,0.41337088
0.29483375,0.2947978,0.29476756,0.29474384,0.29472777,0.29472014,0.29472172,0.2947337,0.29475668,0.29479173,0.2948398,0.29490167,0.2949783,0.29507056,0.2951794,0.2953057,0.29545036,0.29551005,0.29539326,0.29511803,0.29470274,0.29416564,0.29352507,0.29279912,0.29200628,0.29116476,0.2902927,0.2894085,0.28853035,0.28767657,0.2868655,0.28611523,0.28544417,0.2848705,0.28441262,0.28408873,0.28391707,0.28391588,0.2841035,0.28449827,0.28511828,0.2859819,0.2871074,0.28851306,0.29021713,0.29223788,0.29459363,0.29730254,0.300383,0.3036458,0.3068902,0.31011713,0.31332752,0.3165223,0.3197023,0.3228684,0.3260216,0.32916278,0.33229282,0.3354126,0.338523,0.34162503,0.3447196,0.34780744,0.3508896,0.35396686,0.35704035,0.3601107,0.36317903,0.3662461,0.36931294,0.37238038,0.3754492,0.3785205,0.38159513,0.38467398,0.38775793,0.3908479,0.39394486,0.39704952,0.40016302,0.40308928,0.4056441,0.40784565,0.40971223,0.4112622,0.41251367,0.41348505,0.41419455,0.41466045,0.414901,0.41493452,0.41477916,0.4144534,0.41397536,0.41336328
0.2949939,0.29495618,0.29492435,0.29489955,0.29488266,0.29487458,0.29487634,0.29488882,0.29491293,0.2949498,0.29500026,0.29506522,0.2951457,0.29524258,0.2953568,0.29548946,0.2956414,0.29570928,0.2956013,0.2953357,0.29493064,0.29440424,0.29377487,0.2930605,0.2922795,0.29145,0.2905902,0.2897182,0.2888523,0.28801066,0.28721142,0.28647292,0.28581318,0.28525046,0.28480294,0.2844888,0.28432631,0.28433356,0.28452876,0.28493008,0.2855558,0.28642407,0.2875531,0.28896102,0.2906661,0.2926864,0.29504022,0.29774573,0.3008211,0.30407754,0.30731466,0.31053343,0.31373492,0.31691986,0.32008934,0.32324424,0.32638565,0.3295143,0.33263138,0.33573762,0.33883408,0.34192166,0.34500134,0.34807408,0.35114086,0.35420248,0.35726008,0.36031452,0.36336675,0.36641762,0.36946827,0.37251946,0.3755723,0.37862766,0.38168654,0.3847498,0.38781843,0.39089337,0.39397565,0.39706603,0.40016568,0.40307918,0.40562287,0.40781477,0.40967327,0.41121647,0.41246244,0.4134296,0.41413596,0.41459984,0.41483942,0.4148727,0.41471815,0.41439375,0.41391766,0.4133083
0.2953041,0.2952628,0.29522812,0.29520103,0.29518256,0.29517373,0.29517564,0.2951893,0.29521567,0.29525587,0.29531097,0.29538202,0.29546985,0.29557568,0.29570058,0.29584548,0.2960114,0.29609504,0.2960043,0.29575726,0.29537192,0.29486638,0.29425865,0.2935667,0.2928087,0.2920026,0.29116634,0.2903181,0.2894759,0.28865772,0.2878816,0.28716564,0.28652784,0.2859862,0.28555885,0.28526372,0.28511888,0.28514242,0.2853523,0.28576657,0.28640336,0.28728053,0.2884163,0.2898286,0.29153547,0.29355496,0.29590514,0.298604,0.3016696,0.3049137,0.30813673,0.31133977,0.31452376,0.3176898,0.32083896,0.3239722,0.32709062,0.33019522,0.33328703,0.3363671,0.33943644,0.34249613,0.34554717,0.3485906,0.35162753,0.35465887,0.35768574,0.3607092,0.36373016,0.36674985,0.36976913,0.37278906,0.3758108,0.37883523,0.38186347,0.3848966,0.38793558,0.39098144,0.39403522,0.39709803,0.40017083,0.40305963,0.40558162,0.40775502,0.40959775,0.4111278,0.4123632,0.41332218,0.41402256,0.41448253,0.41472,0.41475308,0.41459975,0.41427812,0.41380614,0.4132019
0.2957764,0.29572985,0.29569072,0.29566008,0.29563922,0.29562926,0.29563144,0.29564685,0.29567665,0.2957221,0.2957843,0.29586443,0.29596356,0.29608306,0.29622397,0.29638752,0.29657483,0.29668242,0.29661795,0.2963993,0.29604405,0.29557016,0.29499543,0.29433757,0.2936145,0.29284397,0.29204372,0.29123166,0.29042554,0.28964308,0.28890222,0.2882206,0.2876162,0.28710675,0.28670996,0.2864438,0.2863259,0.28637424,0.28660643,0.2870404,0.28769392,0.28858483,0.28973085,0.2911498,0.29285946,0.29487774,0.29722235,0.29991108,0.30296183,0.3061871,0.30938873,0.3125677,0.31572518,0.31886235,0.32198057,0.32508072,0.3281642,0.33123204,0.33428544,0.33732563,0.3403538,0.3433709,0.3463784,0.3493772,0.35236865,0.35535386,0.358334,0.3613102,0.36428374,0.3672557,0.37022725,0.3731996,0.37617385,0.37915128,0.382133,0.3851202,0.38811395,0.3911155,0.39412606,0.39714673,0.40017873,0.40302983,0.405519,0.40766406,0.40948272,0.4109928,0.41221222,0.41315857,0.41384986,0.41430378,0.41453812,0.41457075,0.41441953,0.414102,0.41363624,0.4130399
0.29642314,0.2963693,0.296324,0.2962886,0.29626453,0.296253,0.2962555,0.2962733,0.29630777,0.2963603,0.29643217,0.29652482,0.2966395,0.29677767,0.2969406,0.29712966,0.29734623,0.2974867,0.2974582,0.29727823,0.29696423,0.2965337,0.29600418,0.295393,0.29471782,0.29399598,0.293245,0.29248238,0.2917256,0.2909921,0.2902994,0.28966495,0.28910625,0.2886408,0.288286,0.28805944,0.28797853,0.28806067,0.2883235,0.2887844,0.28946093,0.29037043,0.29153058,0.2929586,0.2946722,0.2966887,0.29902568,0.3017006,0.30473092,0.3079306,0.31110272,0.31424877,0.31737003,0.32046774,0.32354346,0.32659847,0.32963407,0.33265162,0.3356525,0.33863807,0.34160963,0.3445686,0.3475163,0.35045412,0.35338327,0.35630533,0.35922146,0.36213315,0.36504164,0.3679483,0.37085447,0.37376165,0.37667105,0.379584,0.382502,0.38542622,0.38835818,0.3912991,0.39425036,0.3972134,0.4001895,0.40298906,0.40543318,0.40753946,0.40932518,0.41080797,0.4120053,0.41293463,0.41361338,0.41405907,0.4142892,0.4143213,0.41417274,0.413861,0.4134036,0.41281807
0.29725644,0.2971931,0.29713994,0.29709837,0.2970701,0.29705662,0.2970595,0.2970804,0.29712096,0.29718253,0.29726693,0.2973757,0.29751042,0.2976726,0.2978639,0.29808584,0.29834014,0.29852292,0.29854077,0.29841068,0.2981498,0.29777518,0.29730377,0.29675278,0.29613927,0.29548016,0.29479268,0.29409385,0.29340068,0.2927302,0.2920996,0.2915259,0.2910261,0.2906173,0.2903166,0.290141,0.29010767,0.29023358,0.29053572,0.29103136,0.29173747,0.29267105,0.29384923,0.29528907,0.29700768,0.29902196,0.3013492,0.30400625,0.30701026,0.31017682,0.31331113,0.31641465,0.31948915,0.32253614,0.32555714,0.32855386,0.33152783,0.33448055,0.33741376,0.34032902,0.34322774,0.34611177,0.34898248,0.3518416,0.3546906,0.35753122,0.36036488,0.3631933,0.36601803,0.3688406,0.37166268,0.3744858,0.37731156,0.38014153,0.3829773,0.3858206,0.3886729,0.39153564,0.39441064,0.39729932,0.40020344,0.4029365,0.40532267,0.40737882,0.4091223,0.4105699,0.41173872,0.41264603,0.4133087,0.41374382,0.41396847,0.41399983,0.41385475,0.4135505,0.41310394,0.4125323
0.29828826,0.2982134,0.29815042,0.29810125,0.29806775,0.2980518,0.29805523,0.29808,0.29812792,0.29820085,0.29830077,0.29842952,0.29858887,0.2987809,0.2990073,0.2992701,0.29957104,0.2998062,0.29988137,0.29981318,0.29961804,0.29931253,0.2989133,0.29843682,0.2978997,0.29731834,0.29670948,0.29608947,0.2954751,0.29488277,0.29432905,0.29383045,0.29340363,0.29306507,0.29283133,0.2927189,0.2927445,0.29292446,0.2932755,0.29381415,0.29455686,0.29552022,0.29672086,0.29817528,0.2999,0.3019116,0.3042266,0.30686158,0.30983314,0.31295872,0.3160461,0.31909713,0.3221137,0.3250977,0.32805106,0.3309755,0.33387312,0.33674562,0.339595,0.34242302,0.34523168,0.3480228,0.35079822,0.35355985,0.3563096,0.35904935,0.361781,0.3645063,0.36722723,0.36994568,0.37266353,0.37538263,0.3781048,0.38083196,0.38356608,0.38630897,0.38906246,0.3918285,0.394609,0.39740568,0.40022063,0.4028715,0.4051858,0.40718007,0.408871,0.41027504,0.4114087,0.4122886,0.4129314,0.4133534,0.4135713,0.41360167,0.413461,0.41316587,0.41273278,0.41217834
0.29953095,0.29944214,0.2993675,0.2993091,0.29926935,0.29925033,0.29925445,0.29928386,0.2993407,0.29942727,0.29954585,0.29969862,0.2998878,0.30011562,0.30038434,0.30069622,0.3010534,0.3013517,0.30149597,0.3015022,0.30138624,0.3011641,0.3008517,0.3004649,0.3000197,0.29953203,0.2990178,0.29849294,0.29797342,0.29747513,0.297014,0.296606,0.29626697,0.29601297,0.2958599,0.2958236,0.29592007,0.2961653,0.2965751,0.29716548,0.29795235,0.2989516,0.30017927,0.3016512,0.30338332,0.30539164,0.30769202,0.31030038,0.31323275,0.31630895,0.3193398,0.32232755,0.32527444,0.32818264,0.33105445,0.33389202,0.33669764,0.33947346,0.3422219,0.34494498,0.34764504,0.35032433,0.35298496,0.3556293,0.35825944,0.36087775,0.36348638,0.36608762,0.36868358,0.37127656,0.37386888,0.37646267,0.3790601,0.38166353,0.38427514,0.38689718,0.38953176,0.3921813,0.39484793,0.39753377,0.40024135,0.4027931,0.40502086,0.40694064,0.40856832,0.4099199,0.41101122,0.41185826,0.41247693,0.4128832,0.41309294,0.41312212,0.41298676,0.41270265,0.41228575,0.41175207
0.30099672,0.30089137,0.3008028,0.3007337,0.30068648,0.30066398,0.30066884,0.30070364,0.3007711,0.30087376,0.30101433,0.3011955,0.30141973,0.30168992,0.30200854,0.3023783,0.3028018,0.3031745,0.3034003,0.30349433,0.30347174,0.30334795,0.3031379,0.30285695,0.30252025,0.30214295,0.30174044,0.30132768,0.30092004,0.30053273,0.3001808,0.29987952,0.29964417,0.2994899,0.2994319,0.2994854,0.2996655,0.2999876,0.30046675,0.30111817,0.30195713,0.3029987,0.3042582,0.30575085,0.30749172,0.30949616,0.31177923,0.31435624,0.31724244,0.32026038,0.32322466,0.32613778,0.3290023,0.33182117,0.33459675,0.3373318,0.340029,0.34269086,0.3453202,0.3479195,0.3504915,0.35303885,0.35556415,0.35807002,0.3605592,0.3630342,0.36549783,0.36795264,0.37040117,0.37284628,0.3752905,0.37773648,0.3801869,0.3826443,0.38511142,0.3875909,0.3900853,0.39259738,0.3951297,0.397685,0.4002658,0.40270066,0.40482643,0.40665826,0.4082114,0.40950102,0.4105424,0.4113506,0.41194093,0.4123286,0.4125288,0.41255662,0.4124274,0.41215637,0.4117585,0.4112493
0.3026976,0.30257314,0.30246848,0.30238667,0.30233094,0.30230445,0.30231017,0.3023513,0.30243102,0.30255234,0.3027184,0.3029325,0.3031976,0.30351683,0.3038933,0.30433023,0.3048307,0.30528978,0.30561012,0.3058061,0.3058919,0.3058821,0.3057909,0.30563277,0.30542195,0.30517283,0.30489978,0.30461723,0.3043394,0.30408075,0.3038556,0.30367833,0.3035632,0.30352467,0.303577,0.30373466,0.30401194,0.3044232,0.3049828,0.30570507,0.30660442,0.3076951,0.30899158,0.31050825,0.31225932,0.3142592,0.31652227,0.3190629,0.3218954,0.3248458,0.32773265,0.33055922,0.33332837,0.33604342,0.3387074,0.34132347,0.34389478,0.34642443,0.34891558,0.35137126,0.35379466,0.3561889,0.35855705,0.3609024,0.3632279,0.36553672,0.36783198,0.37011686,0.37239444,0.37466788,0.37694028,0.3792147,0.38149443,0.38378242,0.3860818,0.3883959,0.39072764,0.3930802,0.39545673,0.39786035,0.40029418,0.40259337,0.4046007,0.4063306,0.40779716,0.409015,0.4099983,0.41076154,0.41131902,0.41168502,0.41187412,0.41190043,0.41177836,0.41152236,0.41114673,0.41066584
0.30464584,0.30449945,0.3043763,0.30428016,0.30421466,0.3041834,0.30419016,0.30423853,0.30433226,0.30447495,0.30467033,0.30492207,0.30523384,0.3056093,0.30605212,0.30656603,0.30715463,0.30771267,0.30814132,0.30845395,0.30866396,0.30878475,0.3088297,0.30881217,0.3087456,0.30864325,0.30851865,0.3083851,0.30825606,0.3081448,0.30806485,0.30802947,0.30805206,0.30814612,0.3083249,0.30860183,0.3089903,0.30950373,0.3101555,0.31095895,0.31192747,0.31307447,0.3144133,0.3159574,0.31772012,0.31971484,0.321955,0.3244539,0.32722497,0.330098,0.33289635,0.3356236,0.33828345,0.34087962,0.3434158,0.34589562,0.34832278,0.3507009,0.35303375,0.3553249,0.3575781,0.359797,0.36198524,0.3641466,0.3662846,0.36840305,0.37050557,0.37259582,0.37467748,0.37675434,0.3788299,0.38090792,0.38299206,0.385086,0.3871934,0.389318,0.39146334,0.39363325,0.39583132,0.39806122,0.40032667,0.40247056,0.40434226,0.4059552,0.4073227,0.40845823,0.40937513,0.41008678,0.41060662,0.41094792,0.41112417,0.4111487,0.4110349,0.4107962,0.41044596,0.40999752
0.3067308,0.30656096,0.30641812,0.3063066,0.30623052,0.30619434,0.3062021,0.3062583,0.30636698,0.30653256,0.30675918,0.30705124,0.3074129,0.30784845,0.30836225,0.30895835,0.30964118,0.31030494,0.31084925,0.31128648,0.311629,0.31188905,0.31207922,0.3122116,0.3122987,0.3123529,0.31238642,0.3124118,0.31244123,0.3124872,0.31256196,0.31267792,0.31284735,0.3130828,0.31339642,0.3138007,0.314308,0.31493056,0.3156808,0.31657106,0.31761375,0.31882125,0.32020572,0.32177982,0.32355565,0.32554564,0.32776222,0.33021766,0.3329244,0.33571613,0.33842108,0.34104368,0.34358805,0.3460586,0.34845945,0.35079497,0.35306934,0.35528693,0.35745192,0.3595686,0.36164117,0.363674,0.3656713,0.36763734,0.3695763,0.37149262,0.37339044,0.37527406,0.37714776,0.3790157,0.38088226,0.38275164,0.38462812,0.386516,0.3884195,0.39034292,0.3922905,0.39426643,0.3962751,0.39832067,0.40040752,0.40238667,0.4041145,0.40560347,0.4068659,0.4079142,0.40876052,0.40941745,0.4098973,0.41021246,0.41037512,0.4103978,0.41029274,0.41007245,0.4097491,0.40933514
0.30883262,0.30863923,0.30847657,0.30834952,0.30826294,0.3082216,0.30823064,0.3082945,0.30841827,0.3086068,0.30886495,0.30919755,0.30960935,0.31010538,0.3106905,0.31136933,0.31214696,0.312917,0.31357744,0.31413966,0.3146149,0.31501457,0.31535003,0.3156326,0.31587356,0.31608433,0.31627625,0.31646046,0.31664857,0.31685182,0.31708142,0.3173489,0.31766543,0.31804243,0.31849125,0.31902328,0.31964967,0.32038188,0.3212313,0.32220915,0.32332683,0.32459566,0.32602698,0.32763213,0.32942247,0.33140925,0.33360392,0.3360177,0.33866212,0.34137446,0.34398818,0.34650797,0.34893873,0.35128543,0.3535527,0.35574567,0.35786897,0.35992756,0.3619263,0.3638699,0.3657634,0.36761162,0.36941937,0.3711915,0.37293288,0.37464833,0.3763428,0.37802112,0.37968802,0.38134846,0.38300735,0.38466942,0.38633952,0.38802272,0.38972363,0.39144722,0.39319834,0.39498177,0.39680246,0.3986652,0.4005749,0.40239063,0.40397587,0.40534192,0.40650013,0.40746185,0.40823838,0.40884113,0.4092813,0.4095705,0.40971977,0.40974045,0.40964413,0.40944195,0.40914536,0.40876555
0.31094953,0.31073248,0.3105499,0.3104073,0.31031007,0.31026375,0.31027374,0.31034553,0.3104845,0.3106961,0.31098586,0.3113592,0.31182155,0.31237826,0.31303507,0.31379715,0.31467003,0.3155468,0.31632382,0.31701133,0.31761965,0.31815916,0.3186402,0.319073,0.319468,0.31983542,0.32018566,0.32052898,0.32087582,0.32123637,0.32162097,0.32204008,0.32250383,0.32302278,0.32360706,0.32426697,0.32501295,0.32585534,0.32680437,0.32787046,0.32906386,0.3303949,0.33187395,0.33351132,0.33531734,0.3373022,0.33947656,0.34185028,0.3444341,0.34706903,0.34959322,0.352012,0.3543308,0.35655522,0.35869062,0.36074242,0.36271614,0.36461708,0.36645094,0.36822298,0.36993876,0.3716036,0.373223,0.37480256,0.37634745,0.37786338,0.37935567,0.38082984,0.3822912,0.3837453,0.3851976,0.38665357,0.38811862,0.38959816,0.3910977,0.39262265,0.39417854,0.39577067,0.39740473,0.39908588,0.4008198,0.40247348,0.4039172,0.40516126,0.40621606,0.40709198,0.40779924,0.40834814,0.4087491,0.4090123,0.40914825,0.4091672,0.40907946,0.4088954,0.40862513,0.4082793
0.31307977,0.31283888,0.3126363,0.31247804,0.31237018,0.31231883,0.31232992,0.3124095,0.31256372,0.31279862,0.31312013,0.3135344,0.31404746,0.31466532,0.31539407,0.3162397,0.31720835,0.3181923,0.31908622,0.31989932,0.32064098,0.32132053,0.32194728,0.3225305,0.32307962,0.3236038,0.3241125,0.32461497,0.3251205,0.32563856,0.3261783,0.32674915,0.32736027,0.3280212,0.3287411,0.32952935,0.3303953,0.33134827,0.33239743,0.3335523,0.3348221,0.3362161,0.33774373,0.33941424,0.341237,0.34322125,0.3453764,0.3477116,0.3502365,0.35279563,0.35523182,0.35755107,0.35975948,0.3618631,0.36386788,0.36577985,0.36760533,0.36935002,0.3710202,0.37262183,0.3741609,0.37564358,0.37707588,0.37846386,0.37981337,0.38113075,0.38242197,0.38369292,0.38494986,0.3861987,0.3874455,0.38869637,0.38995734,0.3912344,0.3925336,0.39386103,0.39522275,0.3966248,0.3980733,0.39957404,0.40113333,0.40262604,0.4039292,0.40505219,0.40600434,0.40679497,0.4074333,0.40792876,0.40829068,0.40852833,0.40865108,0.4086682,0.40858892,0.4084227,0.4081789,0.4078667
0.3152218,0.314957,0.31473428,0.31456032,0.31444174,0.31438527,0.31439745,0.31448495,0.31465447,0.31491262,0.3152661,0.31572145,0.31628543,0.31696454,0.31776565,0.3186952,0.3197599,0.32085145,0.32186255,0.3228016,0.32367682,0.32449657,0.32526916,0.32600296,0.32670617,0.32738727,0.32805446,0.32871613,0.3293806,0.3300561,0.33075106,0.33147374,0.33223242,0.33303553,0.33389133,0.3348081,0.33579433,0.33685815,0.338008,0.33925202,0.3405987,0.34205636,0.34363332,0.3453378,0.34717825,0.34916285,0.35130006,0.3535981,0.3560652,0.35855004,0.36089966,0.3631207,0.36521998,0.3672039,0.36907935,0.37085283,0.37253103,0.3741206,0.37562814,0.37706038,0.3784239,0.3797254,0.3809715,0.38216886,0.3833241,0.38444388,0.38553482,0.38660365,0.38765693,0.3887014,0.38974363,0.39079025,0.391848,0.39292347,0.39402333,0.39515418,0.39632276,0.39753556,0.39879936,0.40012085,0.40150654,0.4028392,0.40400267,0.40500528,0.40585542,0.40656126,0.4071312,0.4075736,0.40789673,0.40810886,0.40821847,0.4082337,0.40816295,0.40801466,0.40779683,0.40751815
0.31737357,0.31708476,0.3168419,0.3166522,0.31652296,0.3164613,0.31647456,0.31657004,0.31675488,0.31703648,0.3174219,0.31791848,0.31853357,0.31927425,0.3201478,0.3211616,0.3223228,0.32352227,0.32465082,0.32571596,0.32672495,0.32768503,0.32860363,0.32948804,0.33034554,0.3311835,0.33200932,0.33283022,0.33365354,0.3344867,0.33533686,0.33621147,0.33711785,0.3380633,0.33905515,0.34010077,0.34120744,0.34238243,0.34363317,0.34496692,0.34639108,0.34791294,0.3495397,0.3512789,0.35313776,0.35512364,0.35724378,0.35950562,0.36191642,0.36432806,0.36659223,0.36871636,0.37070742,0.37257287,0.37432,0.37595588,0.3774878,0.3789231,0.38026902,0.38153276,0.38272157,0.3838427,0.38490343,0.38591102,0.38687262,0.3877957,0.38868716,0.38955462,0.3904051,0.39124593,0.39208433,0.39292753,0.39378285,0.39465755,0.39555874,0.3964938,0.39746997,0.39849442,0.39957452,0.40071744,0.40193042,0.4031039,0.40412843,0.40501133,0.40575987,0.4063814,0.40688333,0.40727288,0.40755734,0.40774423,0.4078407,0.40785414,0.40779185,0.40766117,0.40746945,0.40722406
0.31953353,0.3192207,0.3189576,0.31875205,0.31861207,0.31854528,0.31855962,0.3186631,0.3188633,0.31916833,0.31958586,0.32012385,0.3207901,0.32159242,0.32253882,0.32363707,0.3248949,0.32620248,0.32744887,0.3286403,0.32978314,0.3308837,0.33194843,0.33298346,0.3339953,0.33499038,0.33597478,0.33695492,0.33793724,0.338928,0.3399335,0.34096017,0.34201425,0.34310222,0.34423023,0.3454048,0.34663215,0.3479186,0.3492705,0.3506944,0.35219628,0.35378277,0.35546008,0.35723448,0.35911244,0.36110026,0.36320427,0.36543074,0.3677861,0.3701256,0.37230533,0.3743333,0.37621722,0.37796497,0.37958455,0.38108364,0.38247016,0.38375202,0.384937,0.38603294,0.38704774,0.3879893,0.38886532,0.38968372,0.3904525,0.39117938,0.39187217,0.39253876,0.3931871,0.3938249,0.3944601,0.3951006,0.39575407,0.39642856,0.39713192,0.39787185,0.39865616,0.399493,0.40039003,0.401355,0.40239608,0.40341103,0.40429726,0.40506092,0.40570837,0.40624592,0.40668008,0.40701696,0.40726307,0.40742466,0.4075081,0.40751976,0.4074659,0.40735286,0.407187,0.40697473
0.32169986,0.32136294,0.32107952,0.3208582,0.32070735,0.32063547,0.32065102,0.32076234,0.32097805,0.3213065,0.32175624,0.32233566,0.32305324,0.32391748,0.32493675,0.32611954,0.3274744,0.32889035,0.3302546,0.33157247,0.33284932,0.33409047,0.3353013,0.33648714,0.33765346,0.33880547,0.33994853,0.34108803,0.34222934,0.34337774,0.34453866,0.3457174,0.34691936,0.3481498,0.34941417,0.35071778,0.35206592,0.3534641,0.35491756,0.3564316,0.3580117,0.35966307,0.36139125,0.36320144,0.365099,0.36708936,0.36917776,0.37136963,0.37367034,0.37593842,0.37803447,0.37996703,0.38174447,0.38337532,0.38486797,0.38623098,0.38747272,0.3886017,0.38962626,0.390555,0.39139637,0.3921588,0.3928507,0.39348063,0.39405695,0.3945881,0.39508268,0.39554903,0.39599562,0.396431,0.39686355,0.39730167,0.39775395,0.39822868,0.39873454,0.39927986,0.39987308,0.4005227,0.4012372,0.402025,0.40289453,0.40375158,0.40449986,0.40514463,0.4056914,0.4061454,0.40651187,0.4067964,0.40700424,0.40714064,0.40721112,0.40722087,0.40717536,0.40708,0.40693992,0.4067607
0.32387084,0.32350975,0.3232061,0.32296896,0.32280722,0.32273018,0.3227468,0.32286614,0.3230973,0.32344937,0.32393128,0.3245522,0.3253212,0.32624736,0.32733962,0.32860723,0.3300591,0.3315836,0.33306584,0.3345103,0.33592123,0.33730307,0.3386602,0.33999684,0.34131753,0.3426266,0.34392837,0.34522724,0.34652752,0.34783363,0.34914997,0.35048085,0.35183066,0.35320374,0.35460445,0.3560373,0.35750642,0.3590164,0.36057144,0.362176,0.36383444,0.36555114,0.36733037,0.36917663,0.37109414,0.37308747,0.37516078,0.37731853,0.37956512,0.3817623,0.3837753,0.38561293,0.38728443,0.38879883,0.39016515,0.39139244,0.3924898,0.39346635,0.3943311,0.39509305,0.39576134,0.39634505,0.39685327,0.3972949,0.3976792,0.3980151,0.39831182,0.39857826,0.3988236,0.3990568,0.39928696,0.39952317,0.3997745,0.40005004,0.40035877,0.40070978,0.4011122,0.4015751,0.40210736,0.4027183,0.40341687,0.40411633,0.40472707,0.40525332,0.40569955,0.40607005,0.40636918,0.4066014,0.40677097,0.40688235,0.40693992,0.40694788,0.40691075,0.40683287,0.40671858,0.40657222
0.3260447,0.32565948,0.32533553,0.32508245,0.32490996,0.32482776,0.32484546,0.32497287,0.32521945,0.32559496,0.32610926,0.32677174,0.32759222,0.32858032,0.32974574,0.3310981,0.33264717,0.33428028,0.3358807,0.33745173,0.3389968,0.34051937,0.3420227,0.3435102,0.3449854,0.34645152,0.34791195,0.34937018,0.35082957,0.35229337,0.35376513,0.35524812,0.3567458,0.35826164,0.35979885,0.36136085,0.36295107,0.3645729,0.3662297,0.36792493,0.36966184,0.37144384,0.37327448,0.375157,0.37709478,0.37909117,0.38114974,0.38327372,0.3854665,0.3875933,0.3895234,0.39126652,0.3928324,0.39423057,0.39547086,0.39656276,0.39751607,0.39834046,0.3990455,0.39964098,0.40013656,0.40054178,0.40086648,0.4011202,0.40131268,0.4014536,0.40155256,0.40161934,0.40166354,0.40169486,0.40172288,0.40175748,0.4018081,0.40188447,0.40199637,0.4021535,0.40236524,0.40264156,0.40299207,0.40342632,0.40395412,0.40449625,0.40496963,0.40537754,0.4057234,0.4060106,0.40624246,0.40642238,0.40655386,0.4066402,0.40668476,0.40669104,0.40666223,0.40660185,0.40651327,0.40639988
0.32821983,0.3278104,0.3274661,0.3271971,0.32701382,0.3269264,0.3269453,0.32708064,0.32734275,0.32774186,0.32828838,0.32899243,0.32986438,0.3309145,0.332153,0.3335903,0.33523652,0.33697832,0.3386968,0.34039456,0.34207392,0.3437371,0.34538668,0.3470251,0.3486547,0.3502779,0.3518971,0.35351467,0.35513306,0.3567546,0.35838187,0.36001706,0.36166272,0.3633211,0.3649948,0.36668605,0.3683974,0.37013113,0.37188977,0.37367553,0.37549105,0.37733853,0.37922058,0.38113943,0.38309747,0.38509724,0.387141,0.38923132,0.39137048,0.39342692,0.39527437,0.3969232,0.39838353,0.39966574,0.40077996,0.40173665,0.40254596,0.4032183,0.40376392,0.40419298,0.40451577,0.40474266,0.40488404,0.40494984,0.40495065,0.40489653,0.40479806,0.4046652,0.40450838,0.40433788,0.4041639,0.40399683,0.4038469,0.40372425,0.40363944,0.4036026,0.40362394,0.40371373,0.40388235,0.4041402,0.4044973,0.40488225,0.4052183,0.40550804,0.40575355,0.40595752,0.40612212,0.40624988,0.40634322,0.40640455,0.4064362,0.40644062,0.40642014,0.40637726,0.4063144,0.40623388
0.33039427,0.32996067,0.32959607,0.32931122,0.3291171,0.32902455,0.32904452,0.32918784,0.3294654,0.32988816,0.33046687,0.3312125,0.33213592,0.333248,0.3345597,0.33608186,0.3378253,0.33967566,0.34151235,0.3433367,0.3451501,0.34695405,0.34875,0.35053927,0.35232326,0.35410357,0.35588148,0.3576584,0.3594358,0.36121514,0.36299777,0.36478513,0.36657867,0.3683798,0.37018993,0.37201047,0.37384284,0.3756885,0.37754884,0.37942532,0.3813193,0.3832323,0.38516563,0.38712075,0.38909912,0.39110208,0.39313114,0.39518774,0.39727315,0.39925924,0.40102398,0.40257832,0.40393308,0.40509912,0.40608743,0.40690875,0.40757406,0.40809432,0.4084803,0.40874285,0.408893,0.4089415,0.4088993,0.40877727,0.40858635,0.40833732,0.40804118,0.40770864,0.40735078,0.40697846,0.4066024,0.40623367,0.405883,0.40556148,0.40527976,0.40504894,0.40487978,0.4047831,0.40476996,0.4048511,0.40503752,0.4052652,0.405464,0.40563533,0.4057806,0.40590116,0.40599856,0.40607417,0.40612933,0.40616563,0.40618435,0.40618694,0.40617484,0.4061495,0.40611234,0.4060647
0.3325664,0.3321087,0.33172375,0.33142304,0.3312181,0.33112043,0.3311415,0.3312928,0.33158585,0.33203214,0.3326431,0.3334302,0.3344051,0.33557916,0.3369639,0.33857077,0.34041137,0.34237027,0.3443251,0.34627596,0.3482235,0.35016814,0.35211024,0.35405037,0.3559889,0.35792616,0.35986283,0.36179912,0.36373553,0.36567253,0.3676106,0.36955014,0.37149155,0.37343532,0.37538186,0.37733158,0.37928498,0.38124248,0.38320452,0.38517153,0.38714394,0.3891222,0.39110672,0.39309803,0.3950964,0.3971025,0.39911655,0.4011391,0.40317056,0.40508598,0.40676773,0.40822738,0.40947622,0.41052595,0.41138792,0.4120738,0.41259488,0.41296273,0.4131889,0.4132849,0.413262,0.41313198,0.41290605,0.41259596,0.41221306,0.41176885,0.4112749,0.41074264,0.41018352,0.4096091,0.40903085,0.4084603,0.40790886,0.40738803,0.40690932,0.40648434,0.40612444,0.40584117,0.40564597,0.40555033,0.4055658,0.40563604,0.40569738,0.40575024,0.405795,0.40583226,0.4058622,0.40588564,0.40590262,0.4059138,0.40591958,0.4059204,0.40591663,0.40590882,0.40589735,0.4058827
0.33473456,0.3342527,0.3338474,0.3335309,0.33331516,0.33321235,0.33323455,0.33339375,0.33370227,0.334172,0.3348152,0.33564386,0.33667004,0.33790597,0.33936366,0.34105518,0.34299278,0.34506014,0.34713283,0.34921026,0.35129187,0.35337704,0.35546544,0.35755634,0.3596492,0.36174357,0.36383882,0.36593446,0.36802986,0.37012458,0.3722181,0.37430972,0.37639892,0.37848532,0.38056815,0.38264704,0.38472134,0.38679057,0.38885406,0.39091143,0.3929621,0.39500543,0.39704093,0.39906806,0.40108618,0.40309492,0.4050936,0.4070817,0.40905875,0.41090298,0.41250122,0.41386566,0.41500828,0.4159412,0.41667655,0.41722643,0.41760284,0.4178181,0.41788402,0.41781294,0.41761678,0.41730773,0.41689795,0.41639936,0.41582423,0.4151845,0.41449246,0.41376004,0.41299936,0.41222253,0.41144174,0.41066903,0.40991646,0.4091961,0.40852013,0.40790063,0.40734968,0.4068793,0.40650174,0.406229,0.4060732,0.40598565,0.40590924,0.4058433,0.40578753,0.40574113,0.40570366,0.4056746,0.4056534,0.40563944,0.4056322,0.40563124,0.40563592,0.40564564,0.40565994,0.4056782
0.33689678,0.33639088,0.33596542,0.335633,0.33540654,0.33529854,0.33532187,0.33548912,0.33581296,0.3363062,0.33698148,0.33785152,0.338929,0.34022668,0.34175718,0.34353328,0.34556758,0.34774318,0.34993365,0.35213745,0.35435295,0.3565787,0.35881314,0.3610548,0.3633021,0.3655534,0.3678073,0.37006223,0.37231663,0.374569,0.3768178,0.3790615,0.38129845,0.3835273,0.38574645,0.3879543,0.39014938,0.3923301,0.39449498,0.39664248,0.398771,0.4008791,0.40296516,0.40502772,0.40706518,0.4090761,0.41105878,0.41301188,0.41493368,0.41670606,0.4182201,0.4194887,0.42052442,0.42133993,0.42194793,0.42236128,0.4225926,0.4226545,0.42255977,0.42232108,0.42195112,0.42146268,0.42086834,0.42018095,0.419413,0.41857734,0.4176867,0.41675365,0.415791,0.4148114,0.41382757,0.41285223,0.41189808,0.41097775,0.410104,0.4092895,0.40854698,0.40788922,0.40732875,0.4068784,0.4065508,0.40630496,0.4060903,0.4059053,0.40574858,0.4056183,0.4055131,0.4054315,0.40537196,0.4053328,0.40531254,0.4053098,0.40532285,0.40535024,0.40539032,0.40544176
0.33905157,0.3385216,0.3380759,0.3377278,0.3374906,0.33737746,0.33740184,0.33757702,0.33791625,0.33843288,0.3391402,0.34005153,0.34118015,0.34253946,0.34414256,0.34600288,0.34813374,0.3504174,0.3527254,0.35505536,0.35740468,0.35977083,0.3621513,0.36454362,0.36694518,0.36935344,0.37176597,0.3741802,0.37659347,0.37900347,0.3814075,0.3838032,0.38618788,0.38855907,0.3909143,0.393251,0.3955666,0.39785865,0.40012455,0.40236178,0.4045679,0.40674037,0.40887654,0.41097397,0.41303015,0.41504255,0.41700855,0.4189257,0.4207915,0.4224911,0.42392007,0.42509192,0.42601988,0.4267171,0.42719716,0.4274732,0.4275585,0.42746645,0.42721033,0.42680344,0.426259,0.42559046,0.424811,0.423934,0.42297283,0.4219406,0.4208507,0.4197165,0.41855124,0.41736826,0.41618085,0.4150023,0.4138459,0.412725,0.41165286,0.41064283,0.4097082,0.40886223,0.4081183,0.40748963,0.4069896,0.40658483,0.40623143,0.40592685,0.4056687,0.40545428,0.40528128,0.40514684,0.40504873,0.40498427,0.404951,0.40494636,0.4049678,0.4050129,0.40507907,0.40516374
0.34119695,0.34064308,0.3401773,0.3398134,0.33956546,0.3394473,0.3394727,0.33965588,0.34001037,0.3405504,0.34128967,0.34224212,0.34342173,0.34484237,0.3465179,0.34846222,0.35068932,0.3530806,0.35550597,0.35796192,0.36044484,0.36295128,0.36547765,0.3680205,0.3705762,0.37314144,0.37571245,0.37828586,0.3808581,0.38342556,0.3859849,0.3885324,0.3910647,0.39357817,0.39606935,0.39853457,0.40097058,0.40337363,0.4057402,0.40806696,0.41035014,0.4125864,0.41477206,0.41690376,0.41897786,0.42099088,0.4229393,0.42481956,0.4266282,0.42825377,0.42959666,0.4306707,0.4314898,0.432068,0.43241894,0.43255678,0.43249524,0.4322483,0.4318299,0.43125385,0.43053427,0.42968473,0.42871946,0.42765212,0.4264968,0.4252673,0.42397752,0.4226414,0.42127284,0.4198857,0.41849396,0.4171115,0.4157521,0.41442996,0.41315874,0.41195244,0.41082487,0.40979004,0.40886176,0.408054,0.40738067,0.4068162,0.4063234,0.4058987,0.4055386,0.40523967,0.40499827,0.40481088,0.40467396,0.4045841,0.4045377,0.40453124,0.40456125,0.40462407,0.40471628,0.40483433
0.3433313,0.3427536,0.34226775,0.3418882,0.34162962,0.34150636,0.34153295,0.34172386,0.3420937,0.34265694,0.34342802,0.34442148,0.34565184,0.3471336,0.3488813,0.3509093,0.3532323,0.3557309,0.35827324,0.3608549,0.36347124,0.36611775,0.36878988,0.37148324,0.37419316,0.3769151,0.3796446,0.38237718,0.3851082,0.38783312,0.39054757,0.3932469,0.3959266,0.3985822,0.40120906,0.40380278,0.40635872,0.4088725,0.41133943,0.413755,0.41611484,0.4184143,0.42064884,0.4228139,0.4249051,0.4269178,0.42884752,0.43068966,0.4324398,0.43399,0.43524548,0.4362205,0.4369296,0.43738735,0.43760815,0.43760654,0.43739715,0.43699437,0.4364127,0.43566662,0.43477073,0.43373945,0.43258724,0.43132874,0.42997834,0.4285507,0.42706016,0.42552117,0.42394847,0.4223564,0.42075947,0.41917217,0.41760916,0.41608474,0.4146135,0.41320992,0.41188857,0.41066393,0.40955046,0.40856266,0.40771508,0.40698996,0.40635687,0.40581137,0.40534887,0.40496477,0.40465468,0.40441397,0.40423813,0.4041227,0.4040631,0.40405485,0.40409333,0.40417403,0.4042925,0.40444416
0.34545293,0.34485143,0.34434563,0.34395054,0.34368128,0.34355292,0.34358063,0.34377939,0.34416443,0.34475082,0.34555358,0.34658787,0.34786877,0.34941143,0.35123083,0.35334224,0.35576063,0.35836616,0.3610253,0.36373225,0.36648178,0.36926815,0.37208593,0.37492958,0.3777935,0.38067222,0.38356006,0.3864517,0.3893415,0.39222386,0.39509332,0.39794427,0.40077126,0.4035687,0.4063312,0.40905306,0.41172868,0.41435272,0.41691947,0.41942355,0.42185923,0.42422116,0.42650366,0.42870137,0.4308085,0.43281987,0.43472952,0.4365323,0.4382224,0.43969584,0.4408622,0.44173673,0.4423344,0.44267038,0.44275975,0.4426175,0.44225895,0.4416991,0.4409529,0.44003555,0.43896228,0.43774801,0.43640804,0.43495718,0.43341082,0.43178385,0.4300915,0.42834893,0.42657092,0.4247729,0.42296976,0.4211767,0.41940886,0.4176813,0.416009,0.41440734,0.4128911,0.4114755,0.4101758,0.40900683,0.40798387,0.40709704,0.40632284,0.40565562,0.4050899,0.40462026,0.40424097,0.40394658,0.40373155,0.40359035,0.40351745,0.4035073,0.40355438,0.40365314,0.403798,0.40398347
0.34755993,0.3469349,0.3464092,0.3459986,0.34571874,0.3455854,0.34561417,0.34582075,0.34622088,0.34683028,0.34766454,0.34873945,0.35007066,0.3516739,0.35356474,0.35575905,0.35827237,0.36098436,0.3637597,0.36659184,0.36947417,0.3724003,0.37536347,0.3783573,0.38137516,0.3844104,0.38745666,0.3905073,0.3935557,0.3965953,0.39961973,0.40262228,0.4055964,0.40853557,0.41143328,0.41428292,0.41707784,0.41981173,0.4224778,0.4250696,0.42758054,0.43000418,0.43233383,0.43456298,0.43668514,0.43869364,0.44058195,0.4423436,0.44397193,0.44536674,0.44644246,0.4472148,0.44769946,0.44791207,0.4478684,0.44758415,0.447075,0.44635656,0.44544464,0.4443549,0.44310284,0.44170448,0.44017538,0.43853107,0.43678746,0.43496013,0.43306488,0.43111718,0.42913294,0.42712784,0.42511743,0.4231175,0.42114368,0.41921178,0.4173374,0.41553622,0.413824,0.41221637,0.410729,0.4093777,0.40817806,0.40712833,0.40621185,0.40542212,0.40475246,0.40419644,0.40374753,0.4033991,0.40314457,0.40297744,0.40289113,0.40287915,0.40293485,0.40305167,0.40322322,0.40344277
0.3496507,0.34900215,0.34845677,0.34803072,0.34774032,0.34760192,0.34763178,0.34784618,0.3482614,0.3488936,0.34975925,0.35087457,0.3522557,0.3539192,0.3558811,0.35815784,0.3607656,0.3635835,0.36647463,0.36943147,0.37244642,0.3755119,0.37862036,0.3817641,0.38493577,0.3881276,0.39133203,0.39454156,0.3977485,0.4009454,0.4041246,0.40727854,0.4103996,0.41348016,0.41651288,0.4194899,0.42240378,0.42524698,0.42801175,0.43069068,0.43327606,0.43576047,0.43813622,0.44039574,0.44253144,0.4445357,0.4464011,0.44811982,0.44968456,0.4509987,0.4519818,0.45265016,0.45301992,0.45310757,0.4529292,0.4525012,0.45183986,0.45096144,0.44988215,0.44861838,0.4471864,0.44560245,0.4438828,0.44204372,0.44010156,0.43807253,0.435973,0.43381917,0.43162733,0.42941386,0.42719486,0.42498678,0.42280576,0.42066827,0.41859037,0.41658854,0.41467887,0.41287786,0.4112016,0.4096665,0.40828875,0.40707472,0.4060148,0.4051015,0.40432706,0.40368402,0.4031648,0.40276188,0.4024675,0.40227422,0.40217438,0.40216053,0.40222493,0.40236014,0.40255848,0.4028124
0.35172346,0.35105154,0.3504865,0.3500452,0.34974438,0.349601,0.34963194,0.34985402,0.35028413,0.35093915,0.3518359,0.35299134,0.35442218,0.3561455,0.35817802,0.36053666,0.36323822,0.3661614,0.36916786,0.37224904,0.37539622,0.3786009,0.38185427,0.3851479,0.38847318,0.39182138,0.39518395,0.39855224,0.4019177,0.4052716,0.40860543,0.41191062,0.41517842,0.4184003,0.42156753,0.42467168,0.427704,0.43065593,0.43351874,0.43628418,0.43894306,0.4414872,0.44390795,0.44619638,0.4483443,0.45034286,0.45218343,0.4538574,0.4553563,0.45658755,0.45747587,0.45803815,0.45829117,0.45825177,0.45793685,0.45736325,0.4565481,0.4555079,0.4542597,0.45282033,0.4512067,0.44943556,0.44752398,0.44548854,0.44334638,0.44111428,0.43880907,0.4364476,0.43404678,0.43162343,0.4291945,0.42677692,0.42438734,0.4220428,0.41975996,0.41755608,0.4154476,0.41345158,0.41158488,0.4098645,0.40830696,0.40692717,0.4057225,0.40468442,0.40380418,0.4030734,0.40248322,0.40202522,0.40169072,0.40147105,0.40135753,0.40134177,0.40141502,0.40156865,0.40179408,0.40208262
0.35377645,0.35308135,0.35249686,0.3520403,0.35172907,0.3515808,0.35161275,0.3518425,0.35228744,0.35296506,0.35389274,0.355088,0.35656825,0.358351,0.36045358,0.3628935,0.36568832,0.36871612,0.3718374,0.37504244,0.37832144,0.3816649,0.3850631,0.38850638,0.39198515,0.39548954,0.39901015,0.4025371,0.40606093,0.40957186,0.41306022,0.41651627,0.41993064,0.4232934,0.426595,0.42982575,0.43297598,0.43603608,0.43899637,0.4418471,0.44457868,0.4471815,0.44964588,0.4519621,0.4541205,0.45611155,0.45792535,0.45955244,0.4609831,0.46212912,0.46292034,0.46337435,0.4635082,0.46333972,0.4628863,0.46216518,0.46119407,0.4599903,0.4585714,0.45695463,0.45515758,0.4531977,0.4510923,0.44885916,0.44651523,0.44407845,0.441566,0.4389954,0.43638402,0.4337495,0.43110913,0.42848027,0.42588058,0.4233274,0.42083818,0.41843042,0.41612154,0.41392902,0.41187027,0.40996265,0.40822378,0.40667644,0.40532565,0.4041616,0.40317455,0.402355,0.4016933,0.40117964,0.40080452,0.4005581,0.400431,0.4004133,0.40049538,0.4006677,0.40092045,0.40124404
0.3558079,0.3550898,0.354486,0.35401428,0.35369283,0.35353962,0.35357267,0.35380998,0.35426965,0.35496968,0.35592806,0.35716286,0.35869208,0.36053383,0.36270598,0.3652266,0.36811382,0.37124568,0.3744811,0.3778095,0.38121998,0.3847019,0.38824457,0.39183724,0.39546928,0.3991299,0.40280828,0.40649384,0.4101759,0.41384363,0.41748625,0.42109329,0.42465383,0.42815724,0.43159273,0.43494964,0.4382172,0.44138482,0.44444162,0.44737703,0.4501802,0.45284048,0.45534718,0.45768955,0.45985684,0.4618383,0.46362334,0.46520117,0.4665611,0.46761915,0.46831077,0.46865392,0.46866652,0.4683666,0.4677723,0.46690166,0.46577263,0.4644031,0.46281138,0.46101534,0.459033,0.4568825,0.45458177,0.45214874,0.44960153,0.4469583,0.44423693,0.4414554,0.4386319,0.43578428,0.43293074,0.43008924,0.4272776,0.4245142,0.42181686,0.41920364,0.4166925,0.41430163,0.41204894,0.40995243,0.4080302,0.4063137,0.404815,0.4035236,0.40242863,0.40151948,0.4007853,0.40021548,0.39979935,0.39952606,0.39938492,0.39936528,0.39945638,0.39964747,0.39992794,0.40028697
0.35781613,0.35707527,0.35645223,0.35596555,0.35563385,0.35547578,0.35550985,0.35575476,0.35622898,0.35695124,0.35794014,0.3592141,0.36079186,0.36269206,0.3649332,0.36753392,0.37051278,0.37374786,0.37709686,0.380548,0.38408953,0.38770965,0.39139655,0.39513838,0.3989235,0.40274,0.4065762,0.41042015,0.41426024,0.41808465,0.42188156,0.4256392,0.42934567,0.4329894,0.43655834,0.44004098,0.44342536,0.44669962,0.44985223,0.45287126,0.45574477,0.45846134,0.46100885,0.46337566,0.46554992,0.4675199,0.46927387,0.4707999,0.47208628,0.47305375,0.47364283,0.47387245,0.47376108,0.47332737,0.4725898,0.4715671,0.47027785,0.46874055,0.46697387,0.4649965,0.46282685,0.46048373,0.4579855,0.455351,0.45259854,0.44974703,0.4468148,0.4438206,0.4407831,0.43772075,0.43465215,0.43159598,0.42857087,0.42559525,0.42268798,0.41986734,0.4171522,0.41456103,0.41211239,0.409825,0.40771738,0.40582958,0.40418145,0.40276125,0.4015571,0.40055716,0.39974982,0.39912316,0.39866546,0.39836487,0.39820972,0.39818808,0.3982883,0.39849854,0.39880687,0.39920175
0.35979933,0.3590359,0.3583938,0.35789236,0.3575505,0.35738763,0.35742274,0.3576751,0.35816377,0.35890812,0.35992715,0.36123997,0.3628659,0.36482397,0.36713353,0.36981353,0.37288326,0.37622073,0.3796826,0.38325596,0.38692805,0.3906859,0.39451662,0.39840743,0.40234545,0.40631777,0.41031152,0.41431388,0.4183119,0.42229274,0.4262436,0.43015164,0.43400383,0.4377874,0.44148952,0.44509715,0.4485977,0.451978,0.45522547,0.4583269,0.4612699,0.46404117,0.46662787,0.46901736,0.4711967,0.47315297,0.47487333,0.47634482,0.4775548,0.47842827,0.47891206,0.47902545,0.47878736,0.47821704,0.4773337,0.47615647,0.47470462,0.4729971,0.47105327,0.46889222,0.46653304,0.46399504,0.46129736,0.45845896,0.45549944,0.45243758,0.4492926,0.44608384,0.44283032,0.43955126,0.43626574,0.43299302,0.42975232,0.42656273,0.4234433,0.4204134,0.41749212,0.41469854,0.41205192,0.40957144,0.4072762,0.40521514,0.40341568,0.40186504,0.40055037,0.39945865,0.39857715,0.397893,0.39739335,0.39706513,0.39689568,0.39687213,0.3969815,0.39721096,0.3975477,0.39797878
0.3617558,0.36096996,0.36030912,0.35979292,0.35944104,0.3592734,0.35930955,0.35956925,0.36007234,0.36083847,0.3618873,0.36323866,0.3649122,0.36692774,0.36930493,0.3720635,0.37522322,0.37866217,0.38223624,0.38593122,0.38973334,0.3936285,0.3976028,0.4016423,0.4057329,0.40986088,0.41401207,0.41817257,0.42232838,0.4264656,0.4305703,0.4346284,0.43862596,0.44254902,0.44638374,0.45011598,0.45373183,0.4572174,0.46055862,0.46374166,0.46675244,0.469577,0.47220135,0.4746116,0.47679392,0.47873405,0.48041815,0.48183227,0.4829625,0.4837389,0.48411426,0.48410815,0.4837404,0.4830307,0.48199874,0.48066443,0.4790472,0.47716692,0.47504348,0.47269633,0.4701454,0.4674103,0.46451083,0.4614667,0.4582976,0.45502335,0.45166352,0.4482379,0.4447663,0.4412685,0.43776408,0.43427277,0.43081433,0.42740852,0.42407504,0.4208336,0.41770393,0.41470584,0.41185898,0.40918306,0.40669787,0.4044612,0.40250853,0.40082583,0.3993991,0.3982144,0.3972579,0.3965154,0.39597315,0.3956171,0.39543325,0.3954076,0.3955263,0.3957753,0.39614075,0.39660856
0.36368376,0.36287582,0.36219636,0.36166558,0.36130384,0.36113146,0.3611686,0.3614357,0.36195293,0.36274067,0.36381903,0.36520842,0.36692914,0.36900142,0.3714456,0.3742819,0.37753066,0.38107023,0.38475558,0.38857156,0.39250314,0.39653522,0.40065274,0.40484056,0.40908372,0.413367,0.41767547,0.421994,0.4263075,0.43060085,0.43485907,0.43906704,0.44320965,0.44727188,0.45123857,0.45509478,0.4588253,0.4624152,0.46584934,0.4691125,0.47218984,0.47506604,0.47772634,0.48015538,0.4823382,0.4842597,0.48590472,0.48725843,0.48830554,0.4889814,0.48924476,0.48911616,0.48861554,0.4877634,0.48657998,0.48508534,0.4833003,0.48124453,0.4789388,0.4764031,0.47365782,0.4707232,0.4676196,0.4643671,0.46098635,0.45749727,0.45392036,0.45027584,0.446584,0.4428651,0.43913943,0.43542725,0.43174902,0.4281248,0.42457488,0.4211197,0.41777936,0.41457433,0.41152477,0.40865105,0.40597337,0.4035588,0.40145075,0.39963412,0.39809388,0.39681497,0.39578232,0.39498085,0.3943954,0.39401093,0.3938125,0.39378485,0.39391303,0.39418182,0.3945763,0.39508128
0.36558154,0.3647517,0.3640538,0.36350867,0.36313716,0.36296007,0.36299822,0.36327252,0.3638038,0.3646128,0.36572045,0.36714748,0.36891484,0.3710433,0.37355366,0.3764668,0.3798036,0.3834428,0.38723868,0.39117494,0.3952354,0.3994039,0.4036642,0.40800014,0.4123955,0.41683406,0.42129952,0.4257759,0.4302469,0.43469617,0.43910775,0.44346532,0.4477526,0.4519535,0.45605177,0.4600313,0.4638757,0.4675689,0.47109476,0.474437,0.4775793,0.48050568,0.4831997,0.48564535,0.48782638,0.48972645,0.4913296,0.49261957,0.49357998,0.49415162,0.49429947,0.49404466,0.49340793,0.4924101,0.49107203,0.48941442,0.48745826,0.48522434,0.4827334,0.4800064,0.47706416,0.4739274,0.4706171,0.46715397,0.46355894,0.45985278,0.45605633,0.4521905,0.44827598,0.4443337,0.44038454,0.43644917,0.43254855,0.42870358,0.4249349,0.42126346,0.41771004,0.41429558,0.41104078,0.40796655,0.40509373,0.40249866,0.40023306,0.39828065,0.39662528,0.39525086,0.394141,0.39327955,0.39265034,0.39223722,0.39202386,0.39199415,0.3921319,0.39242086,0.39284477,0.39338756
0.3674473,0.36659583,0.36587974,0.36532035,0.36493915,0.36475742,0.36479667,0.36507815,0.3656232,0.3664533,0.36758983,0.36905408,0.37086752,0.3730514,0.37562725,0.3786163,0.38204002,0.38577786,0.3896833,0.3937391,0.39792797,0.40223235,0.40663508,0.41111875,0.41566604,0.42025957,0.42488202,0.429516,0.43414423,0.4387494,0.44331393,0.44782075,0.45225242,0.45659152,0.4608208,0.46492288,0.4688804,0.47267598,0.47629246,0.47971213,0.48291808,0.48589265,0.48861855,0.49107856,0.49325526,0.49513125,0.49668923,0.49791184,0.4987818,0.4992453,0.499274,0.49888936,0.49811292,0.49696594,0.49546984,0.49364597,0.4915157,0.4891004,0.48642153,0.48350033,0.48035824,0.47701672,0.47349694,0.4698205,0.46600872,0.4620828,0.45806432,0.45397463,0.44983494,0.44566682,0.4414916,0.43733066,0.43320525,0.42913693,0.4251469,0.42125675,0.4174876,0.413861,0.41039833,0.40712085,0.40405008,0.40127182,0.3988463,0.3967561,0.39498398,0.3935124,0.3923242,0.391402,0.39072835,0.39028612,0.3900577,0.39002585,0.39017332,0.3904827,0.39093655,0.39151764
0.36927935,0.36840653,0.3676725,0.3670991,0.36670834,0.3665221,0.3665623,0.36685076,0.36740953,0.36826044,0.36942545,0.3709264,0.3727853,0.37502396,0.37766436,0.38072845,0.384238,0.3880733,0.39208752,0.39626202,0.40057847,0.4050184,0.40956306,0.41419414,0.41889313,0.4236414,0.4284205,0.433212,0.43799737,0.442758,0.44747543,0.4521312,0.4567068,0.46118364,0.4655433,0.4697672,0.47383696,0.4777339,0.48143968,0.4849356,0.48820335,0.4912243,0.49398,0.4964519,0.49862152,0.5004704,0.50197995,0.5031316,0.5039071,0.50425816,0.5041636,0.50364554,0.50272566,0.5014259,0.4997683,0.49777478,0.49546716,0.49286732,0.4899973,0.48687896,0.4835341,0.47998482,0.47625285,0.47236028,0.4683289,0.46418065,0.45993745,0.45562115,0.4512539,0.44685718,0.4424534,0.438064,0.4337113,0.42941698,0.425203,0.42109123,0.41710368,0.41326216,0.4095887,0.40610516,0.4028334,0.39986914,0.39728126,0.39505106,0.39316028,0.3915903,0.3903225,0.38933858,0.3886199,0.3881479,0.38790432,0.38787034,0.38802764,0.38835773,0.38884193,0.38946196
0.37107596,0.37018207,0.36943033,0.36884314,0.3684429,0.36825216,0.36829332,0.36858878,0.369161,0.3700325,0.37122557,0.37276274,0.37466648,0.37695917,0.3796633,0.38280126,0.3863955,0.39032713,0.39444906,0.39874157,0.40318504,0.4077597,0.412446,0.4172241,0.42207447,0.42697734,0.43191296,0.43686172,0.4418039,0.44671986,0.45158988,0.45639426,0.46111336,0.46572742,0.4702168,0.47456187,0.47874284,0.48274007,0.48653385,0.49010456,0.49343237,0.49649775,0.49928096,0.5017623,0.5039221,0.50574064,0.5071982,0.5082752,0.5089519,0.5091862,0.5089643,0.5083085,0.50724125,0.5057851,0.5039624,0.50179553,0.4993071,0.49651945,0.493455,0.49013624,0.4865856,0.48282543,0.47887838,0.47476667,0.4705129,0.4661394,0.46166867,0.45712316,0.45252526,0.4478974,0.44326213,0.43864182,0.43405887,0.42953578,0.42509496,0.4207589,0.41654998,0.41249064,0.40860337,0.40491062,0.40143475,0.39828157,0.39552867,0.39315638,0.39114502,0.3894749,0.38812637,0.38707966,0.38631514,0.38581312,0.3855539,0.3855178,0.38568518,0.38603625,0.3865514,0.3872109
0.37272653,0.37181315,0.37104496,0.37044507,0.3700361,0.36984122,0.36988327,0.3701852,0.37076986,0.37166032,0.37287942,0.3744501,0.3763953,0.37873787,0.3815009,0.38470724,0.38837975,0.39240062,0.39662266,0.40102503,0.40558708,0.4102878,0.41510645,0.42002222,0.42501435,0.43006194,0.43514425,0.44024038,0.44532967,0.45039117,0.455404,0.4603476,0.46520093,0.4699433,0.4745538,0.4790117,0.48329625,0.48738647,0.49126157,0.49490088,0.49828348,0.5013885,0.5041953,0.50668293,0.5088306,0.51061755,0.512023,0.51302594,0.5136057,0.5137262,0.5133805,0.5125915,0.511382,0.5097751,0.5077938,0.5054608,0.50279915,0.49983183,0.49658167,0.49307173,0.48932475,0.48536378,0.4812117,0.47689152,0.47242606,0.46783844,0.46315125,0.45838788,0.45357087,0.44872323,0.44386804,0.43902814,0.43422642,0.4294859,0.42482936,0.4202799,0.4158603,0.41159362,0.4075027,0.40361053,0.39994004,0.39660653,0.39369622,0.3911882,0.3890619,0.38729626,0.38587058,0.38476396,0.38395578,0.3834251,0.38315102,0.38311285,0.38328978,0.38366097,0.38420552,0.38490275
0.3741298,0.3731997,0.3724175,0.3718066,0.37139022,0.37119168,0.37123457,0.37154198,0.37213734,0.37304407,0.3742854,0.37588483,0.37786552,0.380251,0.38306445,0.38632932,0.390069,0.39416653,0.398475,0.4029724,0.40763712,0.4124473,0.41738108,0.42241666,0.42753223,0.432706,0.4379161,0.44314075,0.44835818,0.45354643,0.4586839,0.4637485,0.46871865,0.47357243,0.47828808,0.48284376,0.48721758,0.49138778,0.49533272,0.4990303,0.5024587,0.5055964,0.50842136,0.5109118,0.5130459,0.5148019,0.5161579,0.5170922,0.51758295,0.5175994,0.51714116,0.5162314,0.51489365,0.5131511,0.5110274,0.50854564,0.5057291,0.5026013,0.49918562,0.49550515,0.4915836,0.48744398,0.48310986,0.47860447,0.47395128,0.4691735,0.46429458,0.4593379,0.4543266,0.4492842,0.44423407,0.43919957,0.43420374,0.4292704,0.4244226,0.4196838,0.41507724,0.4106264,0.40635452,0.40228495,0.3984412,0.39494705,0.39189652,0.38926777,0.38703895,0.3851882,0.38369384,0.38253403,0.38168684,0.3811306,0.38084328,0.3808033,0.3809888,0.38137782,0.38194865,0.3826794
0.37529784,0.37435377,0.37355977,0.37293962,0.3725169,0.3723155,0.3723589,0.37267098,0.37327537,0.37419575,0.37545592,0.3770793,0.37908995,0.3815114,0.38436744,0.3876816,0.3914777,0.39563996,0.40002167,0.40460014,0.40935257,0.41425645,0.4192889,0.42442736,0.429649,0.43493116,0.44025114,0.44558635,0.4509139,0.45621124,0.4614556,0.46662432,0.47169462,0.47664383,0.48144925,0.48608825,0.49053806,0.494776,0.49877933,0.5025254,0.50599146,0.50915486,0.51199293,0.5144829,0.51660204,0.51832783,0.51963717,0.52050775,0.5209168,0.5208387,0.5202785,0.51926017,0.51780725,0.5159436,0.51369274,0.51107854,0.50812453,0.5048547,0.50129235,0.4974615,0.49338573,0.48908877,0.48459426,0.47992593,0.47510755,0.47016272,0.46511513,0.45998862,0.4548068,0.44959342,0.44437206,0.43916652,0.43400046,0.42889765,0.42388174,0.41897637,0.41420537,0.40959236,0.4051611,0.40093514,0.39693838,0.39330238,0.3901281,0.38739258,0.38507324,0.38314745,0.3815925,0.38038552,0.3795039,0.37892506,0.37862617,0.37858456,0.37877753,0.3791824,0.37977636,0.38053685
0.3762429,0.37528723,0.37448356,0.37385583,0.373428,0.37322405,0.37326804,0.37358388,0.37419567,0.37512738,0.37640285,0.3780462,0.38008142,0.38253236,0.3854233,0.38877797,0.3926204,0.3968361,0.40127873,0.4059247,0.4107508,0.41573337,0.42084894,0.42607406,0.4313853,0.43675908,0.44217196,0.4476006,0.45302135,0.45841083,0.4637455,0.46900195,0.47415662,0.4791861,0.48406693,0.48877555,0.4932886,0.49758258,0.50163394,0.5054192,0.508915,0.51209766,0.51494396,0.51743025,0.51953316,0.5212291,0.5224946,0.52330637,0.5236407,0.52347666,0.52282476,0.52170914,0.5201537,0.5181823,0.5158192,0.5130881,0.5100132,0.5066184,0.50292784,0.49896526,0.4947548,0.4903204,0.48568618,0.480876,0.4759138,0.4708237,0.4656296,0.4603556,0.45502564,0.44966367,0.4442937,0.43893966,0.4336257,0.42837566,0.42321357,0.41816348,0.41324928,0.408495,0.4039248,0.3995624,0.3954319,0.39167193,0.38838923,0.3855603,0.3831619,0.38117042,0.37956232,0.3783142,0.37740257,0.37680387,0.37649482,0.3764518,0.37665132,0.37706995,0.37768424,0.3784707
0.37697715,0.37601238,0.37520096,0.3745672,0.37413523,0.37392938,0.3739738,0.37429264,0.3749103,0.37585086,0.37713858,0.37879768,0.38085246,0.38332692,0.38624555,0.38963234,0.39351165,0.39777002,0.40226176,0.40696278,0.41184908,0.41689613,0.42208013,0.42737666,0.43276185,0.4382114,0.44370124,0.44920713,0.45470497,0.46017063,0.46557993,0.4709088,0.47613293,0.48122835,0.4861709,0.4909363,0.4955005,0.49983943,0.50392866,0.5077445,0.5112624,0.5144583,0.51730824,0.5197879,0.52187324,0.52354,0.52476406,0.5255214,0.5257878,0.5255462,0.5248122,0.52361,0.5219638,0.5198977,0.51743597,0.51460284,0.51142263,0.5079194,0.5041175,0.5000412,0.49571437,0.49116167,0.48640716,0.48147494,0.47638935,0.47117463,0.4658549,0.46045443,0.4549974,0.4495082,0.44401082,0.43852964,0.4330888,0.42771256,0.42242512,0.41725072,0.41221362,0.40733793,0.4026479,0.3981679,0.3939219,0.39005467,0.38667825,0.38376877,0.38130197,0.37925357,0.37759963,0.37631586,0.37537825,0.37476256,0.37444466,0.3744004,0.37460557,0.37503618,0.37566802,0.3764769
0.37751266,0.37654096,0.37572372,0.37508547,0.37465036,0.37444308,0.3744878,0.37480894,0.37543103,0.3763784,0.37767532,0.3793463,0.3814158,0.38390806,0.38684762,0.39025873,0.39416587,0.39845687,0.40298676,0.40773088,0.4126645,0.4177629,0.42300138,0.4283552,0.43379954,0.4393098,0.4448614,0.45042938,0.4559891,0.46151593,0.46698502,0.47237182,0.47765142,0.48279923,0.4877905,0.49260062,0.49720463,0.5015781,0.5056961,0.5095339,0.5130669,0.51627046,0.5191196,0.5215898,0.5236564,0.52529454,0.5264796,0.5271867,0.5273913,0.52708024,0.52627325,0.52499443,0.5232686,0.5211199,0.5185727,0.51565146,0.5123804,0.50878435,0.50488734,0.50071377,0.49628818,0.49163496,0.48677853,0.48174304,0.4765531,0.47123313,0.46580738,0.4603004,0.45473635,0.44913992,0.44353524,0.4379469,0.4323992,0.4269165,0.4215233,0.41624397,0.41110283,0.40612435,0.40133289,0.3967528,0.39240858,0.38844988,0.38499373,0.38201547,0.37949035,0.37739354,0.37570047,0.37438643,0.37342665,0.37279636,0.37247095,0.3724256,0.37263563,0.3730765,0.3737232,0.3745512
0.37786177,0.37688524,0.3760639,0.37542248,0.37498525,0.37477684,0.37482172,0.37514463,0.3757697,0.37672174,0.37802514,0.37970445,0.38178417,0.38428885,0.38724297,0.39067107,0.3945976,0.39891174,0.40346944,0.40824547,0.41321462,0.41835177,0.4236317,0.42902914,0.434519,0.44007605,0.44567508,0.45129094,0.45689836,0.4624722,0.46798727,0.4734183,0.47874016,0.48392776,0.48895574,0.49379888,0.4984322,0.50283027,0.50696814,0.5108203,0.51436186,0.5175675,0.52041197,0.52287024,0.5249169,0.52652687,0.52767503,0.528336,0.5284847,0.52811146,0.52723986,0.5258942,0.5240991,0.521879,0.5192587,0.5162623,0.51291436,0.50923973,0.5052628,0.501008,0.49649978,0.49176288,0.48682156,0.4817006,0.47642428,0.4710173,0.46550393,0.45990893,0.4542568,0.44857192,0.44287884,0.43720213,0.4315662,0.42599577,0.42051512,0.41514897,0.40992168,0.4048579,0.39998195,0.39531857,0.39089215,0.38685688,0.38333392,0.38029814,0.3777241,0.3755868,0.373861,0.37252152,0.3715432,0.3709007,0.37056902,0.37052286,0.37073696,0.37118632,0.3718455,0.37268952
0.3780364,0.37705702,0.3762334,0.37559,0.37515152,0.3749425,0.3749876,0.37531137,0.3759383,0.3768931,0.37820032,0.3798846,0.38197035,0.3844824,0.38744518,0.3908833,0.3948214,0.39914984,0.40372556,0.40852308,0.4135167,0.4186809,0.42399007,0.42941862,0.43494108,0.4405317,0.44616497,0.45181528,0.45745707,0.4630648,0.46861276,0.4740755,0.47942734,0.48464265,0.48969603,0.4945618,0.49921423,0.503628,0.50777733,0.51163673,0.51518047,0.51838315,0.52121913,0.5236629,0.52568865,0.5272708,0.52838427,0.5290028,0.52910113,0.52867264,0.52774423,0.52634054,0.5244861,0.5222054,0.5195231,0.5164638,0.51305205,0.50931257,0.5052698,0.50094837,0.4963729,0.49156797,0.48655805,0.48136783,0.47602198,0.47054487,0.4649613,0.45929575,0.45357284,0.44781718,0.4420533,0.4363058,0.4305992,0.42495823,0.41940752,0.4139714,0.4086747,0.40354183,0.39859754,0.3938664,0.3893728,0.38527492,0.38169724,0.3786143,0.37600037,0.3738299,0.37207738,0.37071705,0.36972353,0.36907113,0.36873418,0.36868727,0.36890474,0.369361,0.37003052,0.37088764
0.37804896,0.37706852,0.376244,0.3755999,0.37516093,0.37495175,0.3749969,0.37532094,0.3759486,0.37690446,0.378213,0.37989902,0.38198704,0.38450179,0.38746768,0.39090943,0.39485168,0.39918613,0.40377095,0.4085802,0.413588,0.41876838,0.42409554,0.4295435,0.43508646,0.44069844,0.4463536,0.452026,0.45768982,0.46331906,0.4688879,0.47437042,0.47974077,0.4849728,0.49004108,0.4949193,0.49958187,0.5040026,0.5081559,0.51201564,0.515556,0.5187511,0.521575,0.52400184,0.5260057,0.5275608,0.5286411,0.52922076,0.52927387,0.5287967,0.527819,0.5263655,0.5244606,0.52212906,0.5193957,0.5162849,0.51282126,0.5090294,0.50493395,0.50055957,0.4959309,0.4910726,0.48600897,0.4807649,0.47536507,0.46983385,0.4641961,0.4584762,0.45269886,0.44688872,0.44107047,0.4352685,0.42950755,0.42381233,0.4182073,0.41271713,0.4073664,0.40217984,0.39718193,0.3923974,0.38785076,0.38370314,0.38008216,0.3769618,0.3743161,0.37211934,0.37034547,0.36896873,0.36796317,0.36730278,0.3669619,0.36691436,0.36713442,0.36759627,0.3682739,0.36914134
0.3779114,0.37693167,0.37610772,0.37546405,0.3750254,0.37481627,0.3748614,0.3751853,0.3758125,0.3767676,0.37807542,0.37976032,0.38184693,0.38436,0.38732395,0.39076343,0.39470306,0.39903602,0.40362152,0.4084335,0.41344586,0.4186324,0.423967,0.4294235,0.43497592,0.44059798,0.44626355,0.4519466,0.45762092,0.46326038,0.46883884,0.47433022,0.47970837,0.48494717,0.49002048,0.4949022,0.4995661,0.50398606,0.5081362,0.51198995,0.5155216,0.5187046,0.5215133,0.5239212,0.52590233,0.52743053,0.5284797,0.52902365,0.5290362,0.5285163,0.527496,0.52600026,0.5240536,0.5216806,0.51890576,0.5157538,0.5122494,0.50841683,0.5042811,0.4998664,0.49519774,0.49029946,0.48519608,0.4799123,0.4744728,0.46890217,0.46322495,0.45746568,0.45164904,0.44579965,0.43994203,0.4341009,0.42830056,0.42256588,0.4169214,0.41139185,0.40600154,0.40077525,0.39573753,0.39091298,0.3863262,0.38214087,0.3784869,0.37533814,0.37266842,0.3704516,0.36866167,0.36727232,0.36625755,0.3655913,0.36524716,0.36519933,0.3654214,0.36588743,0.36657113,0.36744654
0.37763608,0.3766585,0.37583634,0.37519416,0.37475652,0.37454787,0.37459287,0.37491602,0.37554187,0.37649488,0.37779966,0.37948084,0.38156277,0.38407016,0.38702735,0.39045924,0.39439002,0.3987144,0.4032929,0.40809938,0.4131076,0.41829094,0.42362338,0.42907855,0.43463013,0.44025192,0.44591746,0.45160052,0.4572748,0.4629141,0.46849203,0.47398221,0.47935864,0.4845945,0.48966402,0.49454063,0.49919808,0.5036101,0.5077503,0.51159257,0.5151105,0.5182777,0.5210679,0.5234551,0.5254125,0.5269143,0.52793384,0.52844507,0.52842146,0.52786404,0.5268076,0.5252768,0.52329594,0.5208897,0.5180826,0.51489925,0.51136416,0.5075017,0.5033366,0.49889344,0.4941967,0.48927087,0.48414057,0.4788301,0.47336444,0.4677677,0.46206465,0.4562798,0.45043775,0.4445629,0.43867996,0.43281335,0.42698762,0.42122725,0.41555703,0.41000128,0.40458462,0.3993315,0.39426652,0.38941434,0.38479933,0.38058728,0.37690988,0.37374103,0.37105426,0.36882335,0.36702186,0.3656238,0.36460248,0.3639319,0.36358565,0.36353746,0.36376095,0.36422992,0.36491808,0.36579904
0.377235,0.3762611,0.37544197,0.3748021,0.37436607,0.37415826,0.3742031,0.374525,0.37514845,0.37609804,0.37739804,0.37907293,0.38114715,0.38364527,0.38659164,0.39001077,0.393927,0.39823642,0.40280107,0.4075945,0.4125903,0.41776222,0.42308375,0.4285285,0.43407,0.4396819,0.4453378,0.45101136,0.45667607,0.46230564,0.46787357,0.47335345,0.47871897,0.48394373,0.48900124,0.493865,0.49850887,0.5029064,0.50703084,0.5108562,0.514356,0.5175037,0.5202729,0.52263737,0.5245705,0.5260461,0.5270377,0.5275187,0.52746284,0.5268732,0.5257862,0.5242265,0.52221864,0.5197869,0.5169558,0.5137497,0.5101933,0.50631064,0.50212663,0.4976655,0.4929515,0.48800957,0.48286372,0.4775386,0.4720586,0.46644825,0.46073192,0.454934,0.44907916,0.44319165,0.43729594,0.43141663,0.425578,0.4198046,0.41412088,0.40855122,0.40312016,0.39785206,0.39277148,0.38790277,0.38327038,0.3790416,0.3753497,0.37216818,0.36947072,0.3672309,0.3654223,0.36401862,0.3629933,0.36232004,0.36197248,0.36192402,0.3621484,0.36261928,0.36331016,0.36419463
0.37672046,0.37575138,0.37493634,0.37429982,0.37386587,0.3736591,0.37370375,0.37402406,0.37464446,0.3755892,0.3768826,0.3785491,0.38061297,0.38309854,0.38603008,0.38943195,0.3933286,0.39761728,0.40216163,0.40693533,0.4119117,0.41706443,0.422367,0.4277931,0.43331614,0.43890974,0.4445474,0.4502026,0.4558492,0.46146032,0.4670098,0.4724712,0.47781792,0.48302352,0.4880616,0.49290588,0.49752957,0.50190645,0.50601,0.50981367,0.5132913,0.51641613,0.519162,0.52150214,0.52341026,0.52485985,0.5258247,0.52627814,0.5261937,0.52557606,0.5244639,0.5228811,0.52085257,0.5184023,0.5155544,0.51233375,0.5087643,0.50487053,0.5006767,0.49620703,0.49148613,0.486538,0.48138714,0.47605798,0.47057477,0.46496177,0.45924327,0.45344377,0.4475875,0.44169873,0.43580192,0.4299212,0.4240811,0.41830593,0.41261986,0.40704742,0.40161285,0.39634043,0.39125454,0.38637945,0.38173956,0.37750307,0.37380445,0.37061724,0.3679148,0.36567095,0.36385912,0.3624529,0.36142564,0.36075118,0.36040297,0.36035448,0.36057922,0.361051,0.36174312,0.3626292
0.37610447,0.37514147,0.37433153,0.37369886,0.3732678,0.37306228,0.37310654,0.3734249,0.37404138,0.37498027,0.37626565,0.37792182,0.37997282,0.38244286,0.38535616,0.38873687,0.39260924,0.39687207,0.40139055,0.40613824,0.4110888,0.41621554,0.4214922,0.4268923,0.43238947,0.437957,0.4435686,0.44919798,0.45481843,0.46040362,0.46592715,0.47136244,0.4766832,0.48186302,0.48687512,0.49169338,0.49629125,0.5006422,0.5047199,0.50849783,0.5119497,0.5150488,0.51776886,0.5200833,0.5219658,0.52338994,0.5243292,0.5247571,0.5246472,0.5240058,0.52287275,0.5212723,0.5192287,0.51676595,0.51390827,0.51067984,0.50710505,0.50320774,0.49901226,0.49454293,0.48982364,0.48487875,0.47973236,0.47440863,0.46893185,0.46332616,0.4576156,0.4518245,0.445977,0.44009727,0.4342095,0.42833772,0.42250642,0.41673937,0.41106117,0.4054957,0.4000673,0.39479998,0.38971806,0.38484567,0.38020703,0.37597096,0.37227273,0.36908573,0.36638367,0.36414,0.36232832,0.3609222,0.35989514,0.3592207,0.35887244,0.358824,0.3590488,0.35952047,0.36021253,0.36109847
0.37539935,0.37444335,0.37363935,0.37301132,0.37258333,0.37237933,0.37242335,0.37273934,0.37335134,0.37428337,0.37555933,0.3772034,0.37923935,0.38169143,0.38458344,0.38793948,0.3917835,0.3960159,0.40050358,0.4052201,0.41013893,0.4152338,0.42047825,0.42584595,0.43131045,0.4368453,0.44242424,0.4480207,0.4536083,0.45916092,0.4646517,0.47005463,0.47534302,0.48049083,0.4854712,0.49025804,0.49482492,0.4991454,0.5031931,0.50694144,0.5103643,0.51343507,0.51612747,0.5184151,0.52027136,0.5216702,0.5225848,0.5229892,0.5228567,0.52219504,0.5210453,0.5194317,0.5173778,0.5149082,0.5120464,0.5088167,0.505243,0.5013492,0.49715954,0.4926978,0.487988,0.4830543,0.4779205,0.47261083,0.467149,0.46155924,0.45586553,0.4500918,0.44426203,0.43840033,0.4325305,0.42667678,0.42086303,0.41511327,0.40945145,0.40390176,0.39848793,0.39323425,0.38816443,0.38330275,0.37867302,0.37444445,0.37075272,0.36757147,0.36487415,0.3626345,0.36082602,0.35942236,0.3583972,0.35772392,0.35737634,0.35732794,0.35755235,0.35802317,0.358714,0.35959846
0.37461716,0.37366906,0.3728717,0.3722489,0.37182447,0.37162212,0.37166575,0.37197912,0.37258604,0.37351033,0.37477583,0.37640625,0.37842542,0.38085726,0.38372535,0.3870536,0.39086586,0.39506403,0.39951652,0.40419713,0.40907943,0.41413724,0.4193441,0.42467386,0.43010008,0.43559644,0.44113666,0.4466945,0.45224348,0.45775735,0.4632099,0.4685746,0.47382548,0.47893584,0.48387966,0.48863035,0.49316177,0.4974477,0.50146157,0.5051773,0.5085685,0.5116087,0.51427186,0.51653135,0.51836103,0.5197347,0.52062577,0.5210082,0.5208555,0.52017653,0.51901376,0.5173906,0.51533127,0.51285917,0.50999844,0.5067727,0.5032059,0.49932155,0.49514383,0.49069628,0.48600277,0.48108715,0.47597316,0.47068462,0.46524534,0.45967913,0.45400974,0.44826102,0.44245675,0.43662077,0.43077686,0.42494875,0.41916043,0.4134355,0.40779787,0.40227133,0.39687967,0.39164662,0.38659614,0.38175184,0.3771377,0.37292284,0.36924303,0.36607206,0.3633835,0.36115104,0.35934845,0.3579493,0.3569274,0.35625637,0.35590985,0.35586163,0.35608533,0.3565546,0.35724318,0.35812476
0.3737701,0.37283063,0.37204057,0.37142336,0.37100282,0.3708023,0.37084553,0.3711561,0.37175748,0.37267342,0.37392735,0.37554297,0.37754372,0.37995332,0.38279533,0.38609332,0.38987085,0.39403144,0.39844516,0.40308607,0.40792772,0.41294408,0.41810888,0.42339593,0.42877898,0.43423197,0.43972868,0.44524264,0.45074812,0.45621854,0.46162784,0.46694982,0.4721582,0.47722703,0.48212984,0.4868405,0.49133292,0.49558076,0.49955785,0.5032381,0.5065953,0.5096031,0.5122354,0.51446605,0.51626885,0.5176175,0.51848584,0.5188477,0.5186768,0.5179833,0.5168102,0.51518106,0.5131195,0.51064914,0.5077936,0.50457656,0.5010213,0.49715158,0.49299097,0.48856318,0.48389158,0.47899988,0.47391158,0.4686504,0.46323976,0.4577034,0.45206487,0.4463477,0.44057545,0.43477178,0.4289602,0.42316452,0.41740793,0.41171438,0.40610728,0.40061018,0.3952468,0.39004064,0.38501522,0.38019428,0.37560135,0.37140533,0.3677419,0.3645851,0.3619085,0.3596861,0.3578916,0.3564987,0.35548136,0.35481328,0.35446832,0.35442027,0.35464302,0.3551102,0.35579568,0.3566733
0.3728703,0.37194014,0.37115777,0.37054664,0.3701302,0.36993176,0.36997452,0.370282,0.37087753,0.37178442,0.37302604,0.37462577,0.37660685,0.37899283,0.38180694,0.38507253,0.38881296,0.39293322,0.3973053,0.4019033,0.40670094,0.41167235,0.41679132,0.42203197,0.42736807,0.43277365,0.43822268,0.44368905,0.44914678,0.45456973,0.45993188,0.46520722,0.47036964,0.4753932,0.4802516,0.48491898,0.48936927,0.49357644,0.4975143,0.5011569,0.50447816,0.5074522,0.51005244,0.5122535,0.51402897,0.5153527,0.5161989,0.51654124,0.5163539,0.5156478,0.5144669,0.5128344,0.5107738,0.5083084,0.50546145,0.5022565,0.49871692,0.4948659,0.49072686,0.48632306,0.48167804,0.47681496,0.47175726,0.46652845,0.4611516,0.45565033,0.45004773,0.44436723,0.43863237,0.43286636,0.42709258,0.42133436,0.41561502,0.409958,0.40438652,0.39892408,0.39359403,0.38841957,0.38342425,0.37863126,0.3740641,0.36989105,0.36624786,0.3631083,0.3604465,0.35823625,0.3564515,0.35506633,0.35405448,0.35339016,0.35304716,0.3529994,0.35322082,0.3536854,0.35436723,0.35524
0.37193006,0.37100947,0.37023532,0.36963058,0.36921844,0.369022,0.3690644,0.3693686,0.36995795,0.37085545,0.37208414,0.37366718,0.37562767,0.37798882,0.38077357,0.38400516,0.38770673,0.39178467,0.39611283,0.4006655,0.4054165,0.41034022,0.41541058,0.4206018,0.42588794,0.4312431,0.4366414,0.44205698,0.447464,0.45283642,0.4581484,0.46337408,0.46848762,0.47346318,0.4782746,0.48289618,0.48730215,0.4914664,0.49536303,0.4989664,0.5022503,0.505189,0.5077567,0.5099275,0.51167524,0.5129744,0.5137988,0.51412266,0.5139201,0.513203,0.51201606,0.5103824,0.5083249,0.50586694,0.5030314,0.49984148,0.49632046,0.4924911,0.4883768,0.4840006,0.4793856,0.47455496,0.4695316,0.46433887,0.45899975,0.45353746,0.44797486,0.44233534,0.4366419,0.43091756,0.42518553,0.41946897,0.41379085,0.40817446,0.4026427,0.39721882,0.39192593,0.38678712,0.38182548,0.37706408,0.3725261,0.3683794,0.3647591,0.36163938,0.35899422,0.35679796,0.35502452,0.35364798,0.3526426,0.35198238,0.3516415,0.35159403,0.3518141,0.35227585,0.35295323,0.35382056
0.37096134,0.37005082,0.369285,0.36868683,0.3682792,0.3680849,0.3681268,0.36842778,0.36901066,0.36989844,0.37111372,0.3726796,0.37461883,0.37695432,0.3797088,0.3829053,0.38656658,0.39060077,0.39488348,0.39938903,0.40409166,0.40896577,0.41398552,0.41912535,0.42435935,0.429662,0.4350074,0.4403701,0.44572413,0.45104384,0.45630357,0.46147764,0.4665403,0.47146574,0.47622842,0.4808025,0.48516238,0.4892823,0.49313644,0.49669915,0.49994487,0.50284773,0.505382,0.5075221,0.5092422,0.5105166,0.51131964,0.5116256,0.5114087,0.51068187,0.50949013,0.5078565,0.5058038,0.50335497,0.50053257,0.49735975,0.4938594,0.49005413,0.48596692,0.4816208,0.4770382,0.47224244,0.4672561,0.46210214,0.45680347,0.45138282,0.44586313,0.44026724,0.434618,0.4289384,0.42325103,0.41757888,0.41194493,0.4063719,0.40088272,0.39550015,0.39024717,0.3851466,0.38022113,0.37549394,0.37098768,0.3668695,0.3632741,0.36017588,0.35754898,0.35536775,0.35360646,0.35223952,0.35124102,0.35058534,0.3502468,0.3501997,0.3504182,0.35087672,0.35154957,0.35241085
0.36997646,0.36907607,0.36831892,0.3677274,0.3673243,0.36713216,0.36717358,0.36747122,0.3680476,0.36892536,0.37012714,0.3716755,0.37359297,0.37590235,0.37862602,0.38178685,0.38540715,0.38939673,0.393633,0.3980906,0.40274376,0.4075672,0.41253522,0.4176224,0.42280313,0.42805198,0.4333433,0.43865168,0.44395158,0.4492174,0.45442373,0.4595449,0.46455547,0.46942994,0.47414273,0.47866833,0.48298123,0.48705587,0.4908668,0.49438834,0.497595,0.5004615,0.50296205,0.50507134,0.5067636,0.5080133,0.50879526,0.5090835,0.5088529,0.50811684,0.50692123,0.50528854,0.50324154,0.5008027,0.4979947,0.4948401,0.49136147,0.4875815,0.4835227,0.47920784,0.47465932,0.46989986,0.46495202,0.45983845,0.45458168,0.44920436,0.4437291,0.43817854,0.43257523,0.42694178,0.42130068,0.41567475,0.41008648,0.4045585,0.3991134,0.3937738,0.3885622,0.38350135,0.37861383,0.37392214,0.36944905,0.3653607,0.3617913,0.35871556,0.35610762,0.35394222,0.3521937,0.3508366,0.34984538,0.34919447,0.3488584,0.34881157,0.34902856,0.34948376,0.3501517,0.35100678
0.36898753,0.36809728,0.36734867,0.36676398,0.36636546,0.3661755,0.36621648,0.36651072,0.36708057,0.36794835,0.36913645,0.37066725,0.37256292,0.37484604,0.37753886,0.3806637,0.38424286,0.38818762,0.3923773,0.39678657,0.4013901,0.4061626,0.41107854,0.4161128,0.42124006,0.42643476,0.4316717,0.43692547,0.442171,0.4473826,0.45253512,0.4576031,0.46256134,0.46738452,0.47204706,0.476524,0.48078972,0.48481888,0.48858625,0.49206662,0.49523434,0.49806416,0.50053096,0.50260913,0.5042736,0.5054988,0.5062595,0.50653034,0.50628597,0.50554097,0.5043414,0.50271004,0.5006689,0.49824044,0.4954469,0.4923107,0.48885435,0.4851,0.48106998,0.47678664,0.4722725,0.46754965,0.46264073,0.45756784,0.45235348,0.44701996,0.4415895,0.4360846,0.43052766,0.42494074,0.41934645,0.4137671,0.40822497,0.4027424,0.39734176,0.3920455,0.3868758,0.3818551,0.3770057,0.37235,0.36791027,0.3638521,0.36030906,0.35725594,0.35466728,0.35251784,0.35078222,0.3494351,0.3484512,0.34780514,0.34747148,0.34742504,0.34764042,0.34809226,0.34875524,0.349604
0.3680066,0.36712658,0.36638653,0.3658085,0.36541447,0.36522672,0.3652672,0.3655581,0.3661214,0.36697933,0.3681539,0.3696672,0.37154132,0.3737985,0.37646055,0.37954977,0.38308823,0.38698858,0.39113215,0.39549363,0.40004796,0.40477,0.4096346,0.4146165,0.4196907,0.42483193,0.43001515,0.43521506,0.44040656,0.4455647,0.450664,0.45567948,0.4605859,0.46535826,0.4699713,0.4743999,0.47861886,0.48260304,0.4863274,0.48976657,0.49289557,0.49568918,0.49812227,0.50016975,0.50180626,0.503007,0.50374633,0.50399953,0.5037412,0.50298685,0.5017833,0.5001527,0.49811694,0.4956983,0.4929188,0.48980054,0.48636565,0.48263618,0.47863427,0.474382,0.46990138,0.46521464,0.46034378,0.45531094,0.450138,0.44484746,0.43946105,0.43400106,0.4284895,0.4229485,0.41740012,0.4118665,0.40636963,0.40093178,0.3955748,0.390321,0.38519236,0.38021106,0.3753991,0.37077856,0.36637166,0.36234292,0.3588257,0.3557948,0.35322493,0.3510911,0.34936816,0.34803084,0.34705406,0.34641266,0.34608147,0.34603536,0.34624916,0.34669772,0.3473559,0.34819847
0.367046,0.36617595,0.36544412,0.3648726,0.3644831,0.3642974,0.36433747,0.36462504,0.36518207,0.36603034,0.36719167,0.36868793,0.37054098,0.37277263,0.37540478,0.37845922,0.38195783,0.3858148,0.38991326,0.3942282,0.3987347,0.40340766,0.40822217,0.41315323,0.41817597,0.42326528,0.4283962,0.4335438,0.43868294,0.44378904,0.44883665,0.453801,0.4586572,0.46338016,0.46794486,0.47232646,0.47649992,0.48044005,0.48412228,0.48752138,0.4906123,0.49337026,0.49577016,0.4977871,0.49939588,0.5005719,0.5012898,0.5015248,0.50125194,0.5004874,0.49927878,0.4976479,0.4956165,0.4932065,0.49043965,0.4873379,0.48392314,0.48021692,0.4762415,0.47201848,0.46756977,0.46291712,0.45808247,0.45308763,0.44795442,0.4427048,0.4373604,0.4319433,0.42647517,0.42097798,0.4154735,0.4099835,0.40452993,0.3991346,0.39381942,0.3886062,0.38351664,0.3785728,0.3737964,0.36920932,0.36483335,0.3608326,0.3573396,0.3543297,0.35177767,0.3496586,0.34794754,0.3466195,0.3456495,0.34501255,0.34468365,0.34463787,0.34485012,0.3452956,0.34594923,0.34678605
0.36611786,0.36525735,0.36453363,0.36396828,0.36358306,0.3633994,0.36343896,0.36372346,0.36427432,0.36511326,0.36626196,0.36774173,0.3695745,0.37178168,0.3743849,0.37740585,0.38086605,0.38468134,0.3887366,0.3930069,0.39746758,0.40209362,0.40686038,0.411743,0.41671658,0.4217564,0.42683753,0.4319352,0.43702462,0.442081,0.44707942,0.45199516,0.4568032,0.46147907,0.4659975,0.47033405,0.4744638,0.4783617,0.48200333,0.48536354,0.4884176,0.49114084,0.49350822,0.495495,0.49707636,0.49822757,0.4989236,0.49913982,0.49885145,0.49807554,0.49686027,0.4952275,0.4931985,0.49079517,0.4880389,0.48495138,0.4815542,0.47786888,0.47391728,0.4697208,0.46530098,0.46067965,0.45587823,0.45091838,0.44582173,0.4406098,0.43530437,0.4299268,0.42449892,0.41904217,0.4135782,0.40812868,0.40271512,0.3973592,0.39208257,0.38690665,0.38185322,0.3769438,0.37219995,0.36764336,0.36329564,0.3593201,0.3558493,0.35285842,0.35032257,0.34821686,0.3465166,0.34519696,0.34423307,0.34360015,0.3432733,0.34322783,0.3434388,0.3438815,0.34453097,0.34536242
0.36523438,0.36438283,0.36366674,0.36310738,0.36272615,0.36254445,0.3625836,0.3628651,0.36341015,0.3642403,0.3653769,0.36684114,0.3686546,0.3708386,0.37341455,0.3764037,0.3798275,0.38360336,0.3876178,0.39184624,0.39626384,0.40084606,0.40556815,0.4104055,0.4153333,0.42032692,0.4253617,0.43041295,0.43545598,0.4404661,0.44541857,0.4502887,0.45505205,0.45968366,0.4641588,0.468453,0.47254157,0.47639972,0.48000276,0.48332593,0.48634484,0.48903453,0.4913704,0.4933277,0.49488193,0.4960082,0.49668196,0.4968784,0.4965729,0.49578384,0.49456006,0.492923,0.49089402,0.48849455,0.48574588,0.48266953,0.47928673,0.47561887,0.4716874,0.46751362,0.463119,0.4585247,0.45375243,0.4488234,0.44375893,0.4385805,0.4333094,0.42796704,0.42257482,0.4171541,0.41172618,0.4063126,0.40093464,0.3956137,0.39037105,0.38522825,0.38020656,0.37532735,0.370612,0.366082,0.36175862,0.3578049,0.35435307,0.3513785,0.3488565,0.34676233,0.34507138,0.34375897,0.34280038,0.34217086,0.34184587,0.34180066,0.34201047,0.34245062,0.34309658,0.34392354
0.3644075,0.3635644,0.36285543,0.3623016,0.36192408,0.36174423,0.36178303,0.36206162,0.36260137,0.36342335,0.36454868,0.36599854,0.36779404,0.36995652,0.37250698,0.37546667,0.37885672,0.38259596,0.3865728,0.3907627,0.39514092,0.39968303,0.40436447,0.4091606,0.41404685,0.41899863,0.42399135,0.42900047,0.4340014,0.43896952,0.44388032,0.44870928,0.45343155,0.45802283,0.46245852,0.46671388,0.47076452,0.47458565,0.4781529,0.48144162,0.48442718,0.48708498,0.48939055,0.4913192,0.49284658,0.49394777,0.4945984,0.49477392,0.49444968,0.49364507,0.4924102,0.49076605,0.48873395,0.4863349,0.48359013,0.48052084,0.4771482,0.47349337,0.46957737,0.46542165,0.46104705,0.4564751,0.4517266,0.44682303,0.44178522,0.43663472,0.43139237,0.42607954,0.4207173,0.41532683,0.40992936,0.4045459,0.39919776,0.39390615,0.38869202,0.38357672,0.37858135,0.37372708,0.3690351,0.3645265,0.36022258,0.35628605,0.35284927,0.34988767,0.34737664,0.34529158,0.34360802,0.34230137,0.3413469,0.34072015,0.34039658,0.34035152,0.3405604,0.34099868,0.34164184,0.3424652
0.36364967,0.3628142,0.36211163,0.3615628,0.3611887,0.36101046,0.36104888,0.36132506,0.36185992,0.36267444,0.36378953,0.36522624,0.36700556,0.36914843,0.37167582,0.3746087,0.37796807,0.38167426,0.38561735,0.3897728,0.3941161,0.39862278,0.4032683,0.40802822,0.41287795,0.41779304,0.42274895,0.42772123,0.43268538,0.43761674,0.44249102,0.44728354,0.45196995,0.45652562,0.4609261,0.46514693,0.46916354,0.47295135,0.47648606,0.47974303,0.48269773,0.48532566,0.48760253,0.4895036,0.49100435,0.49208036,0.49270722,0.4928602,0.492515,0.49169222,0.49044305,0.48878834,0.48674908,0.48434633,0.4816009,0.4785339,0.4751664,0.47151902,0.4676132,0.46346948,0.45910916,0.45455295,0.44982207,0.4449373,0.4399197,0.43479025,0.42956996,0.4242797,0.41894048,0.4135734,0.40819922,0.4028391,0.39751387,0.39224467,0.3870523,0.3819578,0.37698212,0.3721464,0.36747137,0.3629782,0.3586877,0.3547629,0.35133636,0.34838358,0.34587994,0.3438012,0.34212264,0.3408198,0.33986822,0.33924335,0.33892074,0.33887577,0.3390841,0.33952108,0.34016228,0.3409831
0.36297294,0.3621442,0.36144722,0.36090282,0.36053178,0.36035493,0.36039305,0.360667,0.36119756,0.36200547,0.36311164,0.36453682,0.36630183,0.36842746,0.37093452,0.37384382,0.37717617,0.38085344,0.38476726,0.38889313,0.39320666,0.39768332,0.40229863,0.40702817,0.41184744,0.416732,0.42165726,0.4265989,0.43153238,0.43643314,0.4412769,0.44603908,0.45069522,0.45522085,0.45959142,0.46378255,0.46776974,0.47152862,0.47503462,0.47826314,0.4811899,0.4837905,0.48604015,0.48791468,0.48938945,0.49044004,0.49104202,0.49117088,0.49080217,0.48995808,0.48869085,0.4870214,0.48497048,0.482559,0.4798077,0.47673735,0.47336885,0.4697229,0.46582028,0.4616819,0.4573286,0.45278105,0.44806013,0.44318667,0.43818137,0.4330652,0.42785883,0.4225831,0.41725883,0.4119068,0.40654784,0.4012028,0.39589235,0.3906375,0.3854588,0.3803773,0.37541363,0.37058866,0.36592326,0.36143813,0.35715413,0.3532346,0.34981266,0.3468638,0.34436363,0.34228763,0.3406113,0.3393102,0.33835986,0.3377359,0.33741367,0.33736876,0.33757678,0.33801326,0.33865353,0.33947334
0.36238942,0.36156633,0.36087415,0.3603334,0.35996494,0.35978922,0.3598272,0.36009926,0.36062613,0.36142856,0.3625272,0.3639426,0.36569557,0.3678066,0.3702966,0.373186,0.3764955,0.3801486,0.3840383,0.3881402,0.39242992,0.39688277,0.40147442,0.40618032,0.410976,0.41583693,0.4207388,0.42565686,0.4305668,0.43544415,0.44026423,0.44500282,0.44963533,0.45413715,0.45848393,0.46265113,0.4666143,0.47034895,0.4738306,0.47703472,0.4799369,0.4825126,0.48473734,0.48658657,0.48803604,0.48906094,0.48963687,0.48973957,0.48934442,0.48847514,0.48718575,0.48549682,0.48342913,0.48100322,0.47823986,0.47515965,0.47178322,0.4681313,0.4642246,0.46008354,0.45572916,0.45118192,0.4464623,0.44159132,0.43658945,0.43147728,0.42627564,0.4210051,0.41568637,0.41034007,0.4049869,0.3996475,0.39434248,0.38909268,0.3839185,0.3788409,0.3738803,0.36905742,0.36439306,0.35990772,0.35562217,0.35170043,0.3482766,0.3453261,0.34282455,0.3407473,0.33907008,0.33776826,0.33681738,0.33619305,0.3358707,0.33582574,0.33603394,0.3364706,0.33711123,0.3379315
0.3619113,0.36109275,0.36040428,0.35986653,0.35950005,0.35932535,0.3593631,0.3596336,0.36015764,0.36095572,0.36204836,0.36345607,0.36519948,0.36729905,0.3697754,0.37264913,0.37594062,0.37957484,0.38344634,0.3875306,0.39180312,0.39623934,0.40081462,0.40550444,0.41028437,0.41512975,0.42001608,0.42491874,0.42981318,0.43467492,0.4394794,0.4442021,0.44881824,0.45330355,0.45763332,0.46178308,0.4657283,0.46944425,0.47290662,0.47609064,0.4789719,0.4815258,0.48372787,0.48555338,0.48697796,0.4879769,0.48852587,0.48860008,0.48817512,0.48727652,0.48596013,0.48424634,0.48215583,0.47970918,0.47692674,0.4738293,0.4704373,0.4667712,0.4628517,0.45869926,0.45433447,0.4497779,0.44505003,0.44017154,0.43516278,0.43004453,0.42483708,0.41956127,0.41423747,0.4088862,0.40352824,0.3981838,0.39287367,0.38761836,0.38243842,0.37735435,0.37238678,0.36755615,0.36288312,0.35838825,0.3540919,0.35015962,0.3467265,0.34376803,0.34125975,0.339177,0.33749518,0.33618984,0.3352365,0.33461034,0.3342872,0.33424214,0.33445078,0.33488867,0.33553106,0.3363536
0.36155084,0.36073536,0.3600496,0.35951394,0.35914886,0.35897487,0.35901237,0.3592819,0.35980394,0.36059892,0.3616873,0.36308962,0.36482626,0.36691776,0.36938456,0.3722472,0.375526,0.3791473,0.38300708,0.3870808,0.39134368,0.39577106,0.4003382,0.4050206,0.4097934,0.41463202,0.41951182,0.42440802,0.42929602,0.43415108,0.43894857,0.44366387,0.44827217,0.4527489,0.45706934,0.46120885,0.4651427,0.46884623,0.47229475,0.4754636,0.47832823,0.48086378,0.48304558,0.48484907,0.48624954,0.48722225,0.48774263,0.4877859,0.4873274,0.48639488,0.4850461,0.48330152,0.48118168,0.478707,0.47589785,0.47277492,0.46935853,0.46566916,0.46172735,0.45755354,0.45316815,0.4485917,0.44384468,0.43894753,0.4339207,0.42878473,0.42356002,0.41826704,0.41292632,0.40755835,0.40218353,0.39682233,0.3914953,0.3862228,0.38102537,0.3759235,0.37093768,0.36608827,0.36139584,0.35688078,0.35256365,0.34861138,0.34516087,0.34218737,0.33966634,0.337573,0.33588266,0.33457074,0.3336125,0.33298326,0.33265838,0.33261314,0.33282286,0.33326292,0.33390862,0.33473527
0.3612715,0.36045834,0.3597744,0.35924032,0.3588763,0.35870278,0.3587402,0.35900903,0.3595295,0.36032227,0.3614076,0.36280593,0.36453772,0.36662328,0.36908314,0.37193766,0.37520722,0.37881944,0.38267154,0.3867388,0.39099643,0.39541948,0.39998317,0.40466264,0.40943322,0.41426998,0.41914815,0.4240428,0.42892918,0.4337825,0.4385778,0.44329053,0.44789556,0.4523683,0.4566837,0.4608172,0.4647438,0.46843874,0.4718772,0.47503424,0.47788525,0.48040527,0.48256946,0.4843531,0.4857312,0.48667917,0.48717204,0.48718494,0.48669323,0.48572648,0.48434466,0.48256814,0.48041743,0.47791287,0.47507486,0.4719238,0.4684802,0.46476442,0.4607969,0.45659798,0.45218807,0.44758773,0.4428172,0.437897,0.4328475,0.42768922,0.42244226,0.41712755,0.411765,0.40637532,0.4009788,0.3955959,0.39024702,0.38495257,0.37973297,0.37460864,0.36959997,0.3647274,0.36001134,0.3554722,0.35113037,0.34715474,0.34368372,0.3406926,0.33815664,0.3360509,0.33435053,0.33303073,0.33206686,0.33143386,0.33110708,0.33106154,0.3312725,0.33171526,0.3323647,0.33319628
0.36102766,0.36021647,0.35953426,0.35900143,0.35863832,0.35846514,0.3585026,0.35877073,0.3592899,0.36008078,0.36116335,0.36255828,0.3642857,0.36636618,0.36881992,0.3716674,0.37492892,0.37853315,0.38237867,0.38644025,0.3906932,0.39511243,0.39967313,0.40435028,0.4091188,0.41395384,0.4188306,0.42372388,0.42860895,0.43346068,0.43825424,0.44296452,0.4475668,0.45203593,0.4563471,0.4604753,0.46439552,0.46808293,0.47151262,0.47465944,0.4774985,0.48000494,0.48215377,0.48392007,0.4852788,0.486205,0.48667386,0.48666033,0.4861395,0.4851429,0.48373225,0.48192787,0.47975016,0.4772195,0.47435626,0.4711808,0.46771345,0.4639745,0.4599845,0.45576364,0.45133248,0.44671118,0.4419202,0.43697986,0.43191063,0.4267327,0.42146662,0.41613263,0.41075107,0.40534246,0.399927,0.39452517,0.38915712,0.38384357,0.37860453,0.37346065,0.36843213,0.36353934,0.35880265,0.3542424,0.3498791,0.34588292,0.34239408,0.33938763,0.33683848,0.3347219,0.33301282,0.33168632,0.3307174,0.33008125,0.32975268,0.32970694,0.3299191,0.330364,0.33101684,0.33185267
0.36081746,0.36000806,0.35932738,0.35879564,0.35843325,0.35826057,0.35829777,0.35856536,0.3590835,0.35987258,0.36095297,0.3623448,0.36406857,0.36614454,0.36859316,0.3714345,0.37468907,0.37828648,0.38212612,0.38618296,0.3904319,0.39484796,0.399406,0.40408102,0.4088478,0.4136815,0.41855696,0.42344913,0.42833292,0.43318337,0.4379753,0.44268364,0.44728348,0.45174962,0.45605704,0.46018067,0.4640955,0.46777648,0.47119844,0.47433642,0.47716522,0.47966,0.48179555,0.48354685,0.48488882,0.48579636,0.48624462,0.48620826,0.48566237,0.48464,0.4832045,0.4813761,0.47917518,0.47662207,0.47373703,0.47054046,0.46705264,0.46329385,0.45928448,0.45504478,0.45059514,0.4459559,0.44114727,0.4361896,0.4311033,0.42590857,0.42062578,0.4152753,0.4098774,0.40445244,0.39902067,0.39360246,0.38821805,0.38288793,0.37763223,0.37247136,0.3674257,0.36251542,0.35776106,0.35318264,0.34880075,0.34478694,0.34128276,0.338263,0.3357027,0.33357674,0.33186018,0.3305278,0.32955462,0.32891557,0.32858562,0.3285397,0.32875273,0.3291996,0.32985535,0.33069488
0.36063927,0.35983127,0.3591518,0.3586211,0.35825935,0.35808694,0.35812414,0.35839117,0.3589084,0.35969612,0.3607745,0.36216387,0.36388457,0.36595672,0.3684009,0.3712371,0.37448576,0.37807736,0.3819121,0.38596478,0.3902104,0.39462367,0.39917943,0.40385267,0.4086181,0.41345054,0.41832492,0.4232161,0.42809892,0.4329482,0.43773875,0.4424455,0.4470432,0.45150676,0.45581108,0.45993084,0.46384105,0.4675165,0.470932,0.47406247,0.47688267,0.47936752,0.4814918,0.4832305,0.4845582,0.48544994,0.48588067,0.48582494,0.4852579,0.48421365,0.48275706,0.48090827,0.4786876,0.47611552,0.473212,0.46999753,0.4664924,0.4627167,0.45869094,0.4544352,0.44996995,0.44531536,0.44049183,0.43551952,0.4304187,0.4252097,0.41991284,0.41454837,0.40913662,0.4036978,0.39825216,0.3928201,0.3874218,0.38207763,0.3768078,0.37163267,0.36657238,0.36164737,0.35687795,0.35228416,0.34788653,0.34385782,0.3403405,0.33730948,0.33473963,0.3326058,0.3308828,0.3295455,0.3285687,0.3279273,0.32759613,0.32754996,0.32776377,0.32821232,0.32887053,0.32971317
0.36049128,0.35968462,0.35900614,0.3584762,0.35811502,0.35794288,0.35798,0.3582466,0.3587631,0.35954952,0.36062634,0.36201355,0.3637317,0.36580077,0.36824125,0.3710732,0.37431693,0.3779037,0.3817343,0.3857837,0.39002648,0.39443737,0.3989914,0.40366304,0.4084273,0.4132588,0.41813233,0.42302278,0.42790464,0.43275303,0.43754244,0.44224784,0.44684374,0.4513052,0.45560688,0.45972344,0.4636298,0.4673007,0.47071087,0.47383502,0.4766481,0.47912464,0.4812396,0.48296767,0.48428378,0.48516235,0.48557842,0.48550674,0.48492196,0.48385966,0.48238546,0.48051983,0.47828293,0.47569486,0.47277606,0.46954674,0.46602717,0.46223757,0.4581981,0.4539292,0.44945085,0.44478366,0.43994763,0.4349631,0.42985034,0.42462954,0.41932094,0.4139449,0.4085215,0.40307117,0.3976141,0.39217046,0.38676062,0.38140485,0.37612322,0.37093613,0.36586395,0.36092663,0.35614458,0.35153812,0.3471274,0.34308627,0.33955804,0.33651778,0.3339401,0.33179957,0.33007124,0.32872984,0.32775006,0.32710665,0.32677445,0.32672825,0.3269426,0.3273926,0.32805282,0.32889807
0.36037186,0.35956606,0.35888848,0.3583592,0.35799843,0.35782653,0.35786355,0.3581299,0.35864577,0.3594313,0.36050668,0.36189225,0.3636083,0.36567488,0.36811233,0.3709408,0.37418061,0.37776348,0.38159084,0.38563746,0.38987795,0.39428705,0.39883953,0.40351006,0.4082733,0.4131039,0.4179768,0.42286646,0.42774776,0.43259534,0.43738386,0.44208807,0.4466827,0.45114243,0.45544195,0.45955598,0.46345928,0.4671264,0.47053224,0.47365138,0.4764586,0.4789286,0.48103595,0.48275554,0.48406202,0.48493013,0.48533437,0.4852497,0.48465073,0.48357376,0.4820855,0.48020622,0.477956,0.4753552,0.4724241,0.46918282,0.46565157,0.46185052,0.45780018,0.45352048,0.44903177,0.4443543,0.43950823,0.4345138,0.42939132,0.42416102,0.41884297,0.4134575,0.40802482,0.4025652,0.3970988,0.39164594,0.38622677,0.38086155,0.37557045,0.37037382,0.36529177,0.36034462,0.35555246,0.35093564,0.34651437,0.34246325,0.33892635,0.33587852,0.33329436,0.33114856,0.32941604,0.32807124,0.32708898,0.32644403,0.326111,0.32606462,0.32627958,0.32673067,0.32739252,0.3282399
0.3602791,0.35947418,0.35879713,0.3582684,0.35790795,0.35773617,0.35777313,0.35803935,0.35855463,0.35933936,0.36041382,0.3617981,0.36351243,0.36557707,0.36801222,0.37083805,0.3740748,0.37765458,0.38147944,0.38552395,0.3897627,0.3941703,0.3987216,0.40339115,0.40815368,0.41298383,0.41785604,0.42274532,0.427626,0.432473,0.43726084,0.4419641,0.44655767,0.4510161,0.45531392,0.459426,0.4633269,0.46699116,0.47039357,0.47350892,0.47631153,0.47877637,0.48087794,0.48259094,0.48389003,0.4847498,0.48514506,0.48505032,0.4844402,0.48335186,0.48185265,0.47996277,0.47770238,0.47509155,0.47215086,0.4689002,0.46535993,0.46155024,0.45749122,0.4532033,0.44870648,0.44402105,0.4391672,0.4341651,0.4290351,0.42379734,0.41847193,0.41307917,0.40763938,0.4021725,0.3966989,0.39123884,0.38581237,0.3804399,0.3751415,0.36993742,0.36484772,0.35989287,0.3550929,0.3504681,0.34603864,0.34197965,0.338436,0.33538234,0.3327932,0.3306433,0.32890743,0.32756004,0.32657593,0.3259297,0.325596,0.32554957,0.32576498,0.32621697,0.32688004,0.32772896
0.36021134,0.35940695,0.35873047,0.358202,0.35784185,0.35767022,0.35770723,0.35797316,0.3584881,0.35927233,0.36034602,0.36172935,0.36344245,0.36550567,0.3679391,0.37076297,0.3739975,0.37757513,0.3813981,0.385441,0.38967848,0.3940851,0.39863557,0.4033044,0.4080664,0.412896,0.41776785,0.4226567,0.42753702,0.4323836,0.43717095,0.44187364,0.4464664,0.4509238,0.45522046,0.45933104,0.46323016,0.46689233,0.4702924,0.47340474,0.47620416,0.47866514,0.48076248,0.48247075,0.48376438,0.4846181,0.48500675,0.48490456,0.48428643,0.48318985,0.4816825,0.4797849,0.47751707,0.47489908,0.4719513,0.46869388,0.46514705,0.46133086,0.45726568,0.45297152,0.44846874,0.44377756,0.43891808,0.43391043,0.4287749,0.42353165,0.4182009,0.41280293,0.40735775,0.4018857,0.39640686,0.39094147,0.38550976,0.38013187,0.37482813,0.36961856,0.3645234,0.3595629,0.35475725,0.35012665,0.34569114,0.3416265,0.33807784,0.33501986,0.33242714,0.33027428,0.32853594,0.32718667,0.32620123,0.32555407,0.32521993,0.32517338,0.32538906,0.32584164,0.32650575,0.32735586
0.3601669,0.35936287,0.3586867,0.35815844,0.35779846,0.35762691,0.35766393,0.35792968,0.3584444,0.35922834,0.36030146,0.36168414,0.3633965,0.36545885,0.36789113,0.3707137,0.37394673,0.37752295,0.38134465,0.38538653,0.38962317,0.3940291,0.39857906,0.40324745,0.40800902,0.4128384,0.41770998,0.42259857,0.42747867,0.4323249,0.43711194,0.44181418,0.44640642,0.45086315,0.45515907,0.45926872,0.46316662,0.4668275,0.47022593,0.4733364,0.47613364,0.47859222,0.4806867,0.48239174,0.48368177,0.48453167,0.4849158,0.48480886,0.48418546,0.48308337,0.48157093,0.4796682,0.47739545,0.47477263,0.47182027,0.46855834,0.4650072,0.4611869,0.45711756,0.45281944,0.44831276,0.44361773,0.4387545,0.43374315,0.42860404,0.42335728,0.418023,0.4126215,0.40717283,0.4016973,0.39621505,0.39074624,0.38531107,0.3799297,0.37462232,0.36940917,0.3643104,0.35934624,0.35453683,0.3499023,0.34546298,0.34139457,0.33784267,0.3347819,0.33218676,0.33003196,0.32829195,0.32694152,0.32595512,0.32530743,0.324973,0.32492635,0.32514223,0.32559523,0.32625994,0.32711083
0.3601439,0.3593401,0.35866407,0.35813597,0.35777605,0.35760453,0.35764152,0.35790724,0.35842183,0.3592055,0.3602785,0.36166087,0.36337283,0.36543462,0.3678664,0.37068823,0.37392053,0.37749603,0.3813171,0.38535845,0.38959464,0.39400023,0.39854985,0.40321803,0.40797943,0.41280863,0.41768008,0.42256853,0.4274485,0.4322946,0.4370814,0.4417835,0.44637546,0.4508319,0.4551274,0.45923647,0.4631338,0.46679398,0.4701916,0.47330117,0.4760973,0.4785545,0.48064753,0.48235092,0.48363915,0.484487,0.48486894,0.48475948,0.48413333,0.4830285,0.48151323,0.47960794,0.4773326,0.47470737,0.47175264,0.46848843,0.464935,0.4611125,0.457041,0.45274088,0.44823226,0.4435352,0.43866998,0.4336568,0.42851582,0.42326725,0.41793114,0.4125278,0.40707734,0.40160006,0.39611596,0.39064544,0.3852084,0.37982517,0.37451604,0.36930114,0.3642005,0.35923433,0.35442305,0.34978655,0.34534514,0.34127483,0.3377213,0.334659,0.3320627,0.3299068,0.32816604,0.32681486,0.32582802,0.32518005,0.3248454,0.32479885,0.3250149,0.32546803,0.32613295,0.32698432
0.36014074,0.35933685,0.3586609,0.3581328,0.35777298,0.35760137,0.3576384,0.3579041,0.3584187,0.35920236,0.36027527,0.36165762,0.36336952,0.36543125,0.36786285,0.3706847,0.3739169,0.37749222,0.3813132,0.38535455,0.38959068,0.39399627,0.39854574,0.403214,0.4079753,0.4128044,0.41767594,0.42256436,0.4274443,0.43229038,0.43707722,0.44177923,0.44637123,0.4508275,0.45512295,0.459232,0.46312934,0.46678934,0.4701867,0.47329617,0.47609213,0.4785492,0.48064208,0.48234525,0.48363322,0.48448077,0.4848623,0.4847526,0.4841261,0.48302078,0.48150513,0.4795995,0.47732377,0.4746983,0.47174314,0.4684787,0.46492484,0.4611021,0.4570304,0.45273,0.44822103,0.4435237,0.4386583,0.43364486,0.42850354,0.42325464,0.41791838,0.41251475,0.4070641,0.4015865,0.39610216,0.39063135,0.38519412,0.37981066,0.37450135,0.3692861,0.36418518,0.35921878,0.35440713,0.3497704,0.34532875,0.34125817,0.33770433,0.3346419,0.33204535,0.32988942,0.32814848,0.3267973,0.32581034,0.3251623,0.3248277,0.3247811,0.3249971,0.32545033,0.32611534,0.3269667
0.3601555,0.3593516,0.35867548,0.35814735,0.35778737,0.35761583,0.35765284,0.35791862,0.35843322,0.35921708,0.36029014,0.36167264,0.36338484,0.36544684,0.36787888,0.37070122,0.37393382,0.3775096,0.38133106,0.38537264,0.38960907,0.39401484,0.3985646,0.403233,0.4079944,0.41282362,0.4176952,0.42258373,0.42746377,0.43230996,0.43709683,0.441799,0.44639114,0.4508478,0.45514345,0.4592528,0.46315044,0.46681106,0.47020897,0.47331896,0.47611564,0.47857362,0.48066735,0.4823716,0.48366076,0.48450968,0.4848927,0.48478445,0.48415974,0.48305637,0.48154253,0.47963837,0.4773644,0.47474045,0.47178692,0.46852392,0.46497154,0.4611501,0.4570797,0.4527806,0.44827294,0.443577,0.4387128,0.43370053,0.42856053,0.42331284,0.4179777,0.41257524,0.40712577,0.4016493,0.39616612,0.39069647,0.38526034,0.37987813,0.37456992,0.36935586,0.3642562,0.35929102,0.35448065,0.34984514,0.3454048,0.34133542,0.3377828,0.3347212,0.33212548,0.32997015,0.32822978,0.32687902,0.32589233,0.32524452,0.32491,0.3248634,0.32507932,0.32553244,0.32619727,0.32704842
0.3601866,0.35938245,0.3587061,0.35817784,0.35781777,0.35764614,0.35768318,0.35794905,0.35846388,0.35924786,0.36032122,0.36170423,0.3634169,0.36547965,0.36791247,0.3707356,0.37396932,0.37754613,0.38136843,0.3854108,0.38964775,0.39405403,0.39860418,0.4032728,0.40803453,0.41286397,0.41773573,0.4226244,0.42750466,0.43235102,0.43713817,0.44184062,0.44643307,0.45089012,0.4551863,0.4592965,0.4631949,0.4668564,0.4702554,0.47336674,0.47616503,0.4786247,0.48072043,0.4824268,0.48371848,0.48457,0.48495615,0.4848514,0.4842304,0.48313066,0.48162055,0.47972,0.47744942,0.47482893,0.47187847,0.46861866,0.4650693,0.4612508,0.45718336,0.4528871,0.44838214,0.44368884,0.43882713,0.43381754,0.42868003,0.42343485,0.41810212,0.41270214,0.40725505,0.40178105,0.39630032,0.390833,0.38539934,0.38001958,0.37471375,0.36950222,0.36440507,0.3594426,0.3546348,0.35000202,0.34556437,0.3414977,0.3379472,0.3348877,0.33229357,0.33013964,0.32840037,0.32705054,0.3260644,0.325417,0.32508275,0.32503617,0.32525197,0.3257048,0.32636917,0.32721975
0.36023226,0.35942772,0.35875106,0.3582225,0.35786232,0.35769066,0.35772765,0.3579936,0.3585087,0.35929304,0.360367,0.3617506,0.36346412,0.36552778,0.3679617,0.37078616,0.37402135,0.3775997,0.38142323,0.38546664,0.3897045,0.39411145,0.39866218,0.40333128,0.40809342,0.41292316,0.41779512,0.42268407,0.42756456,0.43241116,0.43719867,0.4419016,0.4464946,0.4509523,0.45524934,0.45936033,0.46326002,0.46692288,0.47032365,0.47343698,0.47623742,0.47869965,0.4807982,0.48250777,0.48380315,0.4846588,0.48504937,0.48494962,0.48433393,0.4832399,0.48173517,0.47983983,0.47757432,0.47495863,0.47201303,0.46875772,0.46521282,0.4613987,0.45733526,0.45304322,0.44854224,0.44385272,0.43899503,0.43398917,0.42885536,0.4236138,0.41828474,0.41288832,0.40744475,0.40197432,0.39649707,0.39103332,0.38560334,0.38022706,0.37492496,0.36971706,0.3646237,0.3596649,0.35486093,0.3502321,0.34579852,0.34173566,0.33818853,0.33513188,0.33254027,0.33038834,0.32865068,0.32730207,0.32631704,0.32567015,0.32533613,0.32528967,0.3255053,0.32595763,0.32662144,0.32747114
0.3602907,0.35948566,0.3588086,0.35827973,0.35791934,0.35774752,0.35778457,0.35805067,0.35856605,0.35935092,0.36042544,0.36180994,0.36352447,0.36558938,0.3680248,0.37085095,0.37408805,0.37766826,0.38149342,0.3855382,0.3897771,0.39418495,0.39873645,0.4034061,0.4081687,0.4129988,0.41787124,0.42276046,0.42764124,0.43248826,0.43727618,0.44197968,0.4465733,0.45103192,0.45532998,0.45944223,0.4633434,0.46700817,0.470411,0.47352672,0.47632995,0.47879547,0.4808978,0.48261157,0.48391154,0.48477247,0.4851687,0.48507532,0.4844666,0.48337978,0.4818818,0.47999328,0.47773415,0.47512475,0.4721851,0.46893573,0.46539655,0.4615879,0.45753005,0.45324314,0.44874722,0.4440628,0.4392099,0.43420896,0.42907974,0.42384288,0.41851845,0.41312665,0.40768766,0.40222174,0.39674905,0.39128992,0.38586444,0.38049275,0.37519524,0.3699921,0.3649034,0.35994953,0.3551505,0.35052675,0.34609833,0.3420403,0.3384975,0.33544454,0.33285603,0.3307067,0.32897115,0.3276241,0.3266403,0.32599416,0.3256606,0.32561415,0.3258295,0.3262813,0.3269443,0.32779306
