0.14878339,0.14866441,0.14856437,0.1484862,0.14843296,0.14840756,0.14841303,0.14845234,0.14852852,0.14864452,0.1488033,0.14900787,0.14926127,0.14956641,0.1499263,0.15034395,0.15082231,0.15133733,0.15186222,0.15239596,0.15293752,0.15348588,0.15404002,0.154599,0.15516163,0.15572701,0.15629412,0.15686189,0.15742931,0.15799537,0.15855908,0.15911937,0.15967523,0.16022563,0.16076958,0.16130604,0.16183397,0.16235238,0.16286026,0.16335654,0.16384025,0.16431032,0.16476575,0.16520552,0.16562864,0.16603404,0.16642073,0.16678765,0.16713384,0.16743791,0.16768128,0.1678669,0.16799779,0.16807681,0.16810717,0.16809167,0.16803335,0.16793524,0.16780026,0.16763145,0.16743179,0.16720422,0.16695182,0.16667747,0.16638419,0.16607499,0.16575289,0.1654208,0.16508174,0.1647387,0.16439468,0.16405265,0.1637156,0.16338651,0.16306831,0.16276413,0.16247684,0.16220947,0.16196504,0.16174641,0.16155669,0.16139312,0.16125032,0.16112728,0.16102295,0.16093628,0.16086636,0.1608121,0.16077243,0.16074638,0.16073292,0.16073103,0.16073972,0.16075794,0.16078469,0.16081889
0.14838362,0.14827812,0.14818943,0.14812012,0.14807288,0.14805037,0.14805521,0.1480901,0.14815764,0.14826047,0.14840129,0.14858273,0.14880739,0.14907797,0.14939712,0.14976747,0.15019165,0.15064682,0.15110783,0.15157409,0.15204507,0.15252005,0.15299849,0.15347975,0.15396327,0.15444842,0.15493453,0.15542108,0.1559074,0.15639295,0.15687709,0.15735914,0.15783858,0.15831481,0.15878718,0.15925509,0.15971792,0.1601751,0.16062596,0.16107,0.16150652,0.16193493,0.1623546,0.16276501,0.16316544,0.16355537,0.16393414,0.16430117,0.16465586,0.16497634,0.16524297,0.16545838,0.16562527,0.16574624,0.1658239,0.16586103,0.16586016,0.165824,0.16575515,0.16565627,0.16553007,0.16537912,0.1652061,0.16501366,0.16480443,0.16458113,0.16434632,0.16410267,0.16385283,0.16359948,0.16334525,0.16309278,0.16284473,0.16260372,0.16237243,0.16215354,0.1619496,0.16176336,0.16159742,0.16145441,0.16133702,0.16123968,0.1611547,0.16108148,0.16101937,0.16096783,0.1609262,0.16089389,0.1608703,0.16085479,0.16084678,0.16084567,0.16085084,0.1608617,0.16087759,0.16089793
0.14804743,0.14795327,0.14787406,0.1478122,0.14777006,0.14774996,0.14775428,0.14778541,0.1478457,0.14793752,0.1480632,0.14822513,0.14842568,0.1486672,0.14895207,0.14928263,0.14966127,0.15006606,0.15047337,0.15088293,0.1512945,0.15170777,0.15212254,0.15253854,0.15295546,0.15337309,0.15379111,0.15420936,0.15462749,0.1550453,0.1554625,0.15587883,0.15629399,0.15670781,0.15711997,0.15753023,0.1579383,0.15834399,0.15874696,0.159147,0.15954383,0.1599372,0.16032684,0.16071247,0.16109389,0.1614708,0.16184291,0.16221003,0.16257185,0.16290613,0.16319232,0.16343282,0.16362998,0.16378614,0.16390376,0.16398507,0.16403247,0.16404845,0.16403522,0.16399516,0.16393068,0.16384417,0.16373798,0.1636144,0.16347586,0.16332473,0.16316338,0.1629941,0.16281931,0.16264139,0.16246267,0.16228554,0.16211234,0.16194545,0.16178723,0.16164002,0.16150622,0.16138817,0.16128826,0.16120882,0.16115224,0.16111062,0.16107428,0.16104294,0.16101639,0.16099432,0.16097653,0.16096273,0.1609526,0.16094597,0.1609426,0.16094209,0.16094428,0.16094893,0.16095576,0.16096444
0.14778483,0.1476995,0.14762776,0.14757171,0.14753352,0.14751534,0.14751928,0.14754744,0.14760205,0.14768523,0.14779912,0.14794582,0.14812751,0.14834635,0.14860444,0.14890394,0.14924698,0.14961241,0.1499778,0.15034308,0.15070823,0.1510733,0.15143834,0.15180331,0.15216824,0.15253311,0.15289798,0.15326288,0.15362775,0.15399265,0.15435757,0.15472253,0.15508752,0.15545258,0.15581773,0.15618296,0.15654828,0.15691373,0.15727928,0.15764494,0.15801078,0.1583768,0.15874292,0.1591093,0.15947579,0.15984252,0.16020948,0.16057664,0.16094406,0.16128908,0.16159056,0.16185066,0.16207145,0.1622552,0.16240387,0.16251975,0.16260491,0.16266151,0.16269171,0.16269766,0.16268143,0.16264522,0.16259119,0.16252144,0.1624381,0.1623434,0.16223937,0.16212822,0.16201204,0.16189304,0.16177331,0.161655,0.16154027,0.16143125,0.16133004,0.16123891,0.16115989,0.16109511,0.16104677,0.161017,0.16100794,0.16100982,0.16101144,0.16101286,0.16101405,0.16101503,0.16101585,0.16101645,0.16101693,0.1610172,0.16101737,0.1610174,0.16101727,0.16101706,0.16101676,0.16101639
0.14760587,0.14752656,0.14745991,0.14740783,0.1473723,0.14735541,0.14735906,0.14738527,0.14743601,0.14751333,0.14761913,0.14775546,0.1479243,0.14812768,0.14836752,0.14864582,0.14896461,0.14930329,0.14964005,0.14997514,0.15030865,0.1506409,0.15097204,0.15130225,0.15163173,0.15196072,0.15228935,0.15261784,0.15294641,0.1532752,0.15360454,0.15393443,0.15426527,0.15459712,0.15493022,0.15526478,0.1556009,0.15593895,0.156279,0.15662128,0.15696597,0.15731332,0.1576635,0.15801665,0.15837301,0.15873282,0.15909624,0.15946347,0.15983465,0.16018705,0.16049895,0.16077238,0.16100933,0.16121174,0.16138172,0.1615211,0.16163199,0.16171636,0.16177614,0.16181336,0.16183004,0.16182812,0.16180965,0.16177659,0.16173087,0.16167456,0.16160963,0.1615381,0.16146185,0.16138299,0.16130346,0.16122527,0.1611504,0.16108079,0.16101852,0.16096558,0.16092382,0.16089538,0.16088223,0.16088627,0.1609096,0.16094112,0.16096866,0.16099235,0.16101244,0.16102916,0.16104266,0.16105309,0.16106075,0.16106577,0.16106836,0.16106871,0.16106704,0.1610635,0.16105838,0.1610518
0.14752056,0.14744414,0.1473799,0.1473297,0.1472955,0.14727919,0.1472827,0.14730796,0.14735687,0.14743136,0.14753336,0.14766474,0.14782746,0.14802346,0.14825456,0.1485228,0.14883003,0.14915591,0.14947906,0.14979976,0.15011822,0.15043484,0.15074977,0.15106341,0.15137602,0.15168786,0.15199924,0.15231039,0.15262166,0.1529333,0.15324561,0.15355888,0.15387334,0.15418938,0.15450719,0.15482709,0.15514937,0.15547433,0.15580224,0.15613335,0.15646796,0.15680642,0.15714894,0.15749584,0.15784742,0.15820391,0.1585656,0.15893285,0.15930587,0.15966174,0.15997864,0.16025844,0.16050304,0.16071443,0.16089447,0.16104509,0.16116825,0.16126584,0.16133972,0.16139188,0.16142423,0.16143867,0.16143714,0.16142154,0.16139379,0.16135578,0.16130948,0.1612568,0.16119961,0.1611399,0.16107953,0.16102046,0.16096453,0.16091378,0.16087003,0.16083527,0.16081135,0.16080022,0.16080375,0.16082397,0.1608627,0.16090834,0.16094822,0.1609826,0.16101168,0.16103588,0.1610554,0.16107057,0.16108164,0.1610889,0.16109265,0.16109319,0.16109075,0.16108568,0.1610782,0.16106863
0.14753895,0.14746192,0.14739715,0.14734657,0.14731207,0.14729562,0.14729919,0.14732465,0.14737394,0.14744902,0.14755186,0.1476843,0.14784835,0.14804594,0.14827894,0.14854935,0.14885905,0.14918774,0.1495138,0.14983757,0.1501593,0.15047929,0.15079772,0.15111493,0.15143117,0.15174673,0.1520618,0.1523767,0.15269169,0.15300703,0.15332298,0.15363985,0.15395789,0.15427734,0.15459843,0.1549215,0.1552468,0.15557455,0.15590504,0.15623859,0.15657541,0.15691574,0.15725994,0.1576082,0.15796074,0.15831798,0.15868007,0.15904729,0.15941992,0.15977505,0.16009086,0.16036928,0.16061223,0.1608217,0.16099954,0.16114776,0.1612683,0.161363,0.16143386,0.16148281,0.16151173,0.16152269,0.16151747,0.1614981,0.16146648,0.16142456,0.16137421,0.16131745,0.16125616,0.16119234,0.16112782,0.16106462,0.16100463,0.16094981,0.16090207,0.16086335,0.1608356,0.16082074,0.16082068,0.16083741,0.16087282,0.16091543,0.16095263,0.16098471,0.16101187,0.16103442,0.16105264,0.16106679,0.16107714,0.16108394,0.16108742,0.16108792,0.16108564,0.16108088,0.16107394,0.16106501
0.14767109,0.14758961,0.14752108,0.14746755,0.14743108,0.14741369,0.14741746,0.1474444,0.14749655,0.14757597,0.14768472,0.14782485,0.14799841,0.14820738,0.14845386,0.14873989,0.14906752,0.14941597,0.14976317,0.15010922,0.1504543,0.15079853,0.15114202,0.15148489,0.15182729,0.15216936,0.1525112,0.15285295,0.15319477,0.15353669,0.153879,0.1542217,0.15456498,0.15490891,0.1552537,0.15559943,0.15594624,0.15629423,0.1566436,0.15699439,0.15734681,0.15770091,0.15805691,0.15841492,0.15877497,0.15913731,0.15950201,0.1598692,0.16023901,0.16058871,0.16089684,0.16116542,0.16139646,0.16159207,0.16175425,0.16188508,0.1619866,0.16206084,0.16210987,0.1621357,0.16214037,0.16212596,0.16209452,0.16204804,0.16198866,0.16191833,0.16183916,0.16175315,0.1616624,0.1615689,0.16147472,0.16138189,0.1612925,0.16120854,0.16113208,0.16106518,0.16100988,0.1609682,0.16094218,0.16093393,0.16094543,0.16096613,0.16098422,0.16099983,0.16101304,0.161024,0.16103286,0.16103974,0.16104478,0.16104807,0.16104977,0.16105,0.1610489,0.1610466,0.16104321,0.16103888
0.14792702,0.14783691,0.14776109,0.14770192,0.14766157,0.14764234,0.1476465,0.1476763,0.14773399,0.14782183,0.14794213,0.14809704,0.14828894,0.14852005,0.14879264,0.14910896,0.14947127,0.14985803,0.15024608,0.15063533,0.15102564,0.15141681,0.15180878,0.15220135,0.15259445,0.15298788,0.15338154,0.1537753,0.154169,0.15456253,0.15495577,0.15534852,0.15574072,0.15613218,0.15652277,0.15691237,0.15730084,0.15768807,0.15807387,0.15845817,0.1588408,0.1592216,0.15960045,0.15997726,0.16035184,0.16072407,0.16109382,0.16146097,0.16182533,0.16216457,0.16245772,0.16270724,0.16291526,0.16308406,0.16321589,0.16331305,0.1633778,0.16341239,0.16341907,0.16340013,0.16335778,0.16329435,0.16321203,0.16311318,0.16299996,0.16287471,0.16273962,0.162597,0.16244908,0.16229819,0.16214652,0.16199636,0.16184999,0.16170964,0.16157757,0.16145605,0.16134737,0.16125377,0.16117752,0.16112088,0.16108607,0.1610644,0.16104545,0.16102915,0.16101532,0.16100383,0.16099454,0.16098736,0.1609821,0.16097865,0.16097689,0.16097663,0.16097775,0.16098018,0.16098374,0.1609883
0.14831674,0.14821346,0.14812666,0.14805885,0.14801262,0.14799057,0.14799532,0.14802946,0.14809553,0.14819619,0.14833401,0.14851154,0.14873141,0.14899623,0.14930855,0.14967096,0.1500861,0.15053125,0.15098156,0.15143655,0.15189569,0.15235843,0.15282418,0.15329246,0.15376271,0.15423441,0.15470698,0.15517992,0.15565273,0.15612474,0.15659554,0.15706453,0.15753122,0.15799502,0.1584554,0.15891185,0.15936379,0.15981069,0.16025206,0.16068728,0.1611159,0.16153736,0.16195107,0.16235654,0.1627532,0.16314054,0.16351798,0.16388501,0.16424112,0.16456436,0.16483489,0.16505529,0.1652282,0.16535617,0.16544181,0.16548768,0.16549645,0.16547064,0.16541283,0.1653257,0.1652118,0.16507366,0.16491392,0.16473518,0.16454007,0.1643311,0.16411088,0.16388205,0.16364716,0.1634088,0.16316961,0.16293214,0.16269898,0.16247272,0.16225599,0.16205135,0.16186136,0.16168869,0.16153589,0.16140553,0.16130023,0.161214,0.16113871,0.16107379,0.1610188,0.1609731,0.1609362,0.16090757,0.16088668,0.16087295,0.16086581,0.16086487,0.16086943,0.16087903,0.16089314,0.16091117
0.14885028,0.14872909,0.14862712,0.14854749,0.1484932,0.14846736,0.14847292,0.14851299,0.1485906,0.14870879,0.14887059,0.14907905,0.14933722,0.14964814,0.15001485,0.15044044,0.15092787,0.15145293,0.15198845,0.1525335,0.15308687,0.15364754,0.15421437,0.15478629,0.15536217,0.15594101,0.15652165,0.15710306,0.15768403,0.15826358,0.15884061,0.15941398,0.15998259,0.16054544,0.16110137,0.16164927,0.16218814,0.16271679,0.16323419,0.16373922,0.16423084,0.16470788,0.16516928,0.16561402,0.1660409,0.16644888,0.16683689,0.1672038,0.16754857,0.16784991,0.16808936,0.16826999,0.16839483,0.16846691,0.16848929,0.168465,0.16839705,0.16828857,0.16814253,0.16796204,0.16775006,0.16750969,0.16724399,0.16695592,0.16664858,0.16632503,0.16598831,0.1656414,0.16528745,0.16492938,0.16457032,0.16421328,0.16386133,0.1635175,0.1631848,0.16286632,0.16256508,0.16228415,0.16202651,0.16179529,0.16159347,0.16141883,0.16126634,0.16113496,0.16102354,0.16093104,0.16085635,0.16079839,0.160756,0.1607282,0.16071385,0.16071188,0.16072112,0.16074057,0.1607691,0.16080566
0.14953773,0.14939335,0.1492719,0.14917704,0.14911239,0.14908159,0.14908823,0.14913598,0.14922841,0.1493692,0.1495619,0.14981021,0.15011774,0.15048811,0.15092492,0.1514318,0.15201242,0.1526404,0.15328579,0.15394682,0.15462163,0.15530844,0.15600549,0.15671095,0.15742296,0.15813982,0.15885969,0.15958075,0.16030118,0.16101924,0.1617331,0.16244094,0.16314097,0.16383141,0.16451044,0.16517626,0.16582705,0.166461,0.1670764,0.16767134,0.16824406,0.1687928,0.16931568,0.16981094,0.17027678,0.1707114,0.17111298,0.17147976,0.17180987,0.17208304,0.17228247,0.17241183,0.17247473,0.17247479,0.17241564,0.17230092,0.17213424,0.1719192,0.17165948,0.17135869,0.17102042,0.17064829,0.170246,0.16981712,0.16936526,0.16889407,0.16840717,0.16790819,0.16740075,0.16688846,0.166375,0.16586395,0.16535892,0.16486357,0.1643815,0.16391635,0.16347174,0.16305132,0.16265868,0.16229744,0.16197126,0.16168271,0.1614308,0.16121373,0.16102965,0.16087686,0.16075343,0.16065763,0.16058768,0.16054174,0.16051804,0.16051476,0.16053006,0.16056217,0.16060932,0.16066967
0.15038912,0.15021601,0.15007046,0.14995675,0.14987925,0.1498423,0.14985028,0.14990748,0.1500183,0.15018706,0.15041806,0.15071572,0.15108436,0.15152833,0.15205194,0.1526596,0.15335557,0.15411106,0.15489244,0.15569709,0.1565223,0.1573654,0.15822367,0.1590945,0.15997514,0.16086291,0.16175517,0.16264923,0.16354239,0.16443196,0.16531532,0.16618967,0.16705245,0.16790089,0.16873235,0.16954415,0.17033361,0.171098,0.17183472,0.172541,0.17321424,0.1738517,0.17445071,0.1750086,0.17552267,0.17599027,0.17640868,0.17677523,0.17708725,0.17732553,0.17747536,0.17754123,0.17752743,0.17743832,0.17727824,0.17705153,0.17676249,0.17641553,0.17601502,0.17556521,0.17507054,0.17453527,0.17396381,0.1733605,0.17272966,0.17207563,0.17140278,0.17071542,0.17001797,0.1693147,0.16860999,0.16790816,0.16721359,0.1665306,0.16586353,0.16521674,0.16459459,0.16400142,0.16344154,0.16291933,0.16243911,0.16200957,0.16163447,0.16131127,0.16103724,0.1608097,0.16062598,0.1604834,0.1603792,0.1603108,0.16027552,0.16027059,0.1602934,0.16034122,0.16041142,0.16050126
0.15141444,0.15120679,0.15103215,0.15089574,0.15080278,0.15075846,0.15076803,0.15083668,0.15096958,0.15117203,0.15144919,0.15180628,0.15224852,0.1527811,0.15340926,0.15413819,0.15497315,0.15588215,0.15682735,0.15780501,0.15881135,0.15984263,0.16089511,0.16196507,0.16304874,0.16414241,0.1652423,0.16634469,0.16744582,0.16854201,0.16962942,0.17070438,0.1717631,0.17280187,0.17381693,0.17480452,0.17576095,0.17668247,0.17756529,0.17840569,0.17919993,0.17994426,0.18063495,0.18126826,0.18184043,0.18234773,0.1827864,0.18315272,0.18344294,0.1836391,0.1837293,0.18371871,0.18361256,0.18341602,0.18313435,0.18277274,0.18233643,0.18183057,0.18126044,0.18063124,0.17994818,0.17921646,0.1784413,0.17762792,0.17678149,0.17590727,0.17501047,0.17409629,0.17316994,0.17223665,0.17130165,0.17037006,0.1694472,0.16853824,0.16764838,0.16678286,0.16594687,0.16514562,0.16438437,0.16366827,0.16300258,0.1624031,0.16187976,0.16142875,0.16104639,0.16072887,0.1604725,0.1602735,0.16012816,0.16003272,0.15998344,0.15997656,0.1600084,0.16007514,0.16017307,0.16029847
0.15262371,0.15237533,0.15216641,0.15200326,0.15189202,0.15183899,0.15185045,0.15193255,0.15209158,0.15233374,0.1526653,0.15309249,0.15362152,0.15425867,0.1550101,0.15588216,0.156881,0.15797113,0.15910949,0.16029118,0.16151112,0.16276436,0.16404589,0.16535074,0.16667388,0.1680104,0.16935518,0.17070328,0.17204973,0.17338954,0.17471768,0.17602919,0.17731905,0.17858228,0.17981388,0.18100888,0.18216223,0.183269,0.18432416,0.18532273,0.1862597,0.1871301,0.18792892,0.18865117,0.18929185,0.18984601,0.1903086,0.1906746,0.19093911,0.1910857,0.19110548,0.19100472,0.19078957,0.19046639,0.19004132,0.18952061,0.18891053,0.18821733,0.18744719,0.18660636,0.18570112,0.18473764,0.18372221,0.18266104,0.18156041,0.1804265,0.17926553,0.17808382,0.17688753,0.17568292,0.17447625,0.17327374,0.17208162,0.17090613,0.1697535,0.16862997,0.1675418,0.16649517,0.16549638,0.16455162,0.16366716,0.16286734,0.16216904,0.16156735,0.16105714,0.16063352,0.16029146,0.16002595,0.15983203,0.15970469,0.15963896,0.15962978,0.15967228,0.15976128,0.15989198,0.16005926
0.15402706,0.15373136,0.15348266,0.15328841,0.15315601,0.15309294,0.15310654,0.15320426,0.15339358,0.15368183,0.15407656,0.15458505,0.15521486,0.15597332,0.15686786,0.15790594,0.15909494,0.16039522,0.16175781,0.16317622,0.16464408,0.1661549,0.1677022,0.16927963,0.1708807,0.17249893,0.1741279,0.17576116,0.17739232,0.17901482,0.18062232,0.18220837,0.18376641,0.18529011,0.18677302,0.18820864,0.18959054,0.19091232,0.19216745,0.19334956,0.19445217,0.19546884,0.19639316,0.19721864,0.19793883,0.1985473,0.19903764,0.19940335,0.199638,0.19972704,0.19966513,0.19945967,0.19911812,0.19864795,0.19805643,0.19735114,0.19653946,0.19562876,0.19462653,0.19354013,0.19237708,0.19114468,0.18985042,0.18850178,0.18710606,0.18567076,0.18420331,0.18271112,0.18120158,0.17968218,0.17816025,0.1766433,0.17513873,0.17365395,0.17219637,0.17077348,0.16939262,0.16806124,0.16678682,0.1655767,0.16443837,0.16340604,0.16250479,0.16172816,0.16106965,0.16052288,0.16008136,0.1597387,0.15948842,0.15932405,0.1592392,0.15922739,0.15928218,0.15939713,0.15956575,0.15978171
0.15563445,0.15528455,0.15499032,0.15476048,0.15460384,0.15452915,0.15454526,0.15466091,0.1548849,0.155226,0.155693,0.1562947,0.15703987,0.15793726,0.1589957,0.16022396,0.16163082,0.16317181,0.16479117,0.1664808,0.1682326,0.17003842,0.1718902,0.17377985,0.1756992,0.17764017,0.17959464,0.18155454,0.18351175,0.18545811,0.18738559,0.18928602,0.1911513,0.19297338,0.19474408,0.19645534,0.19809902,0.19966704,0.20115125,0.20254359,0.20383593,0.20502016,0.20608819,0.20703189,0.20784317,0.2085139,0.20903598,0.20940131,0.20960179,0.2096249,0.20946941,0.2091441,0.20865776,0.20801915,0.20723708,0.20632033,0.20527768,0.20411792,0.20284984,0.20148216,0.20002376,0.19848336,0.19686976,0.19519176,0.19345812,0.19167764,0.18985908,0.18801126,0.18614295,0.1842629,0.18237993,0.18050283,0.17864037,0.17680132,0.17499448,0.17322864,0.17151257,0.16985506,0.16826488,0.16675085,0.16532171,0.1640231,0.16288933,0.16191232,0.16108397,0.16039614,0.15984073,0.15940967,0.15909483,0.15888807,0.15878132,0.15876645,0.15883537,0.15897997,0.15919212,0.15946373
0.15733597,0.15692589,0.15658097,0.15631157,0.15612797,0.15604044,0.15605934,0.1561949,0.15645742,0.1568572,0.15740465,0.15810986,0.15898328,0.16003515,0.1612758,0.16271546,0.16436447,0.16617298,0.16807757,0.17006835,0.17213535,0.17426865,0.17645827,0.17869428,0.18096681,0.1832658,0.18558139,0.18790357,0.19022247,0.19252813,0.19481055,0.19705985,0.19926603,0.20141923,0.20350942,0.20552671,0.20746115,0.20930275,0.21104167,0.21266788,0.21417147,0.21554247,0.21677098,0.21784702,0.21876065,0.21950196,0.22006094,0.22042775,0.22059235,0.22054449,0.22028723,0.21983096,0.2191859,0.21836242,0.21737075,0.2162212,0.21492416,0.21348974,0.2119284,0.21025036,0.20846596,0.20658547,0.20461914,0.20257734,0.2004703,0.1983084,0.19610181,0.19386098,0.19159608,0.18931745,0.18703543,0.18476023,0.18250225,0.18027169,0.17807886,0.1759341,0.17384768,0.17182986,0.169891,0.1680414,0.1662913,0.16469881,0.16330846,0.16211034,0.16109452,0.16025102,0.15956995,0.1590413,0.15865523,0.15840162,0.15827076,0.1582525,0.15833704,0.15851438,0.15877451,0.15910761
0.15901649,0.1585415,0.15814202,0.15782997,0.15761733,0.15751594,0.15753782,0.15769485,0.15799893,0.15846199,0.15909597,0.15991282,0.16092443,0.16214274,0.16357967,0.16524716,0.16715708,0.1692537,0.17146531,0.17378001,0.17618594,0.17867114,0.18122377,0.18383193,0.18648367,0.18916714,0.19187047,0.19458166,0.19728898,0.19998035,0.20264404,0.20526801,0.20784047,0.2103495,0.21278314,0.21512955,0.21737684,0.2195131,0.22152647,0.22340499,0.22513679,0.22670998,0.22811265,0.22933292,0.23035888,0.23117867,0.23178038,0.23215203,0.23228185,0.2321615,0.2317988,0.23120545,0.2303935,0.22937487,0.22816148,0.22676522,0.22519802,0.22347185,0.22159865,0.21959023,0.21745865,0.21521571,0.21287343,0.21044372,0.20793846,0.20536962,0.2027491,0.2000888,0.19740072,0.1946967,0.19198877,0.18928874,0.1866086,0.18396026,0.18135563,0.17880663,0.17632526,0.17392333,0.17161286,0.16940571,0.16731386,0.16540849,0.16374508,0.1623116,0.16109623,0.16008708,0.1592722,0.1586397,0.15817773,0.1578744,0.15771778,0.15769593,0.15779708,0.1580092,0.15832049,0.15871902
0.16067815,0.16013408,0.1596765,0.1593191,0.15907551,0.15895942,0.15898445,0.15916428,0.15951258,0.16004302,0.1607692,0.16170485,0.16286357,0.16425902,0.16590491,0.16781487,0.17000256,0.17240578,0.17494386,0.17760298,0.18036899,0.18322806,0.18616623,0.18916951,0.19222397,0.19531567,0.19843055,0.20155476,0.20467436,0.20777532,0.21084374,0.21386565,0.21682705,0.21971403,0.22251266,0.22520892,0.2277889,0.23023862,0.23254412,0.2346915,0.23666674,0.23845594,0.24004506,0.24142027,0.24256748,0.2434728,0.24412234,0.24450207,0.244598,0.24440402,0.24393226,0.24319647,0.24221027,0.24098732,0.23954123,0.23788576,0.23603448,0.23400113,0.23179923,0.2294426,0.22694479,0.22431953,0.22158045,0.21874118,0.21581544,0.21281677,0.209759,0.20665568,0.20352046,0.20036705,0.19720909,0.19406022,0.19093414,0.18784444,0.18480486,0.18182904,0.17893057,0.17612317,0.1734205,0.17083623,0.16838397,0.1661488,0.1641974,0.16251577,0.16109005,0.15990618,0.15895025,0.1582083,0.15766636,0.15731052,0.15712675,0.15710118,0.15721978,0.15746869,0.15783384,0.15830132
0.16232313,0.16170627,0.1611875,0.1607823,0.1605061,0.16037448,0.16040288,0.16060679,0.16100165,0.161603,0.16242637,0.16348717,0.16480087,0.16638301,0.16824907,0.17041448,0.17289484,0.17562099,0.17850284,0.18152432,0.18466932,0.18792167,0.19126526,0.19468407,0.19816196,0.20168276,0.20523044,0.20878886,0.21234189,0.21587346,0.21936744,0.2228077,0.22617821,0.22946277,0.23264533,0.23570976,0.23863997,0.24141979,0.2440332,0.24646401,0.24869621,0.2507136,0.25250006,0.2540396,0.255316,0.2563132,0.25701508,0.25740558,0.25746846,0.2571997,0.25661597,0.25573286,0.2545659,0.25313047,0.2514421,0.24951634,0.24736857,0.2450143,0.24246906,0.23974831,0.23686755,0.23384227,0.23068792,0.22741997,0.224054,0.22060539,0.21708973,0.21352242,0.20991895,0.20629488,0.20266563,0.19904667,0.19545357,0.19190177,0.18840669,0.18498394,0.18164891,0.17841716,0.1753041,0.17232524,0.16949609,0.1669161,0.16466363,0.16272257,0.16107686,0.15971035,0.15860693,0.1577505,0.15712498,0.15671422,0.15650213,0.15647261,0.1566095,0.1568968,0.15731831,0.1578579
0.1639536,0.16326076,0.16267805,0.16222294,0.16191275,0.1617649,0.16179678,0.16202581,0.16246933,0.16314481,0.1640696,0.16526105,0.1667366,0.16851369,0.17060965,0.17304185,0.17582777,0.17889108,0.18213171,0.1855313,0.18907152,0.19273403,0.19650048,0.20035252,0.20427181,0.20824008,0.21223886,0.21624984,0.22025478,0.22423524,0.22817287,0.23204936,0.23584639,0.23954561,0.24312858,0.24657714,0.24987279,0.25299725,0.2559321,0.25865918,0.26116,0.2634162,0.26540953,0.26712155,0.268534,0.26962852,0.27038676,0.27079034,0.27082098,0.2704764,0.26977813,0.26874354,0.26739007,0.26573518,0.26379615,0.2615904,0.25913537,0.2564484,0.2535469,0.25044832,0.24716991,0.2437292,0.2401436,0.23643039,0.232607,0.22869089,0.22469938,0.22064996,0.21655986,0.2124466,0.20832756,0.2042201,0.20014164,0.19610955,0.19214125,0.18825409,0.18446551,0.18079294,0.17725366,0.17386514,0.17064478,0.16770688,0.16514194,0.16293164,0.16105759,0.1595015,0.15824501,0.1572698,0.15655747,0.15608972,0.15584823,0.1558146,0.15597054,0.15629764,0.15677762,0.15739208
0.16557178,0.16480021,0.16415128,0.16364442,0.16329898,0.16313434,0.16316986,0.16342492,0.16391884,0.16467108,0.16570093,0.16702779,0.16867103,0.17065004,0.17298414,0.17569281,0.17879526,0.18220785,0.18581992,0.18961105,0.19356038,0.1976474,0.2018514,0.20615175,0.21052782,0.21495897,0.21942446,0.22390376,0.22837617,0.23282106,0.23721778,0.24154568,0.24578406,0.24991237,0.25390992,0.25775605,0.2614301,0.2649115,0.26817954,0.2712135,0.27399293,0.276497,0.27870515,0.28059676,0.28215107,0.28334752,0.28416547,0.28458428,0.2845832,0.28416198,0.2833469,0.28215727,0.2806126,0.27873215,0.27653533,0.27404147,0.27126995,0.26824018,0.26497155,0.26148337,0.25779498,0.25392586,0.24989529,0.24572265,0.24142736,0.23702875,0.23254621,0.22799906,0.22340679,0.21878867,0.21416406,0.20955239,0.204973,0.20044526,0.19598855,0.19162224,0.18736567,0.18323824,0.17925934,0.17544834,0.17182451,0.1685176,0.16563047,0.16314259,0.16103315,0.1592816,0.15786734,0.1567696,0.15596783,0.15544133,0.15516949,0.15513164,0.1553071,0.1556753,0.1562156,0.15690726
0.1671798,0.16632721,0.1656102,0.16505013,0.16466844,0.16448653,0.16452573,0.16480757,0.16535336,0.16618451,0.1673225,0.16878863,0.17060435,0.17279108,0.17537019,0.1783631,0.18179123,0.18556298,0.18955714,0.19375066,0.1981206,0.20264393,0.20729764,0.21205868,0.21690413,0.22181094,0.22675604,0.23171654,0.23666932,0.24159142,0.24645986,0.25125164,0.2559437,0.260513,0.26493666,0.26919153,0.27325472,0.27710313,0.2807138,0.28406376,0.2871299,0.28988928,0.29231897,0.2943958,0.29609677,0.29739907,0.29827952,0.29871505,0.29868287,0.29818428,0.29725063,0.2959031,0.2941631,0.29205224,0.2895917,0.28680298,0.28370747,0.28032663,0.27668172,0.27279437,0.26868582,0.2643774,0.2598907,0.25524706,0.25046784,0.24557441,0.2405883,0.23553082,0.23042338,0.22528747,0.22014438,0.21501558,0.20992239,0.2048863,0.19992873,0.19507101,0.1903346,0.18574089,0.18131122,0.17706712,0.17302984,0.16934478,0.16612753,0.16335508,0.16100447,0.15905264,0.15747662,0.15625335,0.1553599,0.15477319,0.15447025,0.15442808,0.15462364,0.15503398,0.155636,0.15640676
0.16877984,0.1678445,0.16705789,0.16644347,0.16602468,0.16582516,0.1658682,0.16617733,0.16677609,0.16768795,0.16893637,0.17054482,0.17253682,0.17493579,0.17776525,0.1810487,0.18480958,0.18894833,0.19333276,0.19793741,0.20273691,0.20770583,0.21281873,0.21805027,0.22337498,0.22876745,0.2342023,0.23965406,0.24509738,0.25050685,0.25585696,0.26112238,0.26627767,0.2712974,0.27615622,0.28082862,0.28528926,0.28951266,0.29347357,0.2971464,0.3005058,0.3035263,0.30618265,0.30844924,0.31030074,0.31171176,0.31265682,0.31311062,0.3130476,0.3124712,0.31141737,0.3099096,0.3079714,0.3056261,0.30289724,0.29980838,0.296383,0.29264453,0.28861645,0.28432223,0.2797854,0.2750294,0.27007765,0.26495382,0.25968122,0.25428337,0.24878386,0.24320598,0.23757334,0.2319094,0.22623762,0.22058149,0.21496455,0.20941018,0.20394188,0.19858323,0.19335757,0.18828851,0.18339942,0.17871387,0.17425528,0.17018487,0.1666312,0.16356887,0.16097242,0.1588165,0.15707566,0.15572451,0.15473762,0.15408957,0.15375495,0.15370837,0.15392438,0.15437758,0.15504262,0.15589395
0.17037405,0.1693547,0.16849738,0.16782779,0.1673714,0.16715387,0.16720079,0.16753773,0.16819032,0.16918409,0.17054467,0.17229767,0.17446862,0.17708318,0.18016689,0.18374535,0.1878442,0.1923556,0.1971363,0.20215838,0.20739396,0.21281523,0.21839432,0.2241034,0.22991459,0.23580007,0.24173199,0.24768241,0.25362363,0.2595277,0.26536667,0.2711129,0.27673846,0.28221542,0.287516,0.29261234,0.29747656,0.30208078,0.3063973,0.3103981,0.3140554,0.31734136,0.32022807,0.32268772,0.32469252,0.3262145,0.32722583,0.32769865,0.32760522,0.3269506,0.32577565,0.32410595,0.32196707,0.31938457,0.31638414,0.31299132,0.30923164,0.30513075,0.30071428,0.29600778,0.2910368,0.28582704,0.28040394,0.27479318,0.26902044,0.2631111,0.25709093,0.2509854,0.2448202,0.23862089,0.23241304,0.22622223,0.22007412,0.21399422,0.20800813,0.20214152,0.1964199,0.19086884,0.18551403,0.18038099,0.17549534,0.17103434,0.16713968,0.16378354,0.16093795,0.15857515,0.15666728,0.15518649,0.15410487,0.15339467,0.15302795,0.1529769,0.15321365,0.1537103,0.1544391,0.15537216
0.17196469,0.17086045,0.1699318,0.16920646,0.16871206,0.16847645,0.16852726,0.16889226,0.16959915,0.17067565,0.17214948,0.17404838,0.17640007,0.17923224,0.18257265,0.18644898,0.19088897,0.19577664,0.20095733,0.2064007,0.2120765,0.21795434,0.22400394,0.23019496,0.2364972,0.24288021,0.24931374,0.25576752,0.2622111,0.26861438,0.2749469,0.28117833,0.28727844,0.29321694,0.29896343,0.30448762,0.30975926,0.314748,0.31942347,0.32375544,0.32771355,0.33126754,0.33438706,0.3370419,0.33920157,0.34083587,0.34191447,0.34240705,0.3422833,0.34155023,0.34025344,0.3384208,0.33607987,0.33325848,0.32998425,0.32628497,0.32218844,0.31772223,0.31291413,0.3077919,0.30238312,0.2967157,0.2908173,0.2847155,0.2784382,0.27201304,0.26546776,0.25883004,0.25212774,0.24538839,0.2386398,0.23190969,0.22522584,0.21861586,0.21210754,0.20572858,0.19950671,0.19346967,0.18764512,0.18206087,0.17674454,0.1718897,0.16765125,0.16399874,0.16090196,0.15833057,0.15625426,0.15464275,0.15346564,0.15269272,0.15229364,0.15223807,0.1524957,0.15303627,0.15382938,0.15484479
0.17355385,0.17236444,0.17136416,0.17058285,0.17005037,0.16979656,0.16985127,0.17024444,0.17100585,0.17216538,0.17375293,0.17579828,0.17833132,0.18138197,0.18498,0.18915534,0.19393781,0.19920315,0.20478535,0.21065164,0.21676922,0.22310534,0.22962716,0.23630194,0.24309696,0.24997935,0.25691637,0.26387528,0.2708232,0.2777275,0.28455526,0.29127377,0.29785022,0.30425188,0.31044596,0.31639963,0.32208014,0.32745478,0.33249065,0.33715507,0.3414152,0.34523833,0.34859163,0.35144228,0.35375765,0.3555048,0.356651,0.35716352,0.35700956,0.35619792,0.35477912,0.35278305,0.35023952,0.34717843,0.34362972,0.33962306,0.3351885,0.3303558,0.32515478,0.31961542,0.31376746,0.30764088,0.30126542,0.29467097,0.28788742,0.28094465,0.27387252,0.26670083,0.25945944,0.25217828,0.24488711,0.23761588,0.23039445,0.22325258,0.21622024,0.20932722,0.20260343,0.19607867,0.18978283,0.18374577,0.1779974,0.17274742,0.16816394,0.16421422,0.16086537,0.1580847,0.15583941,0.15409668,0.15282379,0.15198795,0.15155637,0.15149628,0.15177491,0.15235943,0.15321717,0.15431522
0.17514372,0.17386933,0.17279753,0.17196037,0.17138982,0.1711179,0.17117654,0.17159778,0.17241363,0.17365605,0.17535703,0.17754859,0.18026271,0.18353136,0.18738657,0.19186033,0.19698463,0.20262691,0.2086099,0.21489829,0.22145686,0.22825037,0.23524354,0.24240124,0.2496881,0.257069,0.2645086,0.27197164,0.279423,0.28682742,0.2941495,0.30135414,0.3084061,0.3152701,0.3219109,0.32829326,0.33438197,0.3401417,0.34553733,0.35053357,0.35509515,0.3591869,0.36277342,0.36581963,0.36829022,0.37014997,0.37136364,0.37189603,0.3717118,0.37082157,0.36928084,0.3671216,0.3643758,0.3610754,0.35725254,0.35293904,0.34816694,0.3429683,0.33737504,0.3314192,0.3251328,0.3185478,0.3116961,0.30460986,0.297321,0.28986147,0.28226328,0.2745585,0.26677907,0.2589569,0.25112414,0.2433127,0.23555458,0.2278818,0.22032629,0.21292007,0.2056952,0.19868357,0.19191726,0.18542819,0.17924841,0.17360395,0.1686761,0.16442952,0.16082908,0.15783948,0.15542543,0.15355177,0.15218323,0.15128462,0.15082061,0.15075599,0.15105554,0.15168397,0.15260614,0.1537867
0.17673652,0.17537776,0.17423503,0.17334244,0.17273413,0.17244416,0.17250672,0.17295584,0.17382568,0.17515033,0.17696393,0.17930058,0.18219437,0.18567944,0.18978985,0.19455978,0.2000233,0.20603971,0.21242045,0.2191278,0.22612411,0.23337165,0.24083278,0.24846976,0.25624493,0.26412067,0.27205908,0.2800227,0.2879738,0.2958746,0.30368745,0.3113747,0.3188986,0.32622156,0.33330578,0.3401136,0.34660742,0.35274947,0.3585021,0.36382753,0.3686882,0.37304637,0.37686428,0.3801044,0.38272887,0.38470015,0.3859805,0.38653216,0.38631758,0.385349,0.3836869,0.38136527,0.37841833,0.37488005,0.37078464,0.36616623,0.3610588,0.35549667,0.3495137,0.34314424,0.3364222,0.32938182,0.32205722,0.31448242,0.30669162,0.29871887,0.29059833,0.28236404,0.27405018,0.26569083,0.25732014,0.24897215,0.24068104,0.23248087,0.22440578,0.21648988,0.2087673,0.2012721,0.19403844,0.18710038,0.18049212,0.1744558,0.16918579,0.16464442,0.16079397,0.15759683,0.15501519,0.15301149,0.15154792,0.15058687,0.15009065,0.15002158,0.15034191,0.151014,0.15200019,0.15326272
0.1783344,0.17689238,0.17567964,0.17473237,0.17408678,0.17377907,0.17384543,0.17432208,0.17524521,0.17665102,0.17857574,0.18105552,0.1841266,0.18782514,0.19218737,0.19724953,0.20304774,0.2094333,0.21620654,0.22332737,0.23075567,0.23845136,0.24637428,0.25448442,0.26274157,0.2711057,0.27953663,0.28799433,0.2964386,0.3048295,0.31312677,0.32129034,0.32928014,0.33705607,0.34457788,0.3518057,0.35869923,0.36521852,0.3713233,0.3769736,0.38212922,0.38675013,0.39079618,0.3942273,0.39700323,0.39908412,0.4004297,0.40099993,0.4007546,0.39970812,0.3979255,0.395443,0.39229685,0.3885232,0.38415822,0.37923822,0.37379923,0.3678777,0.36150953,0.3547312,0.34757873,0.3400884,0.33229643,0.32423896,0.3159522,0.3074724,0.29883566,0.2900783,0.28123644,0.27234638,0.26344416,0.25456616,0.24574843,0.23702727,0.22843887,0.22001937,0.211805,0.20383202,0.19613655,0.18875481,0.18172304,0.1752994,0.16969128,0.16485852,0.16076104,0.15735874,0.15461145,0.15247919,0.15092172,0.14989902,0.14937095,0.14929746,0.14963834,0.15035355,0.15140298,0.15274656
0.17993951,0.17841585,0.17713445,0.17613357,0.17545146,0.1751263,0.17519641,0.17570008,0.17667547,0.17816085,0.1801945,0.18281469,0.18605958,0.1899675,0.1945767,0.19992541,0.20605186,0.21279944,0.2199577,0.22748415,0.23533629,0.24347165,0.25184774,0.2604221,0.26915228,0.27799565,0.2869099,0.29585248,0.30478087,0.31365258,0.32242522,0.3310562,0.33950314,0.34772345,0.35567474,0.3633145,0.37060016,0.37748936,0.38393956,0.38990828,0.39535308,0.40023142,0.40450078,0.4081188,0.41104293,0.41323063,0.41463947,0.415227,0.4149507,0.4138267,0.4119249,0.4092836,0.40594107,0.40193552,0.39730522,0.39208844,0.3863233,0.38004822,0.3733014,0.36612108,0.35854545,0.35061285,0.3423615,0.3338296,0.32505554,0.31607738,0.30693358,0.29766217,0.28830156,0.27888995,0.26946554,0.2600667,0.2507316,0.24149844,0.23240556,0.2234912,0.21479362,0.206351,0.19820164,0.1903838,0.1829357,0.1761313,0.17019072,0.16507149,0.16073112,0.15712713,0.15421703,0.15195835,0.15030858,0.14922526,0.14866589,0.148588,0.14894912,0.14970675,0.1508184,0.15224157
0.18155402,0.17995085,0.17860256,0.17754942,0.17683168,0.17648959,0.1765634,0.17709331,0.17811961,0.17968254,0.18182234,0.1845793,0.1879936,0.19210553,0.19695532,0.20258324,0.20902951,0.21612988,0.22366343,0.23158525,0.23985063,0.24841471,0.25723273,0.26625982,0.2754512,0.28476208,0.29414767,0.30356315,0.31296366,0.32230434,0.33154058,0.34062737,0.34952006,0.35817376,0.3665437,0.37458503,0.38225302,0.3895027,0.39628944,0.40256837,0.40829465,0.4134235,0.41791004,0.42170963,0.4247773,0.42706835,0.42853794,0.4291412,0.42883343,0.4276325,0.4256133,0.42281595,0.4192807,0.41504788,0.41015768,0.40465033,0.3985661,0.39194527,0.38482803,0.37725466,0.36926544,0.36090052,0.35220027,0.34320483,0.33395448,0.32448944,0.31485012,0.30507657,0.29520914,0.28528798,0.2753534,0.26544574,0.2556051,0.24587181,0.23628603,0.22688816,0.21771829,0.20881678,0.20022383,0.19197968,0.18412457,0.17694789,0.17068233,0.16528301,0.1607052,0.15690397,0.15383469,0.15145242,0.1497124,0.1485698,0.14797984,0.14789769,0.14827856,0.14907761,0.15025009,0.15175113
0.18318015,0.18150003,0.18008704,0.1789833,0.17823114,0.17787261,0.17794992,0.17850526,0.17958085,0.18121885,0.18346138,0.18635066,0.18992886,0.19423822,0.19932082,0.20521891,0.21197465,0.21941647,0.22731322,0.23561794,0.24428341,0.25326273,0.26250878,0.27197444,0.28161263,0.29137638,0.30121857,0.31109217,0.3209501,0.33074522,0.34043056,0.34995893,0.35928336,0.36835688,0.37713218,0.38556242,0.39360034,0.401199,0.4083113,0.41489026,0.4208887,0.42625958,0.4309558,0.43493038,0.43813616,0.44052622,0.4420533,0.44267043,0.44233054,0.44105357,0.43891892,0.43596894,0.4322455,0.427791,0.42264763,0.41685748,0.4104627,0.40350562,0.39602825,0.38807288,0.37968174,0.37089682,0.3617604,0.3523147,0.34260187,0.33266407,0.32254347,0.31228235,0.3019227,0.29150683,0.28107694,0.2706752,0.2603437,0.25012475,0.2400604,0.23019288,0.22056442,0.2112171,0.20219319,0.19353485,0.18528423,0.17774576,0.17116426,0.16549271,0.16068406,0.1566913,0.1534672,0.15096484,0.14913708,0.14793688,0.14731717,0.14723088,0.14763096,0.1484703,0.14970188,0.1512786
0.18482006,0.18306601,0.18159088,0.1804386,0.17965335,0.17927906,0.17935975,0.17993958,0.18106246,0.18277246,0.18511364,0.18813002,0.19186565,0.19636452,0.20167072,0.20782828,0.21488117,0.22265086,0.23089665,0.23956925,0.2486194,0.2579979,0.26765543,0.27754286,0.28761086,0.2978101,0.30809152,0.31840575,0.32870346,0.33893555,0.34905282,0.35900587,0.3687455,0.3782225,0.38738757,0.39619157,0.40458503,0.41251892,0.41994387,0.4268107,0.43307015,0.43867293,0.4435699,0.44771165,0.45104903,0.45353276,0.45511362,0.45574236,0.45536974,0.45401758,0.4517701,0.44867125,0.44476515,0.44009575,0.43470713,0.4286433,0.4219483,0.41466615,0.40684095,0.39851665,0.38973728,0.380547,0.37098977,0.36110958,0.3509505,0.34055656,0.32997182,0.31924033,0.30840605,0.29751304,0.28660542,0.2757271,0.26492217,0.25423467,0.24370867,0.23338816,0.22331715,0.21353969,0.2040999,0.19504167,0.18640915,0.17852122,0.1716347,0.1657003,0.16066879,0.15649088,0.1531174,0.15049905,0.14858656,0.14733075,0.14668228,0.146592,0.14701064,0.14788888,0.14917754,0.15082735
0.18647593,0.18465151,0.18311715,0.18191871,0.18110192,0.18071263,0.1807966,0.18139964,0.1825676,0.1843462,0.18678129,0.18991867,0.19380413,0.19848351,0.20400254,0.21040706,0.21774292,0.22582494,0.2344032,0.24342646,0.2528433,0.26260236,0.27265242,0.28294203,0.29341984,0.30403468,0.31473503,0.32546955,0.336187,0.34683603,0.3573652,0.3677233,0.37785888,0.3877207,0.3972573,0.40641743,0.41514972,0.4234029,0.43112552,0.4382663,0.44477385,0.45059687,0.45568404,0.459984,0.4634454,0.4660169,0.4676472,0.46828488,0.46787864,0.46645248,0.464095,0.46085203,0.45676935,0.4518928,0.44626817,0.43994123,0.4329578,0.42536372,0.41720474,0.40852675,0.39937535,0.38979653,0.37983602,0.36953968,0.35895324,0.34812254,0.33709332,0.32591146,0.3146227,0.30327293,0.2919079,0.28057343,0.26931515,0.25817913,0.24721098,0.23645665,0.22596179,0.21577227,0.20593391,0.19649252,0.18749386,0.1792709,0.17209186,0.1659054,0.16066016,0.1563048,0.152788,0.15005843,0.14806473,0.14675558,0.14607961,0.14598548,0.14642186,0.14733742,0.14868084,0.15040071
0.18814993,0.18625915,0.18466903,0.18342696,0.18258052,0.18217705,0.18226406,0.18288903,0.18409942,0.18594274,0.18846637,0.19171785,0.19574459,0.20059408,0.20631383,0.21295124,0.22055385,0.22893037,0.23782238,0.2471766,0.25693968,0.26705834,0.27747917,0.28814882,0.29901412,0.31002158,0.32111788,0.3322498,0.34336388,0.3544069,0.36532548,0.3760663,0.386576,0.3968013,0.4066888,0.4161852,0.42523724,0.43379155,0.44179472,0.44919354,0.45593464,0.4619646,0.4672302,0.4716781,0.47525492,0.47790733,0.47958216,0.48022577,0.47978508,0.47828603,0.47582182,0.47243994,0.4681878,0.46311295,0.45726275,0.45068476,0.44342643,0.43553522,0.42705855,0.41804394,0.40853882,0.3985907,0.388247,0.3775553,0.3665629,0.35531735,0.34386614,0.33225664,0.32053646,0.30875298,0.29695362,0.285186,0.2734974,0.2619354,0.2505475,0.23938107,0.22848359,0.21790254,0.2076855,0.19787976,0.18853289,0.17999122,0.17253391,0.16610767,0.16065913,0.156135,0.15248188,0.14964652,0.14757554,0.14621565,0.14551343,0.14541571,0.14586897,0.14682002,0.14821549,0.15000205
0.1898442,0.18789162,0.1862495,0.18496682,0.18409267,0.18367597,0.18376584,0.18441126,0.18566126,0.18756483,0.19017097,0.19352882,0.19768722,0.20269534,0.2086021,0.2154566,0.22330782,0.23195891,0.2411437,0.25080696,0.26089346,0.27134794,0.28211528,0.2931403,0.30436763,0.31574225,0.32720888,0.3387123,0.35019732,0.3616087,0.3728913,0.38398987,0.39484924,0.4054141,0.41562945,0.4254399,0.4347903,0.44362545,0.4518901,0.4595291,0.46648732,0.4727094,0.47814026,0.48272455,0.4864071,0.4891329,0.49084657,0.49149287,0.49101666,0.48944613,0.4868789,0.48336393,0.47895023,0.47368693,0.46762297,0.4608074,0.45328924,0.44511747,0.43634117,0.42700928,0.41717088,0.40687498,0.3961706,0.3851066,0.37373233,0.36209652,0.35024834,0.3382368,0.3261108,0.31391948,0.30171183,0.28953686,0.2774436,0.26548102,0.2536982,0.24214415,0.23086783,0.2199183,0.20934461,0.19919576,0.18952075,0.18067864,0.17295904,0.1663068,0.16066663,0.15598337,0.15220179,0.1492667,0.14712287,0.14571515,0.14498824,0.14488706,0.1453563,0.1463408,0.14778534,0.14963472
0.19156094,0.1895515,0.18786158,0.18654159,0.18564197,0.18521316,0.18530564,0.18596986,0.18725625,0.18921521,0.19189729,0.19535281,0.19963233,0.20478623,0.21086495,0.21791899,0.22599877,0.23490247,0.24435674,0.25430462,0.26468918,0.27545342,0.2865404,0.29789317,0.30945474,0.32116827,0.33297667,0.34482306,0.3566504,0.36840189,0.38002047,0.39144915,0.40263107,0.41350922,0.42402664,0.43412647,0.44375154,0.45284516,0.46135017,0.46920973,0.47636682,0.48276442,0.48834586,0.49305394,0.4968317,0.49962223,0.5013687,0.502014,0.5015011,0.4998605,0.4971943,0.49355277,0.48898634,0.48354557,0.47728086,0.4702426,0.46248132,0.45404747,0.44499135,0.43536356,0.42521444,0.41459456,0.40355423,0.392144,0.38041428,0.36841553,0.35619816,0.34381264,0.33130944,0.31873897,0.3061517,0.293598,0.28112838,0.2687933,0.25664327,0.24472857,0.23309976,0.2218072,0.21090144,0.20043287,0.19045195,0.1813297,0.1733655,0.16650246,0.16068357,0.1558519,0.1519505,0.1489224,0.14671066,0.14525831,0.14450842,0.14440396,0.1448881,0.1459038,0.14739412,0.14930207
0.19330236,0.19124155,0.18950842,0.18815468,0.18723206,0.18679228,0.18688716,0.18756832,0.1888876,0.19089666,0.19364724,0.19719116,0.20158006,0.20686571,0.21309984,0.2203342,0.22862053,0.23775265,0.24745096,0.2576568,0.2683116,0.27935693,0.29073402,0.3023845,0.31424966,0.32627106,0.33839002,0.350548,0.36268649,0.37474692,0.38667068,0.3983992,0.4098739,0.42103636,0.43182787,0.44218984,0.45206377,0.46139115,0.47011337,0.47817174,0.48550794,0.49206313,0.49777904,0.5025968,0.50645804,0.50930417,0.5110765,0.51171666,0.51116604,0.50945723,0.5066964,0.50293547,0.49822596,0.49261972,0.48616844,0.47892386,0.47093782,0.4622619,0.4529479,0.44304764,0.4326127,0.4216949,0.41034603,0.3986177,0.38656172,0.37422982,0.3616738,0.3489453,0.33609602,0.32317778,0.3102423,0.29734135,0.28452665,0.2718498,0.2593627,0.2471171,0.23516458,0.22355701,0.21234603,0.20158347,0.19132102,0.1819408,0.17375138,0.16669427,0.16071084,0.15574253,0.1517308,0.1486171,0.14634277,0.14484937,0.14407828,0.14397089,0.14446871,0.14551312,0.14704558,0.1490075
0.19507056,0.19296438,0.19119301,0.18980946,0.18886648,0.18841708,0.18851398,0.1892102,0.19055851,0.19261184,0.1954231,0.19904508,0.20353071,0.20893285,0.21530439,0.22269818,0.23116712,0.24050136,0.2504159,0.2608506,0.27174553,0.28304058,0.29467583,0.30659112,0.31872657,0.33102208,0.3434176,0.3558532,0.3682687,0.3806042,0.3927997,0.40479505,0.4165303,0.4279454,0.4389804,0.4495752,0.4596698,0.4692041,0.4781182,0.48635206,0.49384546,0.50053877,0.50637144,0.5112839,0.5152158,0.5181075,0.5198986,0.5205291,0.5199393,0.5181639,0.51531345,0.5114407,0.5065986,0.5008399,0.49421763,0.48678458,0.4785937,0.4696977,0.46014968,0.45000234,0.4393086,0.42812136,0.41649354,0.40447792,0.39212736,0.37949488,0.3666333,0.35359538,0.34043416,0.32720238,0.313953,0.30073884,0.2876129,0.27462786,0.26183674,0.24929234,0.23704761,0.22515538,0.21366851,0.20263992,0.19212246,0.18250845,0.17411494,0.1668819,0.16074936,0.15565722,0.1515455,0.14835419,0.14602323,0.14449258,0.14370222,0.1435922,0.1441024,0.14517285,0.14674352,0.14875434
0.19686784,0.1947226,0.19291846,0.19150934,0.19054888,0.19009116,0.19018988,0.19089897,0.19227222,0.19436356,0.19722688,0.20091584,0.20548448,0.2109866,0.21747604,0.22500665,0.23363231,0.24314028,0.253241,0.26387325,0.2749755,0.28648666,0.29834533,0.31049004,0.32285967,0.3353929,0.34802818,0.36070445,0.37336025,0.38593426,0.39836526,0.41059178,0.42255262,0.43418637,0.44543174,0.45622754,0.46651217,0.4762246,0.48530322,0.49368694,0.50131446,0.5081242,0.51405513,0.5190457,0.5230348,0.5259608,0.5277627,0.52837896,0.52774847,0.5259086,0.52297366,0.51899755,0.5140341,0.5081373,0.5013606,0.49375835,0.4853841,0.4762919,0.4665354,0.4561686,0.44524524,0.43381932,0.42194456,0.40967494,0.39706415,0.38416618,0.3710348,0.357724,0.34428748,0.33077914,0.31725284,0.30376253,0.29036194,0.27710488,0.26404542,0.25123715,0.2387341,0.22659011,0.21485901,0.20359461,0.19285078,0.18302912,0.17445432,0.16706502,0.16080005,0.15559794,0.1513974,0.14813714,0.14575583,0.14419211,0.14338468,0.14327228,0.14379354,0.14488712,0.14649169,0.14854597
0.19869618,0.19651894,0.19468786,0.19325761,0.19228287,0.19181828,0.19191849,0.19263816,0.19403197,0.1961546,0.19906059,0.20280476,0.20744166,0.21302596,0.21961237,0.22725552,0.2360101,0.2456612,0.25591588,0.26671177,0.2779864,0.28967726,0.30172205,0.31405815,0.32662323,0.33935484,0.3521905,0.36506784,0.37792432,0.39069754,0.40332508,0.41574445,0.42789322,0.43970904,0.45112938,0.46209174,0.47253382,0.482393,0.49160704,0.5001133,0.5078496,0.51475316,0.5207618,0.5258129,0.52984405,0.53279305,0.5345971,0.535194,0.5345213,0.53261894,0.5296052,0.52553475,0.5204621,0.51444215,0.5075294,0.49977848,0.49124423,0.48198113,0.4720439,0.46148726,0.45036572,0.43873405,0.42664695,0.41415897,0.40132475,0.38819912,0.37483662,0.36129192,0.3476197,0.3338745,0.3201112,0.30638427,0.29274842,0.27925843,0.26596877,0.25293416,0.24020933,0.22784892,0.21590756,0.20443986,0.19350056,0.18349929,0.17476773,0.16724338,0.16086383,0.15556657,0.15128925,0.1479694,0.1455445,0.1439522,0.14313006,0.14301558,0.14354636,0.14465992,0.14629383,0.14838566
0.20055796,0.19835606,0.19650424,0.19505778,0.19407198,0.19360214,0.19370349,0.19443129,0.1958409,0.19798753,0.20092647,0.20471302,0.20940243,0.21504998,0.22171097,0.22944064,0.23829432,0.24805588,0.25843006,0.2693535,0.28076282,0.2925946,0.30478558,0.31727234,0.32999143,0.34287953,0.3558733,0.3689092,0.38192415,0.39485452,0.40763694,0.4202082,0.43250477,0.44446334,0.4560206,0.467113,0.47767732,0.4876501,0.49696797,0.5055677,0.51338565,0.5203587,0.5264232,0.5315161,0.5355737,0.53853285,0.5403302,0.5409021,0.54018545,0.53822285,0.53513634,0.53098106,0.52581245,0.5196856,0.5126559,0.5047787,0.49610907,0.4867024,0.47661403,0.4658991,0.4546131,0.44281104,0.43054837,0.4178804,0.4048622,0.3915493,0.37799677,0.36426005,0.35039434,0.3364549,0.3224971,0.30857608,0.29474717,0.28106573,0.26758695,0.2543661,0.24145855,0.2289195,0.21680425,0.20516807,0.19406624,0.18391548,0.17505336,0.16741651,0.16094156,0.15556511,0.15122385,0.14785434,0.14539324,0.14377715,0.14294268,0.14282651,0.1433652,0.1444954,0.14615378,0.14827688
0.20245521,0.20023654,0.19837064,0.19691318,0.19591989,0.19544646,0.19554856,0.19628194,0.19770224,0.19986519,0.20282654,0.20664188,0.21136701,0.21705757,0.22376926,0.23155786,0.2404789,0.2503161,0.26077294,0.27178547,0.2832895,0.29522094,0.30751565,0.32010955,0.3329385,0.34593844,0.3590452,0.37219468,0.38532287,0.39836556,0.41125858,0.42393792,0.4363396,0.4483992,0.4600528,0.47123623,0.4818855,0.49193627,0.5013247,0.5099865,0.5178577,0.524874,0.5309714,0.5360857,0.540153,0.54310906,0.54488975,0.54543096,0.5446686,0.54264826,0.5394954,0.5352656,0.53001475,0.5237984,0.51667225,0.5086922,0.4999137,0.4903925,0.48018456,0.46934518,0.4579303,0.44599557,0.43359664,0.42078927,0.40762922,0.39417204,0.3804735,0.3665893,0.35257512,0.33848667,0.3243797,0.31030986,0.29633287,0.28250435,0.26888004,0.25551575,0.242467,0.22978963,0.21753927,0.20577163,0.1945424,0.1842741,0.17530939,0.16758414,0.16103421,0.15559557,0.15120402,0.1477955,0.14530589,0.14367111,0.14282699,0.14270943,0.14325438,0.14439768,0.14607522,0.14822292
0.20439015,0.20216314,0.20029013,0.19882716,0.19783011,0.19735487,0.19745736,0.19819354,0.19961919,0.20179038,0.20476288,0.20859268,0.2133357,0.21904778,0.22578488,0.23360291,0.24255776,0.2524336,0.26293412,0.27399495,0.2855512,0.2975383,0.30989167,0.3225467,0.33543867,0.34850296,0.36167496,0.37489012,0.38808373,0.4011911,0.4141477,0.42688894,0.43934998,0.45146638,0.46317342,0.4744065,0.48510107,0.49519235,0.5046158,0.51330656,0.52120036,0.52823246,0.53433806,0.53945273,0.5435117,0.5464504,0.5482041,0.54870844,0.5478985,0.54582286,0.54261035,0.538317,0.5329987,0.52671117,0.5195105,0.5114526,0.5025932,0.49298853,0.48269418,0.4717662,0.46026048,0.44823298,0.43573952,0.42283612,0.4095786,0.3960229,0.38222486,0.3682405,0.3541257,0.33993638,0.32572836,0.3115576,0.29748008,0.28355166,0.26982817,0.2563657,0.24321994,0.23044695,0.21810262,0.20624283,0.1949235,0.18457165,0.17553401,0.16774587,0.16114269,0.1556598,0.15123251,0.14779626,0.14528638,0.1436383,0.14278731,0.14266881,0.14321819,0.14437078,0.14606199,0.14822716
0.206365,0.2041384,0.20226581,0.20080316,0.19980627,0.19933113,0.19943361,0.20016962,0.20159505,0.20376574,0.20673764,0.21056665,0.2153087,0.22101963,0.22775534,0.23557176,0.24452476,0.25440016,0.26490325,0.27596897,0.28753254,0.299529,0.3118933,0.3245606,0.33746606,0.35054463,0.3637314,0.3769615,0.39016992,0.4032917,0.41626212,0.42901602,0.44148862,0.4536149,0.46532992,0.47656882,0.48726672,0.49735856,0.50677943,0.5154645,0.52334875,0.53036726,0.5364551,0.54154736,0.54557925,0.5484856,0.55020165,0.5506623,0.5498027,0.54767454,0.5444099,0.5400642,0.5346941,0.5283548,0.5211026,0.5129933,0.50408286,0.49442703,0.4840818,0.47310305,0.46154675,0.44946867,0.43692476,0.42397097,0.41066322,0.39705727,0.38320908,0.36917457,0.3550097,0.34077024,0.32651216,0.31229135,0.29816362,0.28418508,0.27041146,0.2568987,0.24370264,0.23087929,0.2184845,0.20657411,0.1952041,0.18480462,0.17572543,0.16790149,0.16126789,0.15575977,0.15131213,0.14786008,0.14533865,0.14368297,0.14282808,0.14270903,0.14326094,0.14441885,0.1461178,0.14829291
0.20838185,0.20616508,0.20430072,0.20284447,0.20185204,0.20137897,0.20148101,0.20221373,0.2036329,0.20579405,0.2087529,0.21256505,0.21728621,0.22297202,0.22967812,0.23746018,0.24637379,0.2562076,0.2666695,0.27769482,0.2892183,0.30117506,0.31350008,0.32612833,0.33899498,0.3520349,0.36518317,0.37837473,0.39154464,0.40462783,0.4175595,0.43027446,0.44270784,0.45479462,0.4664697,0.4776682,0.48832518,0.49837562,0.50775445,0.5163966,0.5242374,0.5312117,0.5372543,0.5423005,0.5462852,0.5491435,0.55081016,0.5512204,0.5503092,0.5481312,0.5448217,0.54043627,0.5350305,0.52865994,0.5213806,0.5132479,0.50431746,0.49464497,0.48428622,0.47329667,0.46173206,0.449648,0.43710017,0.4241443,0.4108359,0.3972307,0.38338435,0.3693524,0.3551907,0.34095475,0.32670033,0.31248292,0.29835826,0.28438205,0.27060992,0.25709745,0.24390036,0.23107427,0.2186749,0.20675781,0.19537869,0.18496951,0.17588177,0.16805051,0.16141072,0.15589745,0.15144564,0.14799036,0.1454666,0.14380933,0.14295366,0.14283448,0.14338693,0.1445459,0.14624646,0.14842363
0.21044296,0.20824575,0.20639792,0.20495456,0.20397088,0.203502,0.20360315,0.20432943,0.20573601,0.20787804,0.2108107,0.21458915,0.21926856,0.22490408,0.23155083,0.23926401,0.2480988,0.25784758,0.26822275,0.27915955,0.29059318,0.3024588,0.3146916,0.32722688,0.3399997,0.35294536,0.365999,0.37909585,0.3921711,0.40515998,0.4179976,0.43061924,0.44296008,0.45495528,0.46654013,0.47764972,0.48821926,0.49818408,0.50747925,0.51603997,0.52380145,0.53069896,0.5366676,0.54164267,0.5455593,0.5483527,0.549958,0.5503105,0.54934543,0.5471207,0.5437744,0.5393618,0.53393775,0.5275576,0.5202766,0.51214975,0.5032323,0.49357942,0.4832462,0.47228786,0.4607595,0.4487163,0.43621352,0.42330617,0.41004947,0.3964986,0.38270864,0.36873493,0.35463244,0.34045643,0.326262,0.31210437,0.29803866,0.28412005,0.27040368,0.25694472,0.24379838,0.23101974,0.21866398,0.2067863,0.19544181,0.18506274,0.1760013,0.16819271,0.16157213,0.15607478,0.15163587,0.14819059,0.14567411,0.14402167,0.14316845,0.14304964,0.14360045,0.1447561,0.14645174,0.14862259
0.21242152,0.21025254,0.20842847,0.20700365,0.20603262,0.20556977,0.20566961,0.2063865,0.20777506,0.20988953,0.21278456,0.21651444,0.22113371,0.22669679,0.23325817,0.24087226,0.24959351,0.2592191,0.26946703,0.28027284,0.2915723,0.3033008,0.31539413,0.32778788,0.34041777,0.35321927,0.3661281,0.3790797,0.39200997,0.40485436,0.41754863,0.43002823,0.44222885,0.45408618,0.46553576,0.47651324,0.48695436,0.49679452,0.5059695,0.51441485,0.5220662,0.52885926,0.5347296,0.53961277,0.5434446,0.54616046,0.54769605,0.5479871,0.54696923,0.5447036,0.5413309,0.5369053,0.5314816,0.52511394,0.51785696,0.5097651,0.5008927,0.49129438,0.48102453,0.47013745,0.45868778,0.4467298,0.43431813,0.4215072,0.40835133,0.3949051,0.3812229,0.36735913,0.35336843,0.33930504,0.32522354,0.31117836,0.2972239,0.28341466,0.269805,0.25644955,0.2434026,0.23071867,0.2184522,0.20665765,0.19538945,0.18507856,0.1760766,0.16831927,0.16174218,0.15628093,0.15187113,0.14844848,0.14594854,0.14430693,0.14345932,0.1433413,0.1438885,0.14503658,0.14672105,0.14887765
0.21419606,0.21206218,0.2102676,0.20886585,0.20791054,0.20745519,0.20755337,0.20825876,0.20962475,0.21170503,0.21455318,0.21822268,0.22276717,0.2282402,0.23469539,0.2421862,0.25076628,0.26023814,0.2703261,0.28096664,0.29209578,0.3036498,0.31556502,0.3277777,0.3402241,0.35284045,0.365563,0.37832814,0.391072,0.40373087,0.41624102,0.42853874,0.44056016,0.4522417,0.46351954,0.47432992,0.48460922,0.4942935,0.50331926,0.5116224,0.51913977,0.525807,0.53156084,0.53633726,0.54007256,0.54270303,0.544165,0.54439455,0.5433282,0.5410301,0.53764266,0.5332195,0.52781445,0.52148074,0.514272,0.50624186,0.49744388,0.48793173,0.47775877,0.46697882,0.45564523,0.44381168,0.4315317,0.41885892,0.40584683,0.392549,0.3790191,0.36531064,0.35147715,0.33757216,0.32364944,0.3097624,0.2959646,0.28230968,0.26885116,0.25564268,0.24273774,0.23018992,0.2180528,0.20637995,0.19522496,0.18501598,0.17610307,0.16842245,0.16191037,0.15650314,0.152137,0.14874814,0.14627293,0.14464755,0.14380835,0.14369148,0.14423329,0.14536996,0.14703779,0.1491731
0.21577652,0.2136843,0.21192478,0.21055037,0.2096137,0.20916727,0.20926352,0.20995507,0.21129447,0.21333416,0.21612665,0.21972457,0.22418039,0.22954655,0.23587573,0.24322034,0.25163296,0.26092204,0.2708192,0.2812615,0.29218605,0.30352995,0.31523034,0.3272243,0.33944878,0.3518411,0.3643382,0.37687728,0.38939536,0.40182957,0.414117,0.42619482,0.43800002,0.44946983,0.46054104,0.47115108,0.48123696,0.4907358,0.4995846,0.5077205,0.5150805,0.521602,0.52722186,0.53187704,0.53550494,0.53804266,0.53942686,0.53959525,0.5384844,0.5361618,0.53277093,0.5283647,0.52299565,0.5167161,0.5095788,0.5016359,0.49294028,0.48354432,0.47350055,0.4628615,0.45167968,0.44000763,0.42789796,0.41540313,0.40257558,0.38946792,0.3761326,0.36262226,0.34898934,0.33528647,0.32156596,0.30788058,0.29428264,0.28082484,0.2675596,0.2545394,0.24181697,0.22944458,0.21747497,0.20596053,0.19495384,0.18487898,0.17608315,0.16850339,0.16207688,0.15674065,0.15243185,0.14908752,0.14664483,0.14504084,0.14421262,0.1440973,0.14463195,0.14575374,0.14739966,0.14950688
0.21717301,0.21512863,0.21340935,0.21206638,0.2111511,0.21071486,0.21080896,0.21148473,0.21279344,0.21478648,0.21751517,0.22103076,0.22538464,0.23062813,0.2368125,0.24398912,0.25220937,0.26128814,0.270965,0.28117818,0.29186568,0.30296567,0.31441632,0.3261557,0.338122,0.35025328,0.3624876,0.37476325,0.3870183,0.39919084,0.4112189,0.42304078,0.4345945,0.4458184,0.45665026,0.46702838,0.47689092,0.48617592,0.49482158,0.502766,0.50994724,0.51630354,0.5217729,0.52629364,0.5298037,0.5322412,0.53354436,0.53365135,0.5325002,0.5301604,0.5267771,0.5224016,0.517085,0.5108789,0.5038346,0.4960033,0.4874364,0.4781852,0.46830097,0.4578351,0.44683892,0.43536374,0.42346075,0.41118154,0.39857715,0.38569924,0.37259877,0.35932726,0.34593603,0.3324763,0.3189995,0.30555692,0.29219988,0.27897966,0.26594767,0.25315514,0.24065349,0.22849402,0.21672796,0.2054067,0.1945816,0.18467131,0.17601916,0.16856325,0.1622417,0.15699269,0.15275425,0.14946459,0.1470618,0.145484,0.14466928,0.14455585,0.1450818,0.14618525,0.14780429,0.14987707
0.21839555,0.2164049,0.21473074,0.21342307,0.21253191,0.2121071,0.21219872,0.21285672,0.21413106,0.21607172,0.2187287,0.22215194,0.22639142,0.23149714,0.23751904,0.2445071,0.2525113,0.26135376,0.27078253,0.28073722,0.29115695,0.3019811,0.3131491,0.3246001,0.3362737,0.348109,0.36004543,0.3720223,0.383979,0.39585468,0.4075889,0.41912085,0.43038994,0.4413355,0.45189682,0.46201319,0.47162402,0.48066866,0.48908633,0.4968165,0.50379837,0.50997156,0.51527494,0.5196482,0.5230306,0.5253613,0.5265799,0.52662545,0.5254376,0.5230879,0.5197221,0.5153902,0.510142,0.5040276,0.49709707,0.4894001,0.4809869,0.47190735,0.46221152,0.45194933,0.44117063,0.4299255,0.418264,0.406236,0.39389145,0.3812804,0.36845285,0.35545862,0.3423479,0.32917044,0.31597635,0.30281562,0.2897381,0.27679387,0.26403296,0.2515052,0.23926067,0.22734925,0.21582097,0.20472583,0.19411375,0.1843969,0.1759136,0.16860318,0.16240501,0.15725842,0.1531027,0.14987725,0.14752133,0.14597432,0.14517556,0.14506432,0.14558,0.14666188,0.14824933,0.1502817
0.21945414,0.21752277,0.21589844,0.21462967,0.21376501,0.21335284,0.21344176,0.21408015,0.21531661,0.21719952,0.2197774,0.22309877,0.2272121,0.23216584,0.23800854,0.2447887,0.25255468,0.2611361,0.27029076,0.2799592,0.2900822,0.3006005,0.31145477,0.32258576,0.33393404,0.34544048,0.3570457,0.36869055,0.38031557,0.3918615,0.4032692,0.41447914,0.4254322,0.43606907,0.44633043,0.456157,0.46548945,0.47426853,0.48243502,0.48992947,0.49669272,0.5026654,0.5077882,0.512002,0.51524734,0.51746505,0.51859576,0.51858014,0.51735896,0.51500607,0.5116674,0.50739133,0.5022262,0.49622065,0.48942316,0.48188224,0.47364628,0.46476382,0.45528343,0.4452535,0.43472245,0.42373896,0.4123514,0.40060818,0.38855788,0.37624905,0.36373013,0.3510495,0.33825585,0.32539743,0.3125229,0.2996807,0.28691933,0.27428722,0.26183295,0.24960488,0.2376516,0.22602154,0.2147633,0.20392522,0.19355583,0.18405952,0.1757688,0.16862434,0.16256686,0.15753706,0.1534757,0.15032347,0.14802098,0.14650911,0.14572847,0.14561978,0.14612372,0.14718103,0.1487325,0.15071872
0.22035888,0.2184919,0.21692178,0.21569537,0.21485953,0.21446113,0.21454702,0.21516417,0.21635932,0.21817943,0.22067137,0.22388192,0.22785807,0.23264655,0.23829433,0.24484831,0.2523553,0.26065275,0.26950857,0.27886486,0.28866395,0.2988481,0.30935952,0.32014042,0.331133,0.34227973,0.3535227,0.36480412,0.37606633,0.38725147,0.39830193,0.40915984,0.41976753,0.4300671,0.440001,0.44951132,0.45854038,0.46703038,0.47492355,0.48216227,0.48868862,0.4944449,0.4993735,0.50341636,0.50651604,0.50861466,0.50965434,0.5095776,0.5083264,0.50597674,0.50267404,0.4984652,0.49339703,0.48751652,0.48087043,0.47350565,0.46546906,0.4568076,0.4475681,0.43779737,0.4275423,0.4168498,0.40576673,0.39433992,0.38261634,0.37064263,0.35846597,0.34613302,0.33369073,0.32118592,0.3086655,0.29617637,0.28376526,0.27147922,0.25936502,0.24746947,0.23583959,0.22452216,0.21356408,0.20301218,0.19291335,0.18366311,0.17558719,0.16862783,0.16272736,0.15782787,0.15387176,0.15080115,0.14855841,0.14708567,0.14632525,0.14621936,0.14671029,0.14774022,0.14925146,0.15118621
0.22111976,0.21932207,0.21781018,0.2166293,0.21582448,0.21544087,0.2155236,0.21611781,0.2172686,0.21902122,0.22142068,0.2245121,0.22834067,0.23295154,0.23838976,0.2447005,0.25192893,0.2599209,0.26845494,0.27747482,0.2869246,0.29674813,0.30688944,0.31729233,0.32790092,0.33865893,0.34951046,0.3603993,0.37126946,0.3820649,0.3927295,0.4032072,0.41344193,0.4233776,0.43295825,0.44212765,0.45082983,0.45900866,0.4666082,0.47357225,0.47984478,0.48536974,0.49009106,0.4939526,0.4968984,0.49887228,0.49981838,0.4996804,0.49840224,0.4960616,0.4928033,0.48867252,0.48371428,0.47797376,0.47149613,0.46432644,0.45650998,0.44809175,0.43911693,0.42963055,0.41967785,0.40930393,0.398554,0.38747302,0.3761062,0.3644987,0.3526957,0.34074223,0.3286834,0.3165645,0.30443048,0.2923266,0.28029788,0.26838952,0.25664666,0.2451144,0.23383787,0.22286226,0.21223259,0.20199408,0.19219182,0.18321149,0.17537118,0.1686149,0.16288655,0.15813002,0.15428929,0.15130834,0.14913099,0.14770122,0.14696297,0.1468602,0.14733677,0.14833668,0.14980383,0.1516821
0.22174685,0.22002292,0.2185731,0.2174407,0.21666887,0.21630101,0.21638036,0.21695018,0.2180538,0.21973445,0.22203536,0.22499993,0.22867137,0.23309298,0.23830801,0.24435976,0.25129148,0.25895798,0.2671487,0.27580968,0.28488645,0.2943249,0.3040707,0.31406972,0.32426763,0.3346101,0.3450431,0.35551214,0.36596322,0.37634194,0.386594,0.39666528,0.40650156,0.41604847,0.42525187,0.43405744,0.44241098,0.45025823,0.45754498,0.46421686,0.4702198,0.47549942,0.4800015,0.48367187,0.48645627,0.4883004,0.48914996,0.4889508,0.48764864,0.4853225,0.4821164,0.4780736,0.47323728,0.46765083,0.46135756,0.45440063,0.4468234,0.43866912,0.42998114,0.42080256,0.41117686,0.40114716,0.39075682,0.3800491,0.36906737,0.35785472,0.3464546,0.3349102,0.32326478,0.31156164,0.29984415,0.2881555,0.27653894,0.26503786,0.25369537,0.2425549,0.23165971,0.22105296,0.21077809,0.20087823,0.19139676,0.18270846,0.17512311,0.16858661,0.16304453,0.1584427,0.15472686,0.15184286,0.14973633,0.14835306,0.14763886,0.1475394,0.1480005,0.14896785,0.15038727,0.15220448
0.22225016,0.2206042,0.21921994,0.21813874,0.21740182,0.21705057,0.21712632,0.2176704,0.21872409,0.22032873,0.22252566,0.22535613,0.22886157,0.23308319,0.23806243,0.24384055,0.2504588,0.25778115,0.26560897,0.27389005,0.28257206,0.29160258,0.30092958,0.3105006,0.32026324,0.33016545,0.34015477,0.350179,0.3601857,0.37012273,0.37993774,0.38957843,0.3989925,0.4081277,0.41693175,0.42535228,0.433337,0.4408337,0.4477899,0.45415354,0.45987216,0.46489358,0.46916547,0.47263554,0.47525147,0.47696093,0.47771162,0.47745138,0.47612777,0.47382125,0.47067446,0.4667289,0.46202576,0.4566064,0.45051202,0.44378406,0.43646395,0.4285929,0.4202121,0.41136307,0.40208694,0.3924252,0.38241914,0.3721101,0.36153933,0.35074818,0.33977798,0.32867,0.31746566,0.3062062,0.294933,0.2836872,0.27251038,0.2614438,0.25052866,0.2398064,0.22931825,0.2191056,0.20920974,0.199672,0.19053367,0.18215795,0.17484553,0.16854413,0.1632014,0.15876518,0.15518303,0.15240274,0.15037197,0.14903851,0.14834999,0.14825408,0.14869858,0.14963117,0.15099953,0.15275134
0.22263972,0.22107553,0.2197601,0.21873257,0.21803233,0.21769853,0.21777049,0.21828754,0.21928889,0.22081378,0.22290151,0.22559138,0.22892258,0.23293447,0.2376663,0.24315724,0.24944663,0.25640783,0.26385456,0.27173662,0.28000364,0.28860557,0.2974921,0.3066129,0.31591803,0.32535696,0.33487967,0.3444358,0.3539752,0.3634477,0.37280297,0.3819908,0.39096096,0.3996633,0.4080476,0.41606355,0.42366087,0.43078956,0.43739924,0.44343963,0.4488606,0.45361197,0.4576434,0.46090475,0.46334574,0.46491617,0.46556586,0.4652445,0.46390188,0.46161968,0.4585389,0.454699,0.45013914,0.44489875,0.43901694,0.43253297,0.42548618,0.41791585,0.40986127,0.40136153,0.39245602,0.3831841,0.37358496,0.36369774,0.35356185,0.34321657,0.33270118,0.32205483,0.31131688,0.30052656,0.28972313,0.27894595,0.26823413,0.257627,0.24716395,0.23688418,0.2268268,0.21703129,0.20753679,0.19838262,0.18960808,0.18156376,0.17454065,0.16848859,0.16335729,0.15909657,0.1556562,0.15298589,0.15103553,0.14975476,0.14909346,0.14900139,0.14942834,0.15032399,0.15163824,0.15332073
0.2229256,0.22144671,0.22020295,0.21923147,0.21856938,0.21825382,0.21832189,0.2188107,0.21975747,0.22119921,0.22317314,0.22571631,0.22886592,0.23265904,0.23713285,0.2423244,0.24827088,0.2548554,0.26190448,0.26936996,0.27720377,0.28535795,0.29378438,0.30243495,0.3112618,0.32021677,0.3292518,0.33831888,0.3473699,0.35635692,0.36523175,0.37394646,0.38245296,0.39070323,0.39864913,0.40624276,0.41343597,0.4201806,0.42642888,0.43213257,0.43724367,0.4417141,0.44549584,0.44854093,0.45080113,0.4522285,0.45277503,0.45239264,0.45103312,0.4487794,0.44577074,0.4420443,0.4376372,0.43258652,0.42692947,0.42070317,0.4139447,0.40669122,0.3989798,0.3908476,0.3823318,0.37346947,0.3642977,0.35485378,0.34517464,0.3352975,0.32525945,0.3150977,0.30484927,0.29455134,0.28424105,0.27395552,0.2637319,0.25360724,0.24361874,0.23380345,0.2241986,0.21484123,0.20576851,0.19701757,0.18862548,0.18092977,0.17421101,0.16842121,0.16351227,0.15943617,0.15614489,0.15359034,0.1517244,0.1504992,0.14986657,0.14977847,0.15018687,0.15104373,0.15230098,0.15391062
0.22311777,0.22172736,0.22055799,0.21964462,0.21902211,0.21872537,0.2187894,0.21924898,0.2201391,0.22149464,0.2233505,0.22574162,0.22870286,0.23226911,0.23647536,0.24135646,0.24694735,0.25314125,0.2597776,0.26681075,0.2741948,0.281884,0.2898326,0.29799476,0.30632487,0.31477705,0.32330537,0.33186433,0.340408,0.34889066,0.3572665,0.36548972,0.3735146,0.38129544,0.38878626,0.39594144,0.40271512,0.4090616,0.41493508,0.4202897,0.4250799,0.42925966,0.43278337,0.43560517,0.43767932,0.43896002,0.43940154,0.43895802,0.43758383,0.43536243,0.43243122,0.42882523,0.42457926,0.41972825,0.41430712,0.4083507,0.40189397,0.39497185,0.3876192,0.37987092,0.37176195,0.36332715,0.35460153,0.3456199,0.33641714,0.32702833,0.3174882,0.3078317,0.29809374,0.28830925,0.27851316,0.26874027,0.25902563,0.24940403,0.23991044,0.23057973,0.22144684,0.21254665,0.2039141,0.19558404,0.18759142,0.18025982,0.17385894,0.16834308,0.16366641,0.15978312,0.15664752,0.15421386,0.15243626,0.15126899,0.15066628,0.1505824,0.15097143,0.15178779,0.15298557,0.15451902
0.2232264,0.22192718,0.22083454,0.21998112,0.21939948,0.21912228,0.21918203,0.21961148,0.22044316,0.22170974,0.22344382,0.22567795,0.22844483,0.23177707,0.23570728,0.24026796,0.24549189,0.2512826,0.25749296,0.2640796,0.27099907,0.278208,0.28566298,0.29332042,0.3011372,0.30906972,0.31707457,0.3251084,0.33312774,0.34108916,0.34894928,0.35666478,0.36419207,0.37148783,0.37850857,0.38521102,0.3915516,0.39748707,0.40297383,0.4079686,0.4124279,0.4163083,0.4195664,0.4221589,0.42404217,0.42517298,0.4255079,0.4250033,0.42361605,0.42143044,0.4185817,0.4151023,0.411025,0.40638238,0.40120703,0.39553154,0.38938862,0.3828108,0.37583068,0.36848104,0.3607942,0.35280305,0.34454012,0.336038,0.3273293,0.3184466,0.3094226,0.30028993,0.2910811,0.2818288,0.27256563,0.26332423,0.25413716,0.24503706,0.23605655,0.22722827,0.21858479,0.21015875,0.20198278,0.19408946,0.18651143,0.17955777,0.17348687,0.16825534,0.16381977,0.16013673,0.15716276,0.15485455,0.15316857,0.15206149,0.15148985,0.1514103,0.1517793,0.15255353,0.15368955,0.15514398
0.22326136,0.22205588,0.2210421,0.22025028,0.21971057,0.21945335,0.21950883,0.21990727,0.22067899,0.22185415,0.22346309,0.22553606,0.22810332,0.23119514,0.23484166,0.2390733,0.2439203,0.24929678,0.2550694,0.26119718,0.26763907,0.2743542,0.28130153,0.2884401,0.29572898,0.30312702,0.3105935,0.31808725,0.32556728,0.33299267,0.34032255,0.3475157,0.35453138,0.3613284,0.36786604,0.37410307,0.3799985,0.38551155,0.39060122,0.39522642,0.39934617,0.40291962,0.4059056,0.4082633,0.40995166,0.4109297,0.4111564,0.4105909,0.40919212,0.40704533,0.4042832,0.40093598,0.39703402,0.3926074,0.38768664,0.38230178,0.37648314,0.370261,0.36366576,0.35672742,0.34947643,0.34194297,0.33415732,0.32614973,0.31795055,0.30958986,0.30109817,0.29250547,0.28384224,0.27513862,0.26642498,0.2577314,0.24908838,0.24052599,0.23207457,0.2237644,0.2156257,0.20768872,0.19998378,0.19254112,0.18539096,0.17882745,0.17309722,0.16815919,0.16397251,0.1604961,0.15768903,0.1555103,0.15391892,0.15287396,0.15233439,0.15225925,0.15260759,0.15333837,0.15441068,0.15578347
0.22323272,0.22212322,0.22119004,0.22046116,0.2199644,0.21972764,0.21977872,0.2201455,0.22085579,0.22193752,0.22341846,0.22532652,0.22768955,0.23053542,0.23389195,0.23778701,0.24224846,0.24720117,0.25252593,0.25818408,0.26413715,0.27034682,0.2767745,0.2833818,0.29013014,0.2969811,0.30389616,0.31083694,0.3177649,0.3246414,0.33142826,0.3380868,0.34457862,0.35086527,0.3569082,0.36266893,0.36810908,0.37319002,0.3778734,0.3821208,0.3858935,0.38915324,0.3918614,0.3939796,0.39546934,0.39629215,0.3964096,0.39578304,0.39437416,0.39226878,0.38959706,0.38638672,0.38266572,0.37846196,0.3738032,0.36871734,0.36323217,0.35737565,0.3511756,0.34465984,0.3378563,0.3307926,0.323497,0.31599697,0.30832055,0.30049565,0.29254997,0.28451148,0.276408,0.26826733,0.26011738,0.25198606,0.24390112,0.23589048,0.22798197,0.2202034,0.21258272,0.20514776,0.19792634,0.19094633,0.18423557,0.17807274,0.17269228,0.16805576,0.16412465,0.16086046,0.15822476,0.15617906,0.15468483,0.15370364,0.153197,0.1531265,0.15345356,0.15413971,0.15514657,0.15643555
0.22315063,0.2221388,0.22128777,0.22062308,0.22017005,0.21995416,0.22000071,0.22033519,0.220983,0.22196941,0.22331999,0.22506009,0.22721505,0.22981039,0.23287141,0.23642357,0.24049217,0.24501313,0.24988139,0.2550609,0.2605158,0.26621014,0.27210808,0.27817366,0.2843709,0.2906639,0.2970168,0.30339366,0.3097586,0.31607562,0.3223088,0.32842225,0.33438,0.34014627,0.34568498,0.3509603,0.35593626,0.36057693,0.3648464,0.3687089,0.37212834,0.37506878,0.37749434,0.37936923,0.38065732,0.38132286,0.38132986,0.38064238,0.37922448,0.37716267,0.37458435,0.371515,0.36797982,0.36400437,0.35961404,0.3548342,0.34969026,0.34420758,0.33841157,0.33232772,0.32598147,0.31939802,0.31260288,0.30562145,0.29847917,0.29120135,0.2838135,0.27634102,0.26880917,0.26124343,0.25366932,0.24611212,0.23859723,0.23115012,0.22379616,0.2165607,0.2094692,0.20254706,0.19581966,0.18931244,0.18305077,0.17729752,0.17227462,0.16794619,0.1642763,0.16122909,0.15876853,0.15685876,0.15546383,0.15454786,0.1540749,0.15400907,0.15431438,0.15495497,0.15589488,0.15709822
0.22302505,0.22211233,0.22134472,0.22074519,0.22033653,0.22014175,0.22018377,0.22048546,0.22106978,0.22195956,0.22317784,0.2247474,0.22669119,0.22903217,0.23179324,0.23499733,0.23866728,0.24274999,0.24715474,0.2518483,0.25679725,0.2619684,0.26732826,0.27284372,0.27848127,0.28420773,0.28998962,0.2957938,0.3015868,0.30733544,0.3130063,0.31856614,0.3239816,0.32921934,0.3342461,0.3390285,0.34353322,0.347727,0.35157645,0.35504824,0.35810924,0.3607259,0.3628651,0.36449337,0.3655774,0.36608383,0.36597955,0.36523116,0.36380515,0.36178875,0.35930645,0.35638118,0.35303587,0.34929335,0.34517658,0.34070843,0.3359119,0.3308099,0.32542518,0.31978086,0.31389973,0.3078048,0.30151886,0.29506493,0.28846586,0.28174457,0.27492404,0.2680271,0.26107666,0.25409573,0.24710713,0.24013378,0.23319869,0.22632466,0.21953464,0.21285155,0.2062983,0.19989781,0.19367301,0.18764678,0.18184206,0.17650555,0.17184654,0.16783166,0.16442762,0.1616011,0.15931882,0.15754738,0.15625349,0.15540388,0.15496518,0.15490408,0.15518731,0.1557815,0.15665333,0.15776947
0.222866,0.22205354,0.2213703,0.22083658,0.22047286,0.22029951,0.22033688,0.22060546,0.22112557,0.22191757,0.22300196,0.22439906,0.22612937,0.2282131,0.23067081,0.23352288,0.23678961,0.24042906,0.24436504,0.24856697,0.25300413,0.25764585,0.2624614,0.26742017,0.27249134,0.2776444,0.28284863,0.2880733,0.2932877,0.29846126,0.30356312,0.30856282,0.3134295,0.3181326,0.3226413,0.326925,0.33095312,0.3346948,0.33811945,0.34119645,0.3438949,0.34618434,0.34803396,0.34941316,0.35029128,0.35063747,0.35042128,0.34961182,0.3481785,0.34620887,0.3438246,0.34104586,0.33789334,0.3343872,0.330548,0.326396,0.3219517,0.31723544,0.3122676,0.30706868,0.30165893,0.2960588,0.29028878,0.28436917,0.27832034,0.27216282,0.26591682,0.25960281,0.25324136,0.24685262,0.2404571,0.23407517,0.22772719,0.22143368,0.21521486,0.20909132,0.20308332,0.19721125,0.19149561,0.18595672,0.18061498,0.17570078,0.17141044,0.1677133,0.16457863,0.16197577,0.15987405,0.15824284,0.15705135,0.15626897,0.155865,0.15580875,0.15606955,0.1566167,0.15741952,0.15844736
0.22268353,0.22197215,0.22137389,0.22090656,0.22058809,0.22043635,0.22046906,0.22070418,0.2211596,0.22185308,0.22280258,0.22402593,0.22554089,0.22736546,0.22951739,0.23201466,0.234875,0.23806764,0.24153116,0.24523748,0.24915865,0.25326672,0.25753346,0.26193097,0.2664313,0.2710063,0.27562803,0.28026834,0.28489944,0.28949314,0.2940214,0.29845634,0.3027698,0.30693385,0.31092042,0.31470147,0.31824905,0.3215351,0.32453158,0.32721052,0.32954383,0.33150357,0.33306164,0.3341901,0.3348608,0.3350459,0.3347172,0.3338469,0.3324067,0.3304848,0.32819983,0.3255695,0.32261184,0.3193446,0.31578565,0.3119529,0.30786416,0.30353734,0.29899022,0.29424068,0.2893067,0.28420597,0.2789564,0.2735759,0.26808232,0.26249346,0.2568272,0.25110143,0.24533403,0.23954277,0.23374559,0.2279603,0.22220472,0.21649683,0.21085441,0.2052953,0.19983745,0.19449857,0.1892967,0.1842495,0.17937502,0.174887,0.17096873,0.1675922,0.16472942,0.1623523,0.16043285,0.15894309,0.15785493,0.1571404,0.15677147,0.1567201,0.15695825,0.15745796,0.1581912,0.15912989
0.22248769,0.22187783,0.22136496,0.22096436,0.22069131,0.22056119,0.22058924,0.22079082,0.2211812,0.22177574,0.22258976,0.22363849,0.22493728,0.22650144,0.22834626,0.23048708,0.23293924,0.23568313,0.23867196,0.24188055,0.24528337,0.2488552,0.25257063,0.2564044,0.26033106,0.26432532,0.26836187,0.27241522,0.27646023,0.28047138,0.2844234,0.28829092,0.29204863,0.2956711,0.29913312,0.30240923,0.3054742,0.30830252,0.31086895,0.3131481,0.31511468,0.31674328,0.31800863,0.3188853,0.31934798,0.31937134,0.31893,0.31799865,0.31655195,0.3146783,0.31249338,0.31001252,0.30725095,0.30422395,0.30094692,0.29743513,0.29370394,0.28976855,0.2856444,0.28134668,0.2768908,0.27229202,0.26756567,0.26272702,0.25779143,0.25277415,0.24769054,0.24255592,0.23738557,0.2321948,0.22699891,0.22181326,0.21665311,0.2115338,0.20647058,0.20147885,0.19657387,0.19177096,0.1870854,0.18253256,0.1781277,0.17406808,0.17052384,0.16746962,0.16488005,0.16272986,0.16099367,0.15964608,0.15866181,0.15801549,0.15768173,0.15763529,0.15785073,0.15830272,0.15896596,0.15981504
0.22228847,0.22178026,0.22135285,0.22101898,0.2207915,0.22068302,0.22070643,0.22087444,0.22119975,0.22169518,0.22237355,0.22324753,0.22432984,0.22563332,0.22717069,0.22895479,0.23099823,0.23329285,0.23580651,0.23851666,0.24140058,0.2444356,0.24759914,0.25086844,0.25422084,0.25763372,0.26108435,0.26455012,0.26800823,0.2714362,0.2748113,0.2781108,0.28131208,0.2843925,0.2873293,0.2900999,0.29268157,0.29505172,0.29718763,0.29906657,0.300666,0.30196312,0.3029354,0.3035601,0.3038145,0.303676,0.30312195,0.30212972,0.30067647,0.29885122,0.2967666,0.2944353,0.29187015,0.28908375,0.28608906,0.2828987,0.2795255,0.27598217,0.27228147,0.26843616,0.26445898,0.26036277,0.25616026,0.25186414,0.24748726,0.2430423,0.2385421,0.23399934,0.22942682,0.2248373,0.22024351,0.21565822,0.21109419,0.20656417,0.202081,0.19765733,0.19330592,0.18903962,0.18487109,0.18081318,0.17687856,0.17324789,0.17007816,0.16734663,0.16503069,0.16310772,0.16155495,0.16034974,0.1594695,0.15889145,0.158593,0.15855142,0.15874411,0.15914834,0.1597415,0.16050085
0.22209601,0.22168916,0.22134705,0.22107984,0.22089769,0.22081088,0.22082965,0.22096407,0.2212245,0.22162108,0.22216402,0.22286361,0.22372998,0.2247734,0.22600403,0.2274321,0.2290678,0.23091406,0.23295368,0.23516652,0.2375327,0.24003218,0.24264504,0.24535118,0.24813062,0.25096348,0.2538295,0.256709,0.25958177,0.26242787,0.26522735,0.26796013,0.27060628,0.2731458,0.27555862,0.27782488,0.2799244,0.28183737,0.28354365,0.2850233,0.28625637,0.28722274,0.28790256,0.28827575,0.28832224,0.28802222,0.28735563,0.2863023,0.28484246,0.28306532,0.28108066,0.27889848,0.27652907,0.27398267,0.27126944,0.2683996,0.2653834,0.26223102,0.25895268,0.25555867,0.25205904,0.24846414,0.24478409,0.24102922,0.23720957,0.2333355,0.22941722,0.22546485,0.22148864,0.21749887,0.21350566,0.20951922,0.20554985,0.20160773,0.197703,0.19384594,0.19004679,0.18631573,0.18266293,0.17909862,0.17563307,0.17243025,0.16963404,0.16722442,0.1651814,0.163485,0.16211523,0.16105208,0.1602755,0.1597656,0.15950233,0.15946566,0.15963562,0.15999222,0.16051549,0.16118535
0.2219202,0.22161426,0.22135694,0.22115594,0.22101896,0.22095369,0.22096775,0.2210689,0.22126473,0.22156303,0.22197136,0.22249755,0.22314915,0.22393386,0.22485943,0.22593352,0.22716375,0.22856425,0.23013237,0.2318508,0.23370221,0.23566923,0.23773457,0.23988077,0.24209057,0.24434671,0.24663162,0.24892822,0.25121894,0.2534866,0.2557138,0.2578831,0.25997734,0.261979,0.2638709,0.26563558,0.26725578,0.26871407,0.26999316,0.27107573,0.27194434,0.27258176,0.27297056,0.27309346,0.2729331,0.27247208,0.27169314,0.27057895,0.26911208,0.26738247,0.2654967,0.26346242,0.26128727,0.25897902,0.2565453,0.25399387,0.25133222,0.24856828,0.24570954,0.24276374,0.23973861,0.23664181,0.23348099,0.2302638,0.22699802,0.22369124,0.22035114,0.21698551,0.21360189,0.21020809,0.20681168,0.20342043,0.20004196,0.19668399,0.19335414,0.19006018,0.18680973,0.1836105,0.18047014,0.17739634,0.17439681,0.17161907,0.16919395,0.16710413,0.16533227,0.163861,0.16267301,0.16175096,0.1610775,0.16063525,0.16040687,0.16037509,0.16052249,0.16083176,0.1612856,0.16186656
0.22177117,0.2215652,0.2213919,0.22125661,0.22116432,0.22112036,0.22112985,0.22119796,0.22132984,0.22153069,0.22180568,0.22215992,0.22259864,0.22312711,0.22375034,0.22447349,0.22530188,0.2262606,0.22736159,0.2285901,0.22993144,0.2313709,0.23289378,0.2344853,0.2361308,0.23781556,0.23952478,0.24124388,0.24295802,0.24465261,0.2463128,0.24792393,0.2494713,0.25094023,0.2523159,0.25358373,0.2547288,0.25573656,0.25659224,0.25728115,0.2577886,0.25809976,0.25820002,0.25807458,0.25770885,0.25708798,0.2561973,0.25502205,0.25354767,0.25186434,0.25007594,0.24818754,0.24620429,0.24413139,0.24197406,0.23973739,0.23742662,0.23504686,0.23260331,0.23010117,0.22754556,0.22494169,0.22229472,0.21960981,0.21689218,0.21414693,0.21137929,0.20859441,0.20579743,0.20299357,0.20018797,0.19738589,0.19459237,0.19181263,0.18905191,0.18631527,0.18360798,0.18093513,0.17830195,0.1757136,0.17317523,0.17081809,0.16876024,0.16698688,0.16548334,0.16423489,0.16322681,0.16244437,0.16187288,0.16149761,0.16130379,0.16127683,0.16140194,0.1616644,0.16204946,0.16254248
0.22165896,0.22155164,0.2214614,0.22139092,0.22134286,0.22131997,0.2213249,0.22136039,0.22142905,0.2215337,0.22167692,0.2218615,0.22209002,0.22236526,0.2226899,0.22306658,0.2234981,0.22402054,0.22466022,0.22540504,0.22624286,0.22716153,0.22814889,0.22919287,0.23028126,0.23140205,0.2325431,0.23369214,0.2348372,0.2359661,0.23706669,0.23812678,0.23913437,0.24007729,0.24094339,0.2417205,0.24239661,0.24295947,0.24339707,0.2436971,0.24384765,0.24383646,0.24365138,0.24328043,0.24271125,0.24193195,0.24093024,0.23969409,0.23821132,0.23657285,0.23487964,0.23313437,0.23133972,0.22949834,0.22761296,0.22568631,0.22372098,0.22171974,0.21968533,0.21762033,0.21552755,0.21340957,0.21126914,0.20910898,0.20693174,0.20474014,0.2025369,0.20032458,0.19810607,0.19588391,0.1936609,0.19143966,0.18922293,0.18701337,0.18481368,0.18262656,0.18045472,0.17830083,0.1761676,0.17405774,0.17197388,0.17003131,0.16833536,0.16687389,0.16563475,0.16460586,0.16377506,0.16313025,0.16265923,0.16234994,0.16219027,0.16216803,0.16227114,0.16248743,0.16280478,0.16321109
0.2215936,0.22158343,0.22157481,0.22156812,0.22156356,0.22156139,0.22156183,0.22156523,0.22157174,0.22158167,0.2215953,0.2216128,0.2216345,0.22166063,0.22169149,0.22172724,0.2217682,0.22186142,0.2220473,0.22231628,0.2226588,0.22306521,0.22352597,0.22403151,0.22457218,0.22513838,0.22572061,0.22630927,0.22689469,0.22746733,0.22801754,0.22853585,0.2290126,0.2294382,0.22980307,0.23009764,0.23031226,0.23043749,0.23046356,0.23038095,0.23018011,0.22985141,0.22938524,0.22877209,0.22800234,0.22706634,0.22595456,0.22465737,0.22316526,0.22156978,0.21996905,0.21836342,0.21675308,0.2151383,0.21351938,0.2118965,0.21026999,0.20864004,0.20700692,0.20537096,0.20373228,0.20209125,0.2004481,0.19880307,0.1971564,0.19550838,0.19385922,0.19220927,0.19055867,0.18890776,0.18725675,0.1856059,0.1839555,0.18230577,0.18065697,0.1790094,0.17736326,0.17571878,0.17407635,0.17243606,0.17079827,0.1692625,0.16792166,0.16676621,0.16578658,0.16497312,0.16431633,0.16380651,0.16343418,0.16318965,0.16306339,0.16304582,0.16312735,0.16329834,0.16354924,0.16387045
0.2215851,0.22167005,0.22174157,0.22179744,0.22183551,0.22185364,0.22184974,0.2218216,0.22176719,0.22168429,0.22157086,0.22142461,0.22124359,0.22102548,0.22076832,0.22046988,0.22012801,0.21980049,0.21954165,0.21934444,0.2192017,0.21910633,0.21905129,0.21902937,0.21903354,0.21905664,0.21909161,0.21913132,0.21916865,0.21919647,0.21920778,0.21919537,0.21915208,0.21907096,0.21894483,0.21876656,0.21852908,0.21822521,0.21784793,0.21739009,0.21684454,0.2162043,0.21546213,0.214611,0.21364376,0.21255332,0.21133259,0.20997442,0.20847173,0.20691682,0.20540534,0.20393509,0.20250395,0.20110986,0.19975059,0.19842407,0.19712812,0.19586065,0.19461946,0.1934025,0.19220759,0.1910326,0.18987538,0.18873385,0.18760578,0.18648912,0.18538173,0.18428144,0.18318614,0.18209365,0.1810019,0.17990872,0.17881198,0.17770955,0.1765993,0.17547908,0.17434676,0.17320023,0.17203735,0.17085594,0.1696539,0.1685155,0.1675216,0.16666509,0.1659389,0.16533595,0.16484907,0.16447116,0.16419517,0.16401392,0.16392033,0.16390729,0.16396771,0.16409445,0.16428044,0.16451856
0.22164346,0.22182144,0.2219711,0.222088,0.22216767,0.22220565,0.22219744,0.22213864,0.2220247,0.2218512,0.22161368,0.22130759,0.22092858,0.22047211,0.21993376,0.21930899,0.21859339,0.21785513,0.2171623,0.2165101,0.21589397,0.21530913,0.2147509,0.21421456,0.21369548,0.21318889,0.21269014,0.21219452,0.21169733,0.21119387,0.21067947,0.21014944,0.209599,0.20902354,0.20841835,0.2077787,0.20709994,0.20637734,0.20560619,0.20478189,0.20389962,0.20295474,0.20194255,0.20085834,0.19969743,0.19845515,0.1971268,0.19570757,0.19419295,0.19267586,0.19124968,0.18990982,0.1886519,0.18747145,0.18636392,0.18532494,0.18434997,0.18343458,0.18257432,0.18176468,0.18100119,0.18027939,0.17959486,0.17894308,0.17831957,0.17771992,0.17713961,0.17657422,0.17601922,0.1754702,0.17492269,0.17437218,0.1738142,0.17324433,0.17265807,0.17205095,0.17141855,0.17075633,0.17005987,0.16932468,0.16854632,0.16779417,0.1671375,0.16657162,0.16609186,0.16569348,0.16537179,0.16512212,0.16493976,0.16482002,0.1647582,0.16474958,0.1647895,0.16487323,0.16499612,0.16515346
0.22177877,0.2220471,0.22227277,0.22244905,0.22256914,0.22262639,0.22261406,0.22252536,0.22235364,0.22209203,0.22173385,0.22127245,0.22070098,0.22001277,0.21920103,0.21825908,0.21718015,0.21604271,0.21492809,0.213834,0.21275802,0.2116978,0.21065097,0.20961517,0.20858803,0.2075672,0.2065503,0.20553501,0.20451891,0.20349966,0.20247492,0.20144226,0.20039935,0.19934388,0.19827339,0.1971856,0.1960781,0.19494854,0.19379455,0.19261377,0.19140384,0.19016238,0.18888701,0.18757544,0.18622525,0.1848341,0.18339959,0.18191935,0.18039109,0.1789087,0.17756332,0.17634816,0.1752565,0.17428161,0.17341673,0.17265514,0.17199011,0.1714149,0.17092276,0.17050694,0.17016079,0.16987748,0.16965032,0.16947252,0.1693374,0.16923822,0.16916822,0.1691207,0.16908887,0.16906603,0.16904543,0.16902035,0.16898404,0.16892976,0.16885076,0.16874039,0.16859178,0.16839832,0.16815318,0.16784963,0.167481,0.16710237,0.16677186,0.166487,0.16624548,0.16604495,0.165883,0.16575733,0.16566554,0.16560525,0.16557413,0.16556977,0.16558988,0.16563207,0.16569391,0.1657731
0.22200109,0.22235686,0.22265603,0.2228897,0.22304901,0.22312489,0.22310856,0.22299094,0.22276321,0.2224164,0.22194153,0.22132978,0.2205721,0.21965964,0.21858346,0.21733458,0.21590412,0.21438049,0.2128581,0.21133666,0.20981623,0.20829661,0.20677765,0.2052593,0.20374136,0.20222375,0.20070635,0.19918902,0.19767165,0.1961541,0.19463632,0.19311811,0.19159934,0.19007997,0.18855977,0.18703873,0.18551666,0.18399344,0.182469,0.18094315,0.17941579,0.17788683,0.1763561,0.17482354,0.17328896,0.17175227,0.17021336,0.1686721,0.16712837,0.16567712,0.16440748,0.16331048,0.16237725,0.16159886,0.16096628,0.16047068,0.16010305,0.15985452,0.15971619,0.15967901,0.15973413,0.15987262,0.16008556,0.160364,0.16069897,0.16108158,0.16150288,0.16195399,0.16242589,0.16290972,0.16339655,0.16387738,0.16434337,0.16478549,0.16519491,0.16556264,0.16587974,0.16613732,0.16632642,0.16643812,0.1664635,0.16644399,0.16642697,0.16641231,0.16639987,0.16638955,0.1663812,0.16637473,0.16637,0.16636689,0.16636531,0.16636506,0.1663661,0.16636828,0.16637146,0.16637555
0.22232041,0.22276032,0.22313029,0.22341926,0.22361621,0.22371009,0.22368984,0.22354443,0.22326282,0.22283395,0.22224678,0.22149026,0.22055338,0.21942507,0.21809429,0.21655,0.21478114,0.21288589,0.2109711,0.20903881,0.20709103,0.20512979,0.20315711,0.20117497,0.19918546,0.19719055,0.19519226,0.19319265,0.1911937,0.18919744,0.1872059,0.18522109,0.18324502,0.18127975,0.17932725,0.17738959,0.17546874,0.17356676,0.17168565,0.16982743,0.16799413,0.16618775,0.16441034,0.16266388,0.16095045,0.15927202,0.15763061,0.15602827,0.154467,0.1530429,0.15184338,0.15085736,0.1500738,0.14948167,0.14906992,0.14882751,0.14874339,0.14880654,0.14900589,0.14933039,0.14976902,0.15031074,0.15094449,0.1516592,0.15244389,0.15328746,0.15417889,0.15510714,0.15606114,0.15702988,0.15800229,0.15896735,0.159914,0.16083118,0.16170791,0.16253307,0.16329566,0.16398463,0.1645889,0.16509749,0.1654993,0.16582285,0.16610532,0.16634876,0.16655512,0.1667265,0.16686487,0.16697226,0.1670507,0.16710223,0.16712882,0.16713253,0.16711535,0.16707933,0.16702648,0.1669588
0.22266872,0.22318597,0.223621,0.22396077,0.22419235,0.22430272,0.22427896,0.22410794,0.22377683,0.22327255,0.22258216,0.2216927,0.22059105,0.21926439,0.21769966,0.21588385,0.21380402,0.21156727,0.20929202,0.20698236,0.20464213,0.20227541,0.19988607,0.19747822,0.19505577,0.19262265,0.19018294,0.18774061,0.18529956,0.18286385,0.1804374,0.17802419,0.17562824,0.17325358,0.17090403,0.16858374,0.16629656,0.16404654,0.1618377,0.1596739,0.15755922,0.15549757,0.15349299,0.15154944,0.14967087,0.14786129,0.14612468,0.14446498,0.14288625,0.14148563,0.14034903,0.13946353,0.13881607,0.13839369,0.13818339,0.13817222,0.13834718,0.13869523,0.13920347,0.13985889,0.14064847,0.1415593,0.1425783,0.14369251,0.14488898,0.14615472,0.1474767,0.14884199,0.15023756,0.15165044,0.15306768,0.15447623,0.15586318,0.15721543,0.15852013,0.15976426,0.1609347,0.16201866,0.163003,0.16387483,0.16462116,0.16525862,0.16581509,0.16629468,0.16670127,0.1670389,0.1673115,0.16752309,0.16767766,0.1677791,0.16783151,0.16783883,0.16780499,0.16773404,0.1676299,0.16749655
0.22297287,0.22355764,0.22404942,0.22443356,0.22469535,0.22482014,0.22479323,0.22459993,0.22422557,0.22365548,0.22287498,0.22186936,0.22062397,0.21912412,0.21735512,0.21530227,0.21295094,0.21041606,0.2078262,0.20518698,0.20250413,0.19978334,0.19703034,0.19425078,0.19145031,0.18863466,0.1858096,0.18298067,0.18015365,0.17733428,0.17452814,0.17174096,0.16897848,0.16624632,0.16355018,0.16089578,0.15828882,0.15573499,0.15323995,0.15080939,0.14844903,0.14616454,0.14396162,0.14184596,0.13982326,0.13789918,0.13607943,0.1343697,0.13277568,0.13139555,0.13031396,0.12951615,0.12898752,0.12871334,0.12867893,0.12886964,0.12927076,0.12986758,0.13064553,0.1315898,0.13268583,0.13391885,0.13527419,0.13673723,0.13829318,0.13992749,0.14162536,0.1433722,0.14515328,0.14695396,0.14875954,0.1505553,0.1523266,0.15405872,0.15573709,0.15734687,0.15887351,0.16030227,0.16161849,0.16280743,0.1638545,0.16476595,0.16556172,0.16624746,0.16682886,0.16731162,0.16770142,0.16800396,0.16822498,0.16837007,0.16844502,0.16845544,0.1684071,0.1683056,0.16815668,0.16796607
0.22323492,0.22387786,0.22441861,0.22484097,0.22512881,0.22526604,0.22523642,0.22502388,0.22461233,0.2239855,0.22312728,0.22202162,0.22065234,0.21900317,0.2170582,0.2148011,0.21221581,0.209424,0.20656298,0.20363982,0.20066169,0.19763587,0.19456941,0.1914695,0.18834339,0.18519808,0.18204087,0.1788789,0.17571928,0.17256923,0.16943589,0.16632646,0.16324805,0.16020785,0.15721309,0.15427081,0.15138824,0.1485726,0.14583093,0.14317049,0.14059845,0.13812189,0.13574804,0.13348411,0.13133718,0.12931438,0.12742302,0.12567018,0.124063,0.12270055,0.121666305,0.12094411,0.120517865,0.12037139,0.12048854,0.12085321,0.121449225,0.12226047,0.12327077,0.12446403,0.12582406,0.12733476,0.12897994,0.13074352,0.13260934,0.1345612,0.13658305,0.13865869,0.14077196,0.14290681,0.145047,0.14717644,0.14927898,0.15133846,0.15333878,0.15526375,0.15709728,0.15882315,0.16042535,0.16188762,0.16319387,0.16434146,0.16534339,0.16620673,0.16693881,0.1675466,0.16803743,0.16841836,0.16869664,0.16887932,0.16897367,0.16898681,0.16892591,0.16879815,0.16861065,0.16837062
0.22345714,0.22414938,0.22473161,0.22518641,0.22549632,0.22564404,0.2256122,0.22538334,0.22494017,0.22426526,0.22334126,0.22215073,0.22067635,0.21890071,0.21680644,0.21437617,0.21159253,0.2085829,0.20549193,0.20232804,0.19909962,0.19581512,0.19248287,0.18911144,0.1857091,0.18228433,0.17884554,0.17540109,0.17195953,0.16852914,0.16511841,0.1617357,0.1583895,0.15508814,0.15184012,0.14865378,0.14553754,0.14249986,0.13954914,0.13669378,0.13394222,0.13130291,0.12878415,0.12639442,0.124142155,0.12203577,0.120083675,0.11829423,0.11667591,0.11532842,0.114334345,0.11367625,0.11333681,0.11329861,0.11354428,0.11405644,0.1148177,0.11581069,0.11701805,0.11842237,0.12000628,0.12175239,0.123643346,0.12566176,0.12779023,0.13001138,0.13230789,0.1346623,0.13705724,0.13947536,0.14189932,0.14431165,0.14669505,0.14903207,0.15130536,0.15349756,0.15559126,0.15756916,0.15941375,0.1611077,0.1626337,0.16398153,0.16515824,0.16617227,0.16703199,0.16774589,0.16832231,0.16876975,0.16909654,0.16931112,0.16942188,0.1694373,0.16936581,0.16921575,0.16899557,0.16871363
0.22364159,0.22437488,0.22499153,0.22547321,0.22580151,0.22595796,0.2259242,0.22568183,0.22521242,0.22449756,0.2235189,0.22225791,0.22069629,0.2188156,0.21659745,0.21402337,0.211075,0.20788449,0.20460264,0.2012388,0.19780256,0.19430324,0.19075039,0.18715338,0.18352176,0.17986493,0.1761923,0.17251343,0.16883765,0.16517454,0.16153343,0.15792385,0.1543552,0.150837,0.14737867,0.14398968,0.14067943,0.13745745,0.1343331,0.13131592,0.12841533,0.12564078,0.12300172,0.12050759,0.11816788,0.11599202,0.11398946,0.11216965,0.110542074,0.109207034,0.108246304,0.10764146,0.10737409,0.10742579,0.10777816,0.10841278,0.10931126,0.11045519,0.111826144,0.113405734,0.115175515,0.117117114,0.11921215,0.12144213,0.12378873,0.12623347,0.128758,0.13134393,0.13397275,0.13662614,0.13928567,0.14193292,0.1445495,0.14711697,0.14961694,0.152031,0.15434083,0.15652786,0.15857379,0.16046017,0.1621686,0.16368268,0.16500454,0.1661436,0.1671094,0.16791135,0.16855887,0.16906148,0.16942857,0.16966961,0.1697941,0.16981143,0.16973108,0.16956247,0.16931514,0.16899844
0.22379059,0.22455692,0.22520141,0.2257048,0.2260479,0.22621141,0.22617614,0.22592284,0.22543226,0.22468518,0.22366233,0.2223445,0.22071244,0.21874687,0.21642865,0.21373847,0.2106571,0.20732056,0.20388453,0.20035931,0.19675522,0.19308248,0.18935144,0.18557237,0.18175557,0.17791134,0.17404991,0.17018168,0.16631688,0.16246574,0.15863864,0.15484588,0.15109767,0.14740437,0.14377624,0.14022358,0.1367567,0.13338587,0.13012134,0.1269735,0.12395253,0.12106881,0.118332595,0.11575416,0.113343835,0.11111189,0.10906859,0.10722426,0.10558924,0.10426422,0.10333041,0.10276853,0.10255939,0.10268369,0.103122205,0.10385574,0.104865015,0.10613079,0.10763386,0.10935497,0.11127485,0.11337431,0.115634084,0.11803497,0.12055765,0.12318296,0.12589163,0.1286644,0.13148211,0.13432547,0.1371752,0.14001217,0.14281702,0.1455706,0.14825363,0.15084685,0.15333109,0.15568705,0.15789552,0.15993729,0.16179304,0.16344135,0.1648804,0.1661205,0.16717188,0.16804492,0.16874993,0.16929705,0.16969669,0.1699591,0.17009462,0.1701135,0.170026,0.16984247,0.1695732,0.16922846
0.2239062,0.2246982,0.2253643,0.22588457,0.22623917,0.22640815,0.22637169,0.22610994,0.22560288,0.22483075,0.22377367,0.22241165,0.22072494,0.21869354,0.21629763,0.21351734,0.21033275,0.20688285,0.20332718,0.19967668,0.19594228,0.19213498,0.18826565,0.18434525,0.18038473,0.17639506,0.17238711,0.1683719,0.16436033,0.16036338,0.1563919,0.15245691,0.14856933,0.14474012,0.1409802,0.13730054,0.13371204,0.13022567,0.12685235,0.12360307,0.12048872,0.11752024,0.114708625,0.112064764,0.10959963,0.10732412,0.105249256,0.10338591,0.10174504,0.100427836,0.09951491,0.09898642,0.098822415,0.09900308,0.09950849,0.10031876,0.10141403,0.1027744,0.10438,0.10621094,0.10824732,0.1104693,0.11285697,0.11539044,0.11804982,0.12081527,0.123666875,0.12658475,0.129549,0.13253981,0.1355372,0.13852136,0.14147237,0.14437036,0.14719546,0.14992775,0.15254739,0.15503447,0.15736909,0.15953143,0.16150153,0.16325404,0.16478404,0.16610253,0.16722044,0.16814864,0.16889815,0.1694799,0.16990481,0.17018381,0.17032786,0.17034793,0.17025498,0.1700598,0.16977352,0.16940697
0.22399065,0.2248014,0.22548327,0.22601587,0.22637883,0.22655186,0.22651455,0.22624655,0.2257275,0.22493711,0.22385497,0.22246073,0.22073406,0.21865459,0.21620196,0.21335584,0.21009584,0.20656317,0.20292011,0.19917808,0.19534855,0.1914429,0.18747255,0.18344894,0.17938346,0.17528753,0.17117256,0.16705005,0.16293125,0.1588277,0.15475082,0.15071195,0.1467226,0.14279413,0.13893795,0.13516551,0.1314882,0.12791744,0.124464676,0.121141285,0.11795872,0.11492836,0.112061664,0.10937,0.10686482,0.104557544,0.10245958,0.10058232,0.09893722,0.09762572,0.096728064,0.09622391,0.09609291,0.09631473,0.096868984,0.097735316,0.09889339,0.100322865,0.102003336,0.10391451,0.106036,0.10834745,0.11082852,0.113458864,0.116218105,0.119085915,0.12204189,0.12506574,0.12813707,0.13123553,0.13434078,0.13743244,0.14049023,0.14349371,0.14642255,0.14925645,0.15197496,0.15455782,0.1569846,0.15923499,0.16128863,0.16311726,0.16471371,0.16608945,0.16725588,0.1682244,0.16900644,0.16961347,0.1700568,0.17034793,0.17049824,0.17051919,0.17042214,0.17021854,0.16991983,0.16953734
0.22404611,0.22486916,0.22556138,0.22610208,0.22647056,0.2266462,0.22660832,0.22633627,0.22580937,0.22500698,0.22390835,0.22249296,0.22074005,0.21862902,0.21613911,0.21324974,0.20994027,0.20635317,0.20265275,0.1988507,0.19495867,0.19098847,0.1869518,0.1828604,0.178726,0.17456031,0.17037508,0.16618201,0.16199283,0.15781932,0.15367322,0.14956617,0.14550994,0.14151628,0.13759689,0.13376354,0.1300279,0.12640175,0.1228968,0.119524755,0.116297364,0.11322637,0.1103235,0.10760048,0.105069004,0.102740854,0.100627735,0.09874135,0.09709346,0.095785685,0.094898075,0.09440993,0.094300576,0.094549425,0.09513573,0.096038885,0.09723823,0.09871305,0.100442715,0.10240656,0.10458392,0.10695415,0.10949654,0.1121905,0.1150153,0.117950305,0.12097484,0.12406825,0.12720989,0.13037907,0.13355514,0.13671742,0.1398453,0.14291807,0.14591502,0.14881562,0.15159911,0.1542448,0.15673211,0.15904032,0.16114883,0.16302739,0.16466747,0.16608083,0.16727914,0.1682741,0.16907753,0.16970114,0.17015661,0.1704557,0.17061013,0.17063163,0.17053194,0.17032276,0.17001586,0.16962294
0.22407475,0.22490418,0.22560173,0.22614661,0.22651793,0.2266949,0.22665676,0.22638258,0.2258516,0.22504301,0.22393595,0.22250958,0.22074315,0.21861577,0.21610668,0.21319504,0.20985994,0.20624483,0.20251474,0.19868161,0.19475736,0.1907538,0.1866829,0.18255645,0.17838646,0.17418481,0.16996326,0.1657338,0.16150835,0.15729868,0.15311679,0.14897452,0.1448838,0.14085647,0.13690445,0.13303965,0.1292739,0.12561913,0.122087225,0.11869007,0.11543956,0.11234757,0.10942606,0.10668679,0.10414175,0.10180281,0.099681854,0.09779077,0.096141465,0.094835624,0.093953155,0.09347327,0.09337514,0.09363793,0.09424082,0.095162965,0.09638359,0.09788184,0.09963691,0.10162796,0.10383415,0.106234714,0.10880879,0.11153558,0.11439423,0.11736392,0.12042386,0.12355322,0.12673116,0.12993686,0.1331495,0.13634825,0.13951227,0.1426208,0.14565296,0.14858797,0.15140499,0.15408319,0.15660174,0.15893985,0.16107664,0.16298102,0.16464366,0.16607638,0.16729112,0.16829981,0.16911426,0.1697464,0.17020813,0.17051136,0.17066792,0.17068967,0.17058864,0.17037657,0.17006546,0.16966714
0.22407873,0.22490904,0.22560738,0.22615278,0.22652453,0.22670172,0.22666347,0.22638904,0.2258575,0.225048,0.22393979,0.22251193,0.22074357,0.21861397,0.21610217,0.21318738,0.20984876,0.20622969,0.20249552,0.19865808,0.19472931,0.19072114,0.18664545,0.18251416,0.17833923,0.1741325,0.1699059,0.16567141,0.16144085,0.15722618,0.15303935,0.14889218,0.14479662,0.14076458,0.13680804,0.13293888,0.12916893,0.12551017,0.1219745,0.11857387,0.11532012,0.11222523,0.10930109,0.10655959,0.10401265,0.1016722,0.09955014,0.09765841,0.09600889,0.094703324,0.093821585,0.09334286,0.09324628,0.093511015,0.094116196,0.095041014,0.09626458,0.09776609,0.0995247,0.101519555,0.10372977,0.10613456,0.108713046,0.111444384,0.11430774,0.11728228,0.12034718,0.12348151,0.12666452,0.12987529,0.133093,0.13629682,0.13946593,0.1425794,0.1456165,0.1485563,0.15137798,0.1540607,0.15658356,0.15892582,0.16106658,0.16297457,0.16464029,0.16607577,0.1672928,0.16830339,0.1691194,0.1697527,0.17021535,0.17051907,0.17067592,0.17069778,0.17059654,0.17038408,0.1700724,0.16967332
0.22406027,0.22488649,0.22558132,0.22612403,0.22649394,0.22667027,0.22663224,0.22635911,0.22583023,0.22502476,0.22392201,0.22250117,0.2207416,0.21862249,0.21612309,0.21322271,0.20990062,0.2062997,0.20258462,0.19876723,0.19485927,0.19087262,0.18681905,0.18271036,0.17855836,0.1743749,0.17017177,0.16596074,0.16175367,0.15756227,0.15339851,0.1492741,0.14520085,0.14119054,0.13725507,0.13340618,0.12965569,0.1260154,0.12249712,0.1191127,0.11587392,0.112792544,0.10988046,0.107149415,0.10461125,0.10227778,0.100160785,0.09827208,0.09662348,0.09531666,0.0944316,0.09394752,0.09384373,0.09409943,0.09469394,0.09560646,0.096816316,0.0983027,0.1000449,0.1020222,0.1042138,0.10659898,0.10915702,0.1118672,0.11470871,0.117660806,0.12070285,0.123813994,0.12697354,0.13016076,0.13335487,0.13653518,0.1396809,0.14277132,0.14578567,0.14870322,0.15150325,0.15416501,0.15666775,0.1589907,0.16111319,0.16300449,0.16465573,0.16607863,0.16728505,0.1682868,0.1690957,0.16972353,0.17018205,0.17048317,0.17063867,0.1706603,0.17055991,0.17034934,0.17004034,0.16964477
0.22402146,0.22483908,0.22552669,0.22606377,0.22642982,0.22660427,0.22656664,0.22629637,0.22577299,0.22497594,0.22388461,0.22247866,0.22073741,0.21864039,0.21616705,0.21329689,0.21000941,0.20644651,0.20277159,0.19899619,0.19513196,0.19119042,0.18718326,0.18312198,0.1790182,0.1748835,0.17072952,0.16656779,0.16240993,0.1582675,0.15415214,0.15007539,0.14604889,0.1420842,0.1381929,0.13438664,0.1306769,0.1270754,0.12359364,0.120243214,0.11703574,0.113982804,0.111096,0.10838693,0.105867155,0.10354827,0.10144187,0.09955957,0.09791291,0.09660348,0.095711395,0.09521615,0.09509717,0.095333986,0.09590607,0.09679287,0.09797383,0.09942852,0.101136334,0.10307676,0.10522928,0.107573405,0.11008853,0.1127542,0.115549855,0.11845498,0.12144908,0.12451159,0.12762193,0.13075973,0.13390431,0.13703522,0.14013192,0.1431739,0.14614059,0.14901152,0.15176615,0.15438391,0.15684433,0.15912683,0.16121095,0.16306734,0.16468804,0.16608468,0.1672688,0.16825202,0.16904594,0.16966218,0.17011225,0.1704078,0.17056037,0.17058167,0.17048313,0.17027646,0.1699732,0.16958487
0.2239646,0.22476952,0.22544648,0.22597528,0.22633566,0.22650743,0.2264704,0.22620432,0.22568901,0.22490425,0.22382985,0.22244558,0.22073126,0.21866663,0.21623152,0.21340576,0.21016905,0.20666194,0.20304589,0.19933215,0.19553202,0.19165677,0.18771765,0.18372594,0.17969288,0.17562976,0.17154789,0.16745852,0.16337284,0.15930226,0.15525794,0.15125117,0.14729327,0.14339545,0.13956901,0.13582528,0.13217539,0.12863073,0.12520249,0.121902004,0.118740514,0.11572931,0.11287959,0.11020269,0.107709914,0.10541247,0.10332161,0.10144866,0.09980488,0.0984916,0.09758923,0.097077556,0.09693635,0.09714545,0.097684614,0.09853364,0.09967231,0.10108042,0.10273775,0.10462414,0.10671933,0.10900314,0.11145535,0.11405573,0.116784126,0.11962028,0.12254403,0.12553513,0.12857336,0.13163857,0.13471049,0.13776894,0.14079373,0.1437646,0.14666139,0.14946388,0.15215184,0.15470509,0.15710342,0.1593266,0.16135444,0.16315952,0.16473544,0.16609348,0.16724493,0.168201,0.16897297,0.16957219,0.17000984,0.17029724,0.1704456,0.17046629,0.17037049,0.1701695,0.1698746,0.16949704
0.22389174,0.22468048,0.22534384,0.22586204,0.22621517,0.22638348,0.22634718,0.22608642,0.22558151,0.22481252,0.22375971,0.22240327,0.22072338,0.21870022,0.21631408,0.21354508,0.21037343,0.20693773,0.20339705,0.1997623,0.19604425,0.19225378,0.18840179,0.1844991,0.18055663,0.1765852,0.1725956,0.16859882,0.16460563,0.16062695,0.1566736,0.15275645,0.14888637,0.14507419,0.1413308,0.13766703,0.1340938,0.13062191,0.12726225,0.12402569,0.120923035,0.117965214,0.11516303,0.1125274,0.11006912,0.10779909,0.10572817,0.10386721,0.10222708,0.10090889,0.09999336,0.09946066,0.099291004,0.09946459,0.09996161,0.10076226,0.101846755,0.10319527,0.10478798,0.106605165,0.10862695,0.11083355,0.11320518,0.11572203,0.1183643,0.12111215,0.12394582,0.12684551,0.12979141,0.13276368,0.13574257,0.13870828,0.14164099,0.14452085,0.14732814,0.15004303,0.15264568,0.15511629,0.15743512,0.15958232,0.1615381,0.16327754,0.16479617,0.1661048,0.16721435,0.16813566,0.16887957,0.16945699,0.16987869,0.17015564,0.1702986,0.17031853,0.17022623,0.17003255,0.16974838,0.16938457
