0.16956986,0.16956964,0.16956952,0.16956937,0.16956931,0.16956927,0.16956928,0.16956936,0.16956948,0.16956966,0.16956988,0.16957018,0.16957057,0.16957101,0.16957158,0.16957219,0.16957293,0.16956076,0.16952448,0.16946654,0.1693894,0.16929562,0.1691877,0.16906807,0.16893929,0.16880384,0.16866428,0.168523,0.16838256,0.16824546,0.16811419,0.16799122,0.16787913,0.16778032,0.16769738,0.16763276,0.167589,0.1675685,0.16757385,0.16760755,0.16767202,0.16776986,0.1679035,0.16807547,0.16828825,0.16854435,0.16884628,0.16919653,0.1695976,0.17002487,0.17045201,0.17087911,0.17130609,0.171733,0.17215988,0.17258665,0.17301336,0.17344001,0.1738666,0.17429312,0.17471963,0.17514607,0.17557251,0.1759989,0.17642525,0.17685157,0.17727786,0.17770417,0.17813045,0.17855674,0.17898303,0.1794093,0.17983559,0.18026188,0.1806882,0.18111452,0.1815409,0.1819673,0.18239373,0.18282017,0.1832467,0.18364699,0.18399647,0.18429764,0.18455295,0.18476498,0.18493618,0.18506905,0.18516612,0.18522987,0.18526278,0.18526731,0.18524607,0.18520151,0.18513614,0.18505241
0.16958767,0.16958743,0.16958721,0.16958702,0.16958688,0.16958687,0.16958685,0.16958696,0.16958712,0.1695874,0.16958773,0.16958818,0.16958871,0.16958939,0.16959019,0.16959108,0.16959214,0.1695801,0.16954343,0.16948463,0.16940634,0.16931106,0.16920131,0.1690797,0.16894874,0.16881096,0.16866896,0.16852528,0.16838242,0.16824295,0.16810948,0.16798443,0.16787046,0.16777009,0.16768582,0.16762026,0.16757594,0.1675554,0.16756117,0.16759585,0.16766194,0.16776201,0.1678986,0.16807427,0.1682915,0.16855295,0.16886109,0.1692185,0.16962774,0.17006366,0.17049944,0.1709351,0.17137061,0.17180604,0.17224132,0.17267655,0.17311165,0.17354669,0.17398162,0.17441653,0.17485134,0.17528608,0.17572078,0.17615543,0.17659004,0.17702462,0.17745915,0.17789367,0.17832819,0.17876267,0.17919715,0.17963165,0.1800662,0.18050072,0.18093526,0.18136984,0.18180446,0.18223912,0.18267384,0.1831086,0.18354344,0.18395156,0.18430787,0.18461491,0.18487522,0.18509138,0.1852659,0.18540141,0.18550032,0.18556531,0.18559885,0.18560353,0.18558186,0.18553641,0.18546976,0.18538438
0.1696027,0.16960236,0.1696021,0.16960187,0.16960171,0.16960166,0.16960166,0.16960178,0.16960196,0.1696023,0.16960275,0.1696033,0.169604,0.16960484,0.16960584,0.16960697,0.16960828,0.16959631,0.1695593,0.16949984,0.16942059,0.16932401,0.1692128,0.1690895,0.16895667,0.16881697,0.16867295,0.1685272,0.16838229,0.16824088,0.16810548,0.16797872,0.16786319,0.16776145,0.1676761,0.1676098,0.16756502,0.16754441,0.16755058,0.16758604,0.16765346,0.1677554,0.16789445,0.16807322,0.16829425,0.16856016,0.16887355,0.16923697,0.16965309,0.17009625,0.17053926,0.17098211,0.17142487,0.17186742,0.17230988,0.17275217,0.17319435,0.17363642,0.1740784,0.1745203,0.1749621,0.17540385,0.17584547,0.17628707,0.17672864,0.17717014,0.17761159,0.17805305,0.17849447,0.1789359,0.17937727,0.17981869,0.1802601,0.18070155,0.18114303,0.18158455,0.18202612,0.1824677,0.18290941,0.18335116,0.183793,0.18420768,0.18456972,0.18488169,0.18514623,0.18536586,0.18554324,0.18568085,0.18578142,0.18584745,0.18588153,0.1858863,0.18586428,0.1858181,0.18575035,0.18566361
0.16961442,0.16961402,0.1696137,0.16961348,0.16961329,0.16961321,0.16961323,0.16961335,0.1696136,0.16961397,0.16961448,0.16961512,0.16961592,0.16961691,0.16961803,0.16961937,0.1696209,0.169609,0.16957173,0.16951175,0.16943169,0.16933414,0.16922174,0.16909711,0.16896288,0.16882166,0.16867605,0.16852869,0.16838224,0.16823927,0.16810238,0.16797428,0.16785751,0.16775472,0.16766854,0.16760156,0.16755643,0.16753581,0.16754225,0.16757837,0.16764683,0.16775022,0.1678912,0.16807242,0.16829637,0.1685658,0.16888325,0.16925143,0.16967288,0.17012173,0.17057042,0.1710189,0.17146721,0.1719154,0.17236336,0.17281121,0.17325893,0.17370653,0.17415401,0.17460136,0.17504862,0.1754958,0.17594288,0.17638993,0.1768369,0.17728382,0.1777307,0.17817749,0.17862435,0.17907117,0.17951795,0.17996477,0.18041159,0.18085843,0.18130529,0.18175228,0.18219922,0.18264629,0.18309338,0.18354061,0.18398792,0.18440774,0.18477426,0.18509012,0.1853579,0.1855803,0.18575983,0.1858992,0.18600096,0.18606782,0.18610233,0.18610714,0.18608485,0.1860381,0.1859695,0.18588172
0.16962242,0.16962196,0.16962162,0.16962136,0.16962117,0.16962108,0.16962108,0.16962124,0.16962151,0.16962191,0.16962247,0.16962318,0.16962406,0.16962513,0.16962638,0.16962785,0.1696295,0.16961762,0.16958022,0.16951987,0.16943924,0.16934101,0.16922784,0.16910233,0.16896711,0.16882484,0.16867815,0.16852973,0.16838218,0.16823815,0.16810028,0.16797124,0.16785364,0.16775014,0.16766335,0.16759598,0.16755062,0.16752994,0.16753656,0.16757314,0.16764228,0.16774672,0.16788901,0.16807184,0.16829783,0.16856964,0.1688899,0.16926126,0.16968635,0.17013912,0.17059164,0.17104398,0.1714961,0.17194806,0.17239985,0.17285147,0.17330296,0.17375429,0.17420551,0.17465658,0.17510763,0.17555848,0.1760093,0.17646001,0.17691068,0.17736128,0.17781182,0.17826237,0.17871287,0.17916334,0.17961384,0.18006434,0.18051483,0.18096536,0.18141592,0.18186656,0.18231723,0.18276802,0.18321884,0.18366973,0.18412077,0.18454409,0.18491368,0.18523216,0.18550216,0.1857264,0.18590744,0.18604797,0.18615061,0.186218,0.18625277,0.18625765,0.18623517,0.18618804,0.18611892,0.18603034
0.16962624,0.16962577,0.16962543,0.16962513,0.16962495,0.16962487,0.16962485,0.169625,0.1696253,0.1696257,0.1696263,0.16962703,0.16962795,0.16962905,0.16963035,0.16963188,0.16963358,0.16962175,0.16958424,0.16952376,0.16944286,0.16934437,0.16923079,0.1691048,0.16896911,0.16882637,0.16867918,0.16853021,0.16838214,0.16823763,0.16809925,0.16796976,0.16785178,0.16774794,0.16766092,0.16759333,0.16754785,0.16752715,0.16753384,0.16757064,0.16764016,0.16774502,0.16788797,0.16807158,0.16829853,0.16857147,0.16889305,0.16926596,0.16969278,0.17014737,0.17060174,0.17105591,0.17150986,0.17196363,0.17241725,0.17287067,0.17332394,0.17377707,0.17423005,0.17468293,0.1751357,0.17558837,0.17604095,0.1764934,0.17694585,0.1773982,0.17785053,0.17830281,0.17875507,0.1792073,0.17965953,0.18011177,0.18056403,0.18101633,0.18146867,0.18192105,0.18237348,0.18282601,0.1832786,0.18373129,0.18418407,0.18460909,0.1849801,0.18529987,0.18557096,0.18579604,0.18597782,0.18611887,0.18622193,0.1862896,0.18632452,0.18632938,0.18630683,0.18625954,0.1861901,0.1861012
0.16962537,0.16962495,0.1696246,0.16962431,0.1696241,0.16962403,0.16962403,0.16962418,0.16962446,0.16962488,0.16962546,0.16962619,0.1696271,0.1696282,0.1696295,0.16963099,0.16963272,0.16962086,0.16958338,0.16952288,0.16944209,0.16934365,0.16923013,0.16910426,0.16896869,0.16882603,0.16867895,0.16853014,0.16838214,0.16823773,0.16809951,0.16797008,0.16785218,0.1677484,0.16766143,0.16759388,0.16754845,0.16752775,0.16753444,0.16757119,0.16764061,0.1677454,0.16788821,0.16807164,0.16829838,0.16857107,0.16889238,0.16926493,0.1696914,0.1701456,0.17059955,0.17105332,0.17150688,0.17196028,0.1724135,0.17286652,0.17331941,0.17377217,0.17422476,0.17467727,0.17512964,0.17558193,0.1760341,0.1764862,0.17693827,0.17739025,0.17784218,0.17829405,0.17874596,0.1791978,0.17964968,0.18010156,0.18055342,0.18100531,0.18145728,0.18190931,0.18236135,0.1828135,0.18326572,0.18371801,0.18417044,0.18459506,0.18496577,0.18528526,0.1855561,0.18578105,0.18596263,0.1861036,0.18620655,0.18627416,0.18630905,0.18631391,0.18629137,0.18624409,0.1861747,0.18608591
0.16961949,0.16961907,0.16961876,0.16961849,0.16961831,0.1696182,0.16961822,0.16961835,0.16961862,0.16961901,0.16961955,0.16962022,0.1696211,0.16962215,0.16962333,0.16962475,0.16962637,0.16961446,0.1695771,0.16951692,0.1694365,0.16933851,0.16922562,0.16910042,0.16896556,0.16882367,0.16867739,0.16852935,0.16838223,0.16823854,0.16810103,0.16797233,0.16785504,0.16775179,0.16766524,0.16759804,0.16755277,0.16753209,0.16753863,0.16757503,0.16764393,0.167748,0.16788982,0.16807204,0.16829729,0.16856825,0.16888748,0.16925767,0.16968144,0.17013276,0.1705839,0.17103484,0.17148557,0.17193614,0.17238656,0.17283678,0.17328691,0.17373689,0.17418674,0.17463648,0.17508611,0.17553563,0.17598508,0.17643446,0.17688379,0.17733303,0.17778227,0.17823145,0.1786806,0.17912973,0.17957889,0.18002802,0.18047719,0.18092641,0.18137561,0.18182491,0.18227422,0.18272366,0.18317312,0.18362269,0.18407235,0.1844944,0.18486287,0.18518038,0.1854496,0.18567313,0.18585365,0.18599373,0.18609609,0.18616326,0.18619795,0.18620278,0.1861804,0.18613338,0.18606444,0.18597616
0.16960809,0.16960771,0.16960742,0.16960719,0.16960704,0.16960695,0.16960697,0.16960709,0.16960731,0.16960765,0.16960813,0.16960871,0.16960949,0.16961037,0.16961144,0.16961266,0.16961406,0.1696021,0.169565,0.16950531,0.16942567,0.16932866,0.1692169,0.16909298,0.16895951,0.16881911,0.16867438,0.16852786,0.16838229,0.16824013,0.16810405,0.16797669,0.16786058,0.16775836,0.16767266,0.16760601,0.16756107,0.16754046,0.16754672,0.1675825,0.16765042,0.16775303,0.16789298,0.16807283,0.16829523,0.16856275,0.168878,0.16924359,0.16966216,0.17010793,0.17055355,0.17099899,0.17144428,0.17188944,0.1723344,0.17277923,0.17322396,0.17366856,0.17411307,0.17455746,0.17500179,0.17544603,0.17589016,0.17633425,0.17677829,0.17722227,0.17766622,0.17811012,0.178554,0.1789979,0.1794418,0.17988569,0.18032959,0.18077351,0.18121746,0.18166146,0.18210553,0.18254963,0.18299381,0.18343805,0.18388239,0.18429944,0.18466353,0.18497728,0.18524331,0.1854642,0.18564257,0.18578097,0.18588212,0.1859485,0.18598278,0.18598755,0.18596543,0.18591902,0.18585086,0.18576363
0.16959068,0.16959041,0.16959016,0.16958998,0.16958986,0.16958979,0.16958983,0.16958992,0.16959007,0.16959035,0.16959073,0.16959116,0.16959177,0.16959248,0.16959326,0.16959424,0.16959535,0.16958329,0.16954656,0.16948766,0.16940914,0.16931361,0.1692036,0.16908163,0.16895032,0.16881217,0.16866976,0.16852565,0.1683824,0.16824256,0.16810869,0.16798332,0.16786903,0.16776839,0.1676839,0.1676182,0.16757378,0.1675532,0.16755906,0.1675939,0.16766024,0.16776069,0.1678978,0.16807401,0.16829206,0.1685544,0.16886358,0.16922218,0.16963278,0.17007013,0.17050736,0.17094444,0.1713814,0.17181823,0.17225498,0.17269158,0.17312813,0.17356455,0.1740009,0.17443717,0.17487337,0.17530952,0.1757456,0.17618164,0.17661762,0.17705359,0.17748949,0.17792536,0.17836128,0.17879714,0.179233,0.17966889,0.18010476,0.18054068,0.18097663,0.18141256,0.1818486,0.18228462,0.18272072,0.18315688,0.1835931,0.18400252,0.18435995,0.18466797,0.18492915,0.18514599,0.18532112,0.185457,0.18555628,0.18562146,0.18565512,0.18565978,0.18563809,0.18559252,0.1855256,0.18543997
0.16956685,0.16956668,0.16956656,0.16956644,0.16956636,0.16956635,0.16956633,0.16956638,0.16956653,0.16956668,0.1695669,0.16956717,0.16956753,0.16956796,0.16956845,0.16956902,0.16956972,0.16955756,0.1695213,0.1694635,0.16938655,0.16929303,0.16918539,0.16906612,0.16893773,0.16880266,0.16866346,0.16852261,0.16838259,0.16824585,0.16811496,0.1679924,0.16788058,0.16778207,0.1676993,0.16763486,0.16759114,0.1675707,0.16757597,0.16760947,0.16767374,0.16777119,0.16790432,0.1680757,0.16828771,0.16854292,0.1688438,0.16919284,0.16959256,0.17001839,0.17044407,0.17086975,0.1712953,0.17172082,0.17214623,0.17257161,0.17299691,0.17342213,0.17384733,0.1742725,0.17469761,0.17512265,0.17554767,0.17597269,0.17639767,0.17682263,0.17724754,0.17767245,0.17809738,0.17852226,0.1789472,0.17937207,0.17979701,0.18022193,0.18064687,0.18107182,0.1814968,0.18192181,0.18234684,0.1827719,0.18319704,0.18359603,0.18394436,0.18424454,0.18449904,0.18471037,0.18488103,0.18501346,0.18511018,0.18517369,0.1852065,0.18521108,0.18518989,0.18514545,0.18508029,0.18499684
0.16953617,0.16953613,0.1695361,0.1695361,0.16953607,0.1695361,0.16953608,0.16953608,0.1695361,0.16953613,0.16953619,0.16953622,0.16953631,0.16953637,0.16953647,0.16953656,0.16953668,0.16952437,0.16948879,0.16943237,0.16935745,0.16926649,0.16916193,0.1690461,0.16892147,0.16879043,0.16865535,0.16851868,0.16838278,0.16825011,0.16812308,0.16800407,0.16789545,0.16779971,0.16771917,0.16765633,0.16761355,0.16759321,0.16759774,0.16762957,0.16769107,0.16778468,0.16791278,0.16807778,0.16828212,0.16852814,0.16881837,0.16915509,0.16954075,0.16995169,0.17036259,0.17077349,0.17118439,0.17159523,0.17200612,0.17241697,0.17282782,0.17323868,0.17364949,0.1740603,0.1744711,0.1748819,0.17529267,0.1757035,0.17611426,0.17652504,0.17693582,0.17734657,0.17775735,0.17816812,0.17857891,0.1789897,0.17940044,0.17981122,0.18022202,0.18063277,0.18104357,0.18145436,0.18186519,0.18227597,0.18268675,0.1830723,0.18340892,0.18369897,0.18394488,0.18414906,0.18431397,0.18444194,0.18453541,0.18459682,0.18462852,0.1846329,0.18461245,0.18456952,0.18450652,0.18442589
0.16949819,0.16949832,0.16949843,0.16949852,0.1694986,0.16949862,0.16949861,0.16949855,0.16949847,0.16949832,0.16949816,0.16949794,0.16949764,0.16949725,0.16949685,0.16949631,0.16949576,0.16948326,0.16944851,0.1693938,0.16932142,0.16923366,0.16913286,0.16902134,0.16890137,0.16877525,0.16864529,0.16851379,0.16838306,0.16825542,0.16813311,0.16801852,0.1679139,0.16782156,0.16774377,0.16768293,0.16764125,0.16762108,0.16762468,0.1676544,0.16771257,0.16780137,0.16792326,0.1680804,0.1682752,0.1685099,0.16878684,0.16910827,0.16947657,0.16986905,0.17026165,0.17065431,0.17104702,0.17143977,0.1718326,0.17222549,0.17261845,0.1730114,0.1734044,0.17379747,0.1741906,0.17458373,0.1749769,0.1753701,0.1757633,0.17615652,0.17654976,0.176943,0.17733629,0.17772955,0.1781228,0.17851609,0.17890936,0.17930259,0.17969584,0.18008909,0.18048227,0.18087544,0.1812686,0.18166173,0.18205482,0.18242368,0.18274574,0.18302327,0.18325858,0.18345398,0.18361172,0.18373418,0.18382365,0.18388237,0.18391268,0.1839169,0.18389732,0.18385625,0.18379599,0.18371885
0.16945244,0.16945279,0.16945304,0.16945328,0.16945344,0.16945352,0.1694535,0.16945337,0.16945314,0.16945282,0.16945237,0.16945179,0.16945103,0.16945015,0.16944909,0.1694479,0.16944651,0.16943379,0.16939998,0.16934733,0.16927798,0.16919412,0.16909792,0.16899154,0.16887714,0.16875698,0.1686332,0.16850793,0.16838337,0.16826177,0.16814522,0.16803595,0.16793609,0.16784786,0.16777344,0.16771497,0.16767465,0.16765468,0.16765717,0.16768438,0.16773844,0.16782156,0.16793585,0.16808358,0.16826686,0.16848788,0.16874884,0.16905193,0.16939928,0.1697696,0.17014009,0.17051072,0.1708816,0.17125255,0.17162366,0.1719949,0.17236625,0.17273773,0.17310931,0.17348102,0.17385277,0.17422463,0.17459656,0.17496857,0.17534061,0.1757127,0.17608485,0.176457,0.17682916,0.17720135,0.17757355,0.17794573,0.17831792,0.17869006,0.17906217,0.17943427,0.17980628,0.18017825,0.18055016,0.18092199,0.18129374,0.18164255,0.18194711,0.18220955,0.18243207,0.18261683,0.18276604,0.1828818,0.1829664,0.18302193,0.18305062,0.1830546,0.1830361,0.18299726,0.18294026,0.1828673
0.16939846,0.16939902,0.16939953,0.16939989,0.16940017,0.1694003,0.16940026,0.16940008,0.16939971,0.16939911,0.16939835,0.16939732,0.16939609,0.16939458,0.16939281,0.16939074,0.16938841,0.16937542,0.16934279,0.16929257,0.16922678,0.16914746,0.16905661,0.16895635,0.1688486,0.16873544,0.1686189,0.16850099,0.16838379,0.16826926,0.16815947,0.16805646,0.16796228,0.16787891,0.16780838,0.16775274,0.16771401,0.16769427,0.16769548,0.16771969,0.16776896,0.16784528,0.1679507,0.16808729,0.16825701,0.1684619,0.16870408,0.16898546,0.16930813,0.16965228,0.16999674,0.17034145,0.17068642,0.17103171,0.17137715,0.17172293,0.17206882,0.17241497,0.17276126,0.17310773,0.17345436,0.17380111,0.17414801,0.17449498,0.17484206,0.17518923,0.17553647,0.17588374,0.17623106,0.17657839,0.1769257,0.17727304,0.17762034,0.17796758,0.17831479,0.17866196,0.17900899,0.17935593,0.17970279,0.18004952,0.1803961,0.18072127,0.18100515,0.18124983,0.18145722,0.18162948,0.18176855,0.1818765,0.18195532,0.18200712,0.18203382,0.18203755,0.1820203,0.18198408,0.18193097,0.18186294
0.16933581,0.16933669,0.1693374,0.16933797,0.16933836,0.16933855,0.16933848,0.16933823,0.16933767,0.16933681,0.16933566,0.16933417,0.16933231,0.16933013,0.1693275,0.16932446,0.16932097,0.16930768,0.16927639,0.169229,0.16916734,0.16909333,0.16900875,0.1689155,0.16881545,0.16871041,0.16860232,0.16849299,0.16838422,0.16827798,0.16817604,0.16808031,0.16799267,0.16791491,0.16784893,0.16779657,0.16775972,0.16774021,0.16773991,0.16776066,0.16780438,0.16787285,0.16796798,0.16809161,0.16824558,0.1684318,0.16865209,0.16890834,0.16920234,0.16951615,0.16983034,0.17014498,0.17046,0.17077541,0.17109118,0.17140727,0.17172368,0.17204036,0.17235737,0.17267455,0.172992,0.17330962,0.17362745,0.17394544,0.17426354,0.17458178,0.17490011,0.17521851,0.17553696,0.17585546,0.17617393,0.1764924,0.17681085,0.17712924,0.1774475,0.17776571,0.17808378,0.17840171,0.17871949,0.17903705,0.17935441,0.17965215,0.17991209,0.18013608,0.180326,0.18048368,0.18061103,0.18070985,0.18078206,0.18082945,0.18085393,0.18085733,0.18084154,0.18080837,0.18075974,0.18069746
0.16926408,0.16926527,0.16926625,0.16926703,0.16926757,0.1692678,0.16926776,0.16926737,0.16926661,0.16926545,0.16926387,0.16926184,0.1692593,0.16925627,0.16925268,0.16924852,0.16924375,0.16923009,0.16920033,0.1691562,0.16909927,0.1690313,0.16895391,0.16886875,0.16877747,0.16868179,0.16858333,0.16848375,0.16838473,0.16828795,0.16819501,0.16810764,0.16802748,0.16795616,0.16789538,0.1678468,0.16781206,0.16779284,0.16779082,0.16780764,0.16784495,0.16790444,0.16798775,0.16809656,0.16823253,0.1683973,0.16859257,0.16881998,0.1690812,0.16936018,0.16963978,0.16991994,0.17020065,0.17048189,0.1707636,0.17104577,0.17132837,0.17161134,0.17189471,0.17217839,0.1724624,0.1727467,0.17303124,0.17331599,0.17360093,0.17388602,0.17417124,0.17445655,0.17474195,0.1750274,0.17531285,0.17559826,0.17588364,0.17616893,0.17645411,0.17673916,0.17702405,0.17730872,0.17759317,0.17787738,0.17816128,0.17842758,0.17866005,0.17886041,0.17903027,0.17917132,0.1792852,0.1793736,0.17943817,0.17948055,0.17950247,0.1795055,0.17949137,0.17946172,0.1794182,0.17936252
0.169209,0.1692106,0.16921194,0.16921294,0.16921365,0.16921401,0.16921388,0.16921337,0.1692124,0.16921084,0.16920875,0.16920605,0.16920272,0.16919868,0.16919392,0.1691884,0.16918206,0.1691679,0.16913974,0.16909915,0.16904749,0.16898622,0.16891675,0.16884059,0.16875914,0.16867381,0.1685861,0.16849747,0.16840927,0.16832301,0.16824012,0.168162,0.16809013,0.16802602,0.16797099,0.16792652,0.16789411,0.16787507,0.16787098,0.16788322,0.16791329,0.16796249,0.16803242,0.16812444,0.16823997,0.16838053,0.1685475,0.16874234,0.1689665,0.16920623,0.1694467,0.16968799,0.16993,0.17017268,0.17041598,0.17065991,0.17090444,0.17114945,0.17139496,0.17164092,0.1718873,0.17213401,0.17238109,0.17262843,0.17287602,0.17312385,0.17337184,0.17361993,0.17386818,0.17411643,0.17436467,0.17461294,0.17486113,0.1751092,0.17535715,0.17560488,0.17585239,0.17609966,0.17634661,0.17659323,0.17683947,0.17707036,0.17727192,0.17744564,0.17759296,0.17771521,0.17781398,0.1778906,0.17794663,0.17798337,0.17800233,0.178005,0.17799272,0.17796698,0.1779293,0.177881
0.16919392,0.16919601,0.16919771,0.16919906,0.16919999,0.16920042,0.16920036,0.16919965,0.1691983,0.16919635,0.16919363,0.16919008,0.16918574,0.16918053,0.1691743,0.16916715,0.16915894,0.169144,0.16911745,0.16908054,0.16903445,0.16898035,0.16891947,0.16885298,0.16878211,0.16870807,0.168632,0.16855514,0.16847871,0.16840383,0.16833176,0.1682637,0.16820079,0.16814433,0.1680954,0.16805531,0.16802517,0.16800623,0.1679997,0.16800669,0.16802847,0.16806628,0.16812126,0.16819455,0.16828749,0.16840117,0.16853678,0.16869558,0.16887878,0.16907507,0.16927242,0.16947077,0.16967005,0.16987021,0.1700712,0.17027299,0.17047548,0.1706787,0.17088252,0.17108695,0.17129193,0.17149736,0.17170322,0.17190942,0.172116,0.17232282,0.17252986,0.1727371,0.17294446,0.17315185,0.17335929,0.1735667,0.17377402,0.17398117,0.17418818,0.17439488,0.17460136,0.17480746,0.17501317,0.17521846,0.17542323,0.17561519,0.17578274,0.17592713,0.17604956,0.17615125,0.17623332,0.17629704,0.17634356,0.17637412,0.1763899,0.17639208,0.17638193,0.17636055,0.17632918,0.17628904
0.16921477,0.16921736,0.16921954,0.16922125,0.16922243,0.16922295,0.16922285,0.169222,0.16922033,0.16921778,0.16921432,0.16920988,0.16920435,0.16919772,0.16918987,0.1691808,0.16917036,0.16915442,0.16912946,0.1690964,0.16905615,0.16900967,0.16895792,0.16890177,0.16884218,0.16878013,0.16871653,0.16865228,0.16858834,0.16852564,0.16846512,0.16840772,0.16835439,0.16830605,0.16826363,0.16822806,0.1682003,0.16818124,0.16817184,0.16817307,0.16818582,0.16821103,0.16824967,0.16830261,0.16837084,0.1684553,0.16855688,0.16867656,0.16881523,0.16896439,0.16911492,0.16926669,0.16941965,0.16957368,0.16972888,0.16988501,0.17004205,0.17020002,0.17035876,0.17051825,0.1706784,0.17083915,0.17100045,0.17116222,0.17132439,0.17148694,0.17164978,0.17181282,0.17197601,0.17213926,0.17230254,0.17246579,0.17262894,0.17279191,0.17295466,0.1731171,0.1732791,0.17344074,0.1736019,0.17376244,0.17392239,0.17407213,0.17420293,0.1743156,0.17441115,0.17449048,0.17455456,0.17460428,0.17464057,0.17466444,0.17467675,0.17467844,0.17467052,0.17465384,0.17462938,0.17459804
0.16926731,0.16927052,0.16927321,0.1692753,0.16927673,0.16927743,0.16927728,0.16927622,0.16927418,0.16927104,0.16926676,0.16926126,0.16925444,0.16924621,0.16923654,0.16922528,0.16921239,0.16919526,0.16917185,0.16914275,0.1691086,0.16907011,0.16902794,0.16898268,0.16893506,0.16888566,0.1688352,0.16878426,0.16873355,0.16868374,0.16863544,0.1685893,0.16854602,0.16850623,0.16847058,0.16843975,0.16841434,0.16839503,0.16838248,0.16837741,0.16838038,0.16839205,0.16841309,0.16844417,0.16848598,0.16853909,0.16860422,0.168682,0.16877306,0.16887183,0.16897228,0.16907425,0.16917773,0.16928253,0.16938871,0.16949612,0.16960467,0.1697143,0.1698249,0.16993645,0.1700488,0.17016192,0.17027569,0.17039007,0.17050493,0.17062025,0.17073591,0.17085183,0.17096792,0.17108417,0.17120038,0.17131661,0.17143269,0.1715485,0.17166404,0.17177922,0.17189392,0.17200811,0.17212169,0.17223454,0.17234664,0.17245145,0.17254296,0.17262179,0.17268862,0.17274414,0.17278896,0.17282377,0.17284918,0.17286587,0.17287448,0.17287569,0.17287011,0.17285843,0.17284134,0.17281944
0.16934742,0.16935131,0.16935459,0.16935712,0.16935886,0.16935968,0.16935953,0.16935821,0.16935574,0.16935194,0.16934678,0.1693401,0.16933186,0.16932194,0.16931018,0.16929658,0.16928099,0.16926254,0.1692406,0.16921559,0.16918778,0.16915765,0.16912545,0.16909158,0.16905642,0.16902028,0.16898358,0.16894658,0.16890974,0.16887334,0.16883783,0.1688035,0.16877072,0.1687398,0.16871123,0.16868524,0.16866225,0.16864257,0.16862664,0.16861473,0.16860725,0.16860457,0.16860703,0.16861491,0.1686287,0.16864869,0.16867524,0.16870871,0.1687495,0.16879502,0.16884255,0.16889197,0.16894314,0.16899602,0.16905051,0.16910648,0.16916384,0.16922246,0.16928232,0.16934328,0.16940527,0.16946812,0.16953179,0.16959618,0.16966122,0.16972674,0.1697927,0.16985895,0.16992548,0.16999209,0.17005879,0.17012538,0.1701918,0.17025797,0.17032383,0.17038918,0.170454,0.17051816,0.17058158,0.17064413,0.1707058,0.17076316,0.17081329,0.17085645,0.17089303,0.17092338,0.17094795,0.170967,0.17098092,0.17099003,0.17099476,0.17099541,0.17099237,0.17098595,0.1709766,0.17096461
0.16945103,0.16945563,0.16945948,0.16946249,0.16946454,0.16946556,0.16946533,0.16946378,0.16946088,0.16945639,0.16945024,0.16944234,0.16943254,0.16942076,0.16940685,0.1693907,0.1693722,0.16935223,0.16933183,0.16931097,0.16928974,0.16926818,0.16924633,0.16922426,0.16920203,0.16917962,0.1691572,0.16913472,0.16911222,0.1690898,0.16906753,0.16904539,0.16902347,0.1690018,0.16898045,0.16895948,0.16893892,0.1689188,0.16889918,0.1688801,0.16886166,0.1688439,0.16882677,0.16881044,0.16879489,0.1687802,0.16876641,0.16875356,0.16874172,0.1687316,0.16872382,0.1687183,0.16871485,0.16871347,0.1687139,0.16871615,0.16872005,0.16872543,0.16873232,0.1687405,0.16874981,0.16876024,0.16877165,0.16878387,0.16879685,0.16881046,0.16882452,0.168839,0.16885376,0.16886865,0.16888359,0.16889842,0.16891307,0.16892746,0.1689414,0.16895479,0.1689675,0.16897948,0.16899058,0.16900067,0.16900961,0.16901748,0.16902433,0.16903025,0.16903523,0.16903944,0.16904278,0.16904537,0.1690473,0.16904852,0.1690492,0.1690493,0.16904883,0.16904795,0.16904673,0.16904506
0.1695739,0.16957925,0.16958378,0.16958731,0.16958968,0.16959085,0.16959056,0.16958882,0.16958539,0.16958016,0.16957301,0.16956381,0.1695524,0.16953859,0.16952237,0.16950358,0.16948202,0.16946045,0.16944148,0.16942489,0.16941036,0.16939764,0.16938646,0.16937654,0.16936758,0.16935939,0.1693516,0.16934401,0.16933638,0.16932835,0.16931967,0.16931011,0.1692994,0.16928719,0.16927329,0.16925742,0.16923928,0.1692186,0.16919515,0.16916859,0.16913871,0.16910525,0.16906789,0.16902636,0.16898039,0.16892974,0.16887417,0.16881329,0.16874695,0.16867916,0.16861413,0.16855171,0.1684917,0.1684341,0.16837865,0.16832526,0.16827382,0.16822417,0.16817617,0.1681297,0.1680846,0.1680408,0.16799809,0.1679564,0.16791554,0.16787538,0.1678358,0.16779672,0.16775793,0.1677193,0.16768073,0.16764206,0.16760316,0.16756393,0.16752423,0.16748382,0.16744272,0.16740066,0.16735762,0.16731338,0.16726786,0.16722447,0.16718659,0.16715397,0.16712631,0.16710334,0.1670848,0.16707034,0.16705987,0.16705295,0.16704938,0.1670489,0.16705121,0.16705602,0.1670631,0.16707218
0.16971199,0.16971813,0.16972329,0.16972737,0.1697301,0.16973144,0.16973113,0.1697291,0.16972515,0.16971916,0.16971093,0.16970035,0.16968724,0.16967146,0.16965282,0.16963123,0.16960645,0.1695832,0.16956569,0.16955338,0.1695457,0.169542,0.16954167,0.16954416,0.16954882,0.16955511,0.16956238,0.16957006,0.16957754,0.16958426,0.16958949,0.16959278,0.1695935,0.16959095,0.16958465,0.16957396,0.16955826,0.169537,0.16950952,0.16947524,0.1694336,0.16938396,0.16932571,0.1692583,0.16918111,0.16909352,0.16899492,0.1688848,0.16876245,0.16863544,0.16851155,0.16839069,0.16827263,0.16815726,0.16804446,0.16793396,0.1678257,0.1677195,0.1676152,0.16751269,0.16741173,0.16731225,0.16721404,0.16711697,0.16702086,0.16692558,0.16683097,0.16673689,0.16664317,0.16654964,0.16645616,0.16636261,0.16626877,0.16617453,0.16607969,0.16598417,0.16588777,0.16579032,0.1656917,0.16559178,0.16549028,0.16539434,0.16531056,0.16523835,0.16517712,0.1651263,0.16508529,0.16505341,0.16503015,0.16501483,0.16500695,0.16500586,0.16501096,0.16502166,0.16503732,0.16505742
0.16986108,0.16986804,0.16987392,0.16987845,0.16988161,0.16988312,0.16988277,0.16988046,0.16987601,0.16986921,0.16985989,0.1698479,0.16983306,0.16981515,0.16979407,0.1697696,0.16974154,0.1697165,0.16970046,0.16969252,0.16969173,0.16969717,0.1697079,0.169723,0.16974151,0.16976252,0.16978505,0.16980822,0.16983108,0.16985272,0.16987218,0.1698885,0.16990077,0.16990809,0.16990948,0.16990402,0.16989079,0.16986884,0.16983725,0.16979508,0.16974139,0.16967526,0.16959573,0.16950192,0.16939281,0.16926757,0.1691252,0.16896474,0.16878535,0.16859798,0.16841418,0.16823372,0.1680565,0.16788231,0.16771099,0.16754232,0.16737622,0.16721243,0.16705078,0.16689113,0.16673328,0.16657709,0.16642231,0.16626884,0.16611649,0.16596504,0.1658144,0.16566432,0.16551463,0.16536519,0.16521582,0.16506632,0.16491652,0.16476628,0.16461536,0.16446367,0.16431092,0.16415705,0.16400187,0.16384509,0.1636867,0.16353714,0.16340661,0.1632941,0.16319874,0.16311951,0.16305557,0.16300592,0.16296968,0.16294587,0.16293356,0.16293187,0.16293982,0.16295645,0.16298088,0.16301213
0.17001706,0.17002487,0.17003143,0.17003655,0.17004006,0.17004174,0.17004137,0.17003879,0.17003381,0.17002615,0.17001577,0.17000234,0.16998571,0.16996568,0.1699421,0.16991466,0.16988328,0.16985638,0.1698418,0.16983826,0.16984446,0.16985913,0.16988102,0.16990879,0.16994128,0.16997716,0.17001514,0.17005397,0.17009237,0.17012909,0.17016286,0.17019233,0.17021635,0.17023356,0.17024273,0.17024256,0.17023179,0.17020915,0.17017338,0.17012322,0.17005728,0.16997446,0.16987339,0.16975282,0.16961145,0.16944808,0.16926137,0.16905008,0.16881292,0.16856445,0.16831997,0.16807929,0.1678422,0.16760851,0.16737804,0.16715053,0.16692583,0.1667038,0.16648416,0.16626672,0.16605131,0.16583775,0.16562584,0.1654153,0.16520604,0.16499783,0.16479045,0.16458376,0.16437751,0.16417149,0.16396558,0.16375953,0.16355315,0.16334622,0.16313861,0.1629301,0.16272041,0.16250949,0.16229698,0.16208285,0.16186678,0.16166307,0.1614852,0.16133197,0.16120203,0.16109413,0.16100702,0.16093937,0.16088998,0.16085756,0.16084082,0.16083848,0.16084929,0.16087194,0.16090527,0.16094786
0.17017582,0.17018448,0.17019175,0.17019744,0.17020129,0.17020312,0.17020273,0.17019987,0.17019434,0.17018592,0.17017438,0.17015952,0.1701411,0.17011891,0.17009276,0.17006242,0.17002764,0.16999894,0.1699858,0.16998667,0.16999982,0.1700238,0.17005682,0.17009741,0.17014389,0.17019472,0.17024818,0.17030278,0.17035675,0.17040865,0.17045674,0.17049947,0.17053522,0.1705624,0.17057936,0.17058448,0.17057618,0.17055283,0.17051286,0.17045459,0.17037642,0.17027682,0.17015408,0.17000666,0.16983286,0.16963118,0.16939992,0.1691375,0.16884232,0.1685325,0.16822709,0.1679259,0.16762862,0.1673352,0.16704525,0.16675866,0.16647515,0.16619456,0.16591664,0.16564119,0.16536796,0.16509679,0.16482742,0.16455962,0.16429317,0.16402793,0.16376361,0.16350004,0.16323695,0.16297413,0.16271143,0.16244856,0.1621853,0.1619215,0.16165689,0.16139129,0.16112444,0.16085616,0.16058618,0.1603143,0.16004038,0.15978225,0.15955687,0.15936267,0.159198,0.15906128,0.15895088,0.15886518,0.15880258,0.15876153,0.1587403,0.15873736,0.15875104,0.1587798,0.15882197,0.15887594
0.17033319,0.17034267,0.17035066,0.1703569,0.17036112,0.17036313,0.17036271,0.17035957,0.17035352,0.17034428,0.17033161,0.1703153,0.17029512,0.17027079,0.17024212,0.17020883,0.1701707,0.17014018,0.17012851,0.1701337,0.17015389,0.17018707,0.17023131,0.17028463,0.17034514,0.17041084,0.17047977,0.17055002,0.17061959,0.1706866,0.17074902,0.17080498,0.17085247,0.17088954,0.17091429,0.17092472,0.17091887,0.17089482,0.17085063,0.17078432,0.17069395,0.1705776,0.17043325,0.17025901,0.1700529,0.16981296,0.16953728,0.16922389,0.16887082,0.16849978,0.16813357,0.16777197,0.16741472,0.16706164,0.16671239,0.1663668,0.16602461,0.16568565,0.16534959,0.1650162,0.16468532,0.16435666,0.16402996,0.163705,0.16338153,0.1630594,0.16273823,0.16241789,0.1620981,0.16177861,0.16145922,0.16113968,0.16081971,0.16049913,0.16017768,0.15985508,0.15953118,0.15920568,0.15887834,0.15854894,0.15821724,0.15790479,0.15763204,0.15739696,0.15719765,0.15703218,0.15689854,0.15679483,0.15671909,0.15666933,0.15664364,0.15664008,0.15665667,0.15669145,0.1567425,0.15680785
0.17048506,0.17049535,0.17050403,0.1705108,0.17051542,0.17051764,0.17051713,0.17051372,0.17050712,0.1704971,0.17048334,0.1704656,0.17044365,0.17041723,0.17038606,0.1703499,0.17030846,0.1702761,0.17026587,0.17027545,0.1703026,0.17034493,0.17040028,0.17046624,0.17054066,0.17062113,0.17070536,0.17079122,0.17087628,0.17095825,0.1710349,0.17110392,0.1711631,0.17121,0.17124248,0.17125817,0.17125478,0.1712301,0.17118174,0.17110746,0.17100503,0.17087206,0.17070632,0.17050554,0.17026739,0.16998962,0.16966991,0.169306,0.1688956,0.1684639,0.16803746,0.16761602,0.16719933,0.16678712,0.16637911,0.16597512,0.1655748,0.16517794,0.16478425,0.16439354,0.16400546,0.16361983,0.1632363,0.16285469,0.16247475,0.16209616,0.16171873,0.16134213,0.16096613,0.16059047,0.1602149,0.15983915,0.15946303,0.15908617,0.15870835,0.15832934,0.15794887,0.15756667,0.15718248,0.15679602,0.15640712,0.15604085,0.15572111,0.15544556,0.15521193,0.15501794,0.15486132,0.15473975,0.15465093,0.15459262,0.15456249,0.15455835,0.15457776,0.15461855,0.15467836,0.15475495
0.17062725,0.17063838,0.17064771,0.17065503,0.17065999,0.17066237,0.17066184,0.17065817,0.17065105,0.17064023,0.1706254,0.1706063,0.17058264,0.17055415,0.17052054,0.17048156,0.17043687,0.17040282,0.17039405,0.17040794,0.17044194,0.17049335,0.17055964,0.1706381,0.17072615,0.17082122,0.17092064,0.17102177,0.17112207,0.17121884,0.17130952,0.1713915,0.17146212,0.1715188,0.17155887,0.1715798,0.17157885,0.17155352,0.1715011,0.17141905,0.1713047,0.1711555,0.17096873,0.17074186,0.17047225,0.17015724,0.16979425,0.16938068,0.16891387,0.16842249,0.16793682,0.16745654,0.16698137,0.16651101,0.16604522,0.16558369,0.16512614,0.16467237,0.16422202,0.16377482,0.16333048,0.16288875,0.16244936,0.16201203,0.16157646,0.16114236,0.16070944,0.16027752,0.1598462,0.15941527,0.15898442,0.1585534,0.15812191,0.15768968,0.15725644,0.15682185,0.15638575,0.15594773,0.1555076,0.15506504,0.15461978,0.15420055,0.15383463,0.15351921,0.15325181,0.15302977,0.1528505,0.1527113,0.15260966,0.15254296,0.15250848,0.15250368,0.15252592,0.15257259,0.15264107,0.15272874
0.17075567,0.17076756,0.17077754,0.17078535,0.17079067,0.1707932,0.17079267,0.17078874,0.17078112,0.17076956,0.17075369,0.17073326,0.17070793,0.17067747,0.17064153,0.17059982,0.17055202,0.17051633,0.17050901,0.17052719,0.1705679,0.17062825,0.17070526,0.17079592,0.17089742,0.17100675,0.17112099,0.17123719,0.17135242,0.17146367,0.17156814,0.17166275,0.17174464,0.17181085,0.17185843,0.17188448,0.17188601,0.17186007,0.17180377,0.17171414,0.17158826,0.17142317,0.17121594,0.17096362,0.17066325,0.17031197,0.16990675,0.16944467,0.16892284,0.16837326,0.16782972,0.167292,0.16675968,0.16623259,0.16571034,0.16519265,0.16467927,0.16416986,0.16366412,0.16316177,0.16266248,0.16216598,0.161672,0.16118018,0.16069025,0.16020194,0.15971489,0.15922885,0.15874352,0.15825856,0.1577737,0.15728863,0.15680309,0.15631673,0.15582933,0.15534048,0.15484996,0.15435745,0.15386267,0.15336525,0.15286502,0.15239407,0.1519829,0.15162863,0.15132824,0.1510788,0.15087739,0.15072104,0.15060689,0.15053189,0.15049316,0.15048778,0.15051278,0.15056519,0.15064216,0.15074064
0.17086615,0.17087875,0.17088938,0.17089766,0.17090331,0.17090604,0.17090543,0.17090127,0.17089319,0.17088088,0.17086403,0.17084235,0.17081548,0.1707831,0.17074493,0.1707006,0.17064989,0.17061257,0.17060682,0.17062919,0.17067653,0.17074554,0.17083299,0.17093562,0.17105018,0.17117341,0.17130207,0.17143291,0.17156261,0.17168802,0.17180583,0.17191282,0.17200568,0.17208122,0.17213613,0.17216718,0.17217113,0.17214471,0.17208469,0.17198779,0.17185077,0.17167038,0.17144331,0.1711664,0.17083636,0.17044993,0.17000382,0.16949482,0.16891971,0.16831376,0.16771422,0.16712083,0.16653322,0.16595115,0.1653742,0.16480215,0.16423462,0.16367133,0.16311193,0.1625561,0.16200356,0.161454,0.16090707,0.16036248,0.15981984,0.15927894,0.1587394,0.1582009,0.15766315,0.15712586,0.15658861,0.15605117,0.15551324,0.15497445,0.15443447,0.15389301,0.1533498,0.15280443,0.15225667,0.15170611,0.15115255,0.15063147,0.15017658,0.14978454,0.14945216,0.14917621,0.14895333,0.14878038,0.14865404,0.1485711,0.14852822,0.14852229,0.14854994,0.14860794,0.14869307,0.14880206
0.17095456,0.17096788,0.17097905,0.17098777,0.17099375,0.1709966,0.17099597,0.1709916,0.17098306,0.1709701,0.1709523,0.17092945,0.1709011,0.17086695,0.17082669,0.17077999,0.17072645,0.17068781,0.1706835,0.17071,0.17076373,0.17084117,0.17093873,0.1710529,0.17118008,0.17131674,0.17145935,0.17160432,0.17174809,0.17188711,0.17201789,0.17213677,0.17224029,0.17232484,0.17238684,0.17242283,0.17242919,0.17240238,0.17233883,0.17223503,0.17208737,0.17189234,0.17164637,0.17134589,0.17098735,0.17056723,0.17008196,0.16952796,0.16890171,0.16824165,0.16758838,0.16694157,0.16630088,0.165666,0.16503656,0.16441226,0.16379271,0.16317765,0.1625667,0.16195954,0.16135584,0.16075525,0.16015743,0.15956208,0.15896887,0.1583774,0.15778735,0.15719847,0.1566104,0.1560227,0.15543513,0.15484735,0.15425901,0.1536698,0.15307935,0.15248734,0.15189344,0.15129727,0.15069857,0.15009698,0.14949216,0.14892294,0.14842597,0.1479977,0.14763461,0.14733313,0.14708968,0.14690071,0.1467627,0.14667208,0.14662528,0.14661877,0.14664899,0.14671235,0.14680536,0.1469244
0.17101674,0.1710307,0.1710424,0.17105156,0.17105782,0.17106082,0.17106014,0.17105554,0.17104661,0.17103302,0.17101441,0.17099045,0.17096074,0.17092498,0.1708828,0.17083384,0.17077777,0.17073788,0.1707351,0.17076562,0.17082554,0.1709111,0.1710184,0.17114362,0.17128292,0.17143247,0.17158844,0.17174692,0.17190416,0.17205626,0.17219941,0.17232974,0.17244346,0.1725367,0.17260557,0.17264631,0.17265509,0.172628,0.17256123,0.1724509,0.17229323,0.17208436,0.17182046,0.17149767,0.17111214,0.17066006,0.17013758,0.16954085,0.16886605,0.1681546,0.16745025,0.1667527,0.16606154,0.16537647,0.16469711,0.16402309,0.1633541,0.16268979,0.16202982,0.16137376,0.16072136,0.16007221,0.15942596,0.1587823,0.15814088,0.15750131,0.15686321,0.1562263,0.15559028,0.15495469,0.15431917,0.15368345,0.15304713,0.1524099,0.15177135,0.15113121,0.15048905,0.14984459,0.14919743,0.14854722,0.14789364,0.14727856,0.1467416,0.14627887,0.14588651,0.14556076,0.1452977,0.14509352,0.14494437,0.14484648,0.14479591,0.14478886,0.14482151,0.14489001,0.14499046,0.14511912
0.17104858,0.17106308,0.1710753,0.17108488,0.17109133,0.17109443,0.17109378,0.17108898,0.17107968,0.17106555,0.17104615,0.1710212,0.17099029,0.17095308,0.17090917,0.17085819,0.17079985,0.1707589,0.17075767,0.17079207,0.17085797,0.17095123,0.17106783,0.17120358,0.1713544,0.1715162,0.1716848,0.1718562,0.17202619,0.17219073,0.17234561,0.17248686,0.17261028,0.17271179,0.17278726,0.17283262,0.17284374,0.17281647,0.17274676,0.17263047,0.17246349,0.17224173,0.17196105,0.17161736,0.17120655,0.17072453,0.17016715,0.16953032,0.16880995,0.16805021,0.16729793,0.16655268,0.1658141,0.16508184,0.16435555,0.16363482,0.16291931,0.16220866,0.16150251,0.16080053,0.16010225,0.1594074,0.15871558,0.15802641,0.1573396,0.1566547,0.1559714,0.15528929,0.15460804,0.1539273,0.15324664,0.15256578,0.15188426,0.1512018,0.150518,0.14983249,0.14914493,0.14845493,0.14776216,0.14706619,0.14636673,0.14570853,0.1451339,0.14463873,0.14421886,0.14387023,0.14358874,0.14337026,0.14321066,0.14310588,0.14305177,0.14304425,0.14307916,0.14315246,0.14325997,0.14339763
0.17104596,0.17106095,0.17107357,0.17108345,0.17109014,0.17109336,0.17109267,0.17108773,0.17107812,0.17106348,0.17104344,0.17101762,0.17098567,0.17094716,0.17090175,0.17084906,0.17078869,0.17074691,0.17074724,0.17078538,0.17085694,0.17095755,0.1710829,0.17122859,0.17139024,0.1715635,0.17174405,0.17192751,0.1721095,0.17228572,0.17245172,0.17260322,0.1727358,0.17284516,0.17292687,0.17297664,0.17299005,0.1729628,0.17289048,0.17276879,0.1725933,0.17235968,0.17206359,0.17170063,0.1712665,0.17075677,0.1701671,0.16949317,0.16873057,0.16792618,0.16712944,0.16634001,0.16555743,0.16478144,0.16401158,0.16324751,0.16248882,0.16173516,0.16098614,0.16024145,0.15950058,0.15876326,0.15802912,0.15729769,0.15656863,0.15584163,0.15511622,0.1543921,0.15366884,0.15294608,0.15222345,0.15150058,0.15077707,0.15005256,0.14932667,0.14859903,0.14786927,0.14713694,0.14640176,0.14566332,0.14492121,0.14422294,0.14361334,0.14308801,0.14264259,0.14227274,0.1419741,0.14174233,0.14157303,0.14146186,0.14140445,0.14139646,0.1414335,0.14151126,0.14162534,0.14177139
0.17100468,0.17102012,0.1710331,0.17104323,0.17105013,0.17105342,0.17105271,0.17104761,0.17103773,0.1710227,0.17100212,0.17097558,0.17094272,0.17090318,0.17085649,0.17080233,0.17074029,0.1706979,0.17069988,0.17074162,0.17081852,0.17092599,0.1710595,0.17121442,0.17138614,0.17157009,0.17176169,0.17195638,0.17214952,0.17233655,0.17251286,0.17267391,0.17281502,0.17293172,0.17301933,0.17307329,0.173089,0.17306189,0.17298742,0.17286088,0.17267781,0.1724335,0.17212348,0.17174308,0.17128773,0.17075287,0.17013387,0.16942617,0.16862519,0.16778009,0.16694285,0.16611311,0.16529049,0.16447453,0.16366495,0.16286127,0.16206317,0.16127022,0.16048203,0.15969825,0.15891849,0.15814233,0.15736938,0.15659928,0.15583163,0.15506604,0.15430215,0.15353954,0.15277784,0.15201664,0.15125558,0.15049423,0.1497323,0.14896928,0.1482049,0.14743865,0.1466702,0.14589924,0.14512524,0.14434792,0.14356685,0.14283197,0.14219034,0.14163747,0.14116868,0.14077944,0.14046517,0.14022121,0.14004302,0.13992602,0.1398656,0.1398572,0.13989621,0.13997804,0.14009807,0.14025179
0.17092064,0.1709364,0.17094967,0.17096001,0.17096706,0.17097041,0.17096968,0.1709645,0.17095439,0.17093903,0.17091803,0.17089096,0.17085737,0.170817,0.17076933,0.17071405,0.1706507,0.17060798,0.1706116,0.17065674,0.17073864,0.17085248,0.17099349,0.17115687,0.17133783,0.17153157,0.17173329,0.17193824,0.17214154,0.1723385,0.17252424,0.17269403,0.17284304,0.17296647,0.17305955,0.17311749,0.17313546,0.17310871,0.17303245,0.17290185,0.17271213,0.17245848,0.17213617,0.17174034,0.17126618,0.17070903,0.17006391,0.16932619,0.16849098,0.16760957,0.16673623,0.16587052,0.16501208,0.16416049,0.16331537,0.16247629,0.16164288,0.16081475,0.15999147,0.15917268,0.158358,0.15754701,0.1567393,0.15593451,0.15513223,0.15433203,0.15353355,0.15273641,0.15194017,0.15114446,0.15034889,0.14955306,0.14875655,0.14795898,0.14716,0.14635916,0.14555606,0.14475037,0.14394158,0.14312941,0.1423134,0.14154565,0.14087541,0.1402978,0.1398081,0.13940151,0.13907316,0.13881832,0.1386322,0.13850997,0.13844684,0.13843806,0.13847879,0.13856427,0.1386897,0.13885026
0.17078972,0.17080571,0.17081913,0.17082965,0.1708368,0.1708402,0.17083949,0.1708342,0.17082395,0.17080836,0.17078705,0.17075954,0.17072554,0.17068456,0.1706362,0.17058012,0.1705159,0.17047311,0.1704784,0.1705268,0.1706133,0.17073295,0.17088078,0.17105179,0.17124106,0.17144358,0.1716544,0.17186853,0.172081,0.17228681,0.17248106,0.17265871,0.17281483,0.17294443,0.17304254,0.17310418,0.17312442,0.17309819,0.17302062,0.1728867,0.17269142,0.17242989,0.17209706,0.171688,0.17119777,0.17062134,0.16995369,0.16918997,0.16832516,0.16741231,0.16650765,0.16561073,0.16472118,0.16383857,0.1629625,0.16209257,0.16122846,0.16036962,0.15951578,0.15866648,0.15782131,0.15697986,0.15614179,0.15530665,0.15447405,0.15364358,0.15281487,0.15198746,0.15116104,0.1503351,0.14950934,0.14868328,0.14785655,0.1470288,0.14619952,0.14536838,0.14453499,0.14369893,0.14285974,0.14201714,0.14117064,0.14037426,0.13967898,0.13907984,0.13857186,0.13815005,0.13780944,0.1375451,0.13735203,0.13722523,0.13715978,0.13715068,0.13719293,0.13728161,0.13741168,0.13757826
0.17060773,0.17062384,0.17063738,0.17064798,0.17065518,0.17065862,0.17065786,0.17065255,0.17064226,0.17062652,0.17060505,0.1705774,0.1705431,0.17050181,0.17045312,0.17039661,0.1703319,0.17028937,0.1702964,0.17034781,0.17043851,0.17056336,0.17071721,0.170895,0.17109156,0.17130178,0.17152052,0.17174268,0.17196313,0.1721768,0.17237845,0.17256308,0.17272547,0.17286053,0.17296319,0.17302828,0.17305064,0.17302525,0.17294687,0.17281047,0.17261088,0.17234297,0.17200164,0.17158179,0.17107823,0.1704859,0.16979966,0.16901436,0.16812491,0.16718592,0.16625518,0.16533218,0.16441664,0.16350807,0.16260612,0.16171037,0.16082041,0.15993582,0.15905623,0.15818124,0.15731038,0.15644334,0.15557963,0.15471892,0.15386073,0.1530047,0.15215045,0.15129752,0.15044555,0.14959411,0.14874281,0.14789127,0.14703901,0.1461857,0.14533088,0.14447421,0.1436152,0.14275353,0.14188875,0.14102049,0.1401483,0.13932782,0.13861153,0.13799423,0.13747086,0.13703628,0.13668537,0.13641301,0.13621409,0.13608347,0.13601601,0.13600664,0.13605018,0.13614152,0.13627556,0.13644719
0.17037061,0.17038672,0.17040025,0.17041083,0.17041802,0.17042145,0.17042072,0.17041537,0.17040509,0.17038941,0.17036791,0.17034023,0.17030594,0.17026466,0.17021595,0.17015943,0.1700947,0.1700528,0.17006159,0.17011583,0.17021026,0.17033963,0.17049867,0.17068224,0.170885,0.17110172,0.17132722,0.17155617,0.1717834,0.17200366,0.17221168,0.1724022,0.17257003,0.17270988,0.17281651,0.17288473,0.17290922,0.17288482,0.17280622,0.17266823,0.1724656,0.17219302,0.17184532,0.17141722,0.17090349,0.17029893,0.16959819,0.16879617,0.16788751,0.16692804,0.1659768,0.16503337,0.16409735,0.16316836,0.16224593,0.1613297,0.1604193,0.15951425,0.1586142,0.15771872,0.15682745,0.1559399,0.15505576,0.1541746,0.15329596,0.15241948,0.15154476,0.15067138,0.14979893,0.14892703,0.14805529,0.14718327,0.14631057,0.1454368,0.14456154,0.14368437,0.14280494,0.14192282,0.14103757,0.14014885,0.13925621,0.13841653,0.13768344,0.13705172,0.1365161,0.13607138,0.13571224,0.13543351,0.13522992,0.13509624,0.13502719,0.13501757,0.13506214,0.13515565,0.13529284,0.13546847
0.17007414,0.1700901,0.17010355,0.17011404,0.17012121,0.1701246,0.17012389,0.17011857,0.17010835,0.17009279,0.17007147,0.17004399,0.17000996,0.16996899,0.16992067,0.1698646,0.16980036,0.16975945,0.16977005,0.16982687,0.16992451,0.1700577,0.17022109,0.17040935,0.17061712,0.17083916,0.17107005,0.1713045,0.17153713,0.1717627,0.17197587,0.17217119,0.17234348,0.17248733,0.17259741,0.17266843,0.17269501,0.1726719,0.17259367,0.17245504,0.17225069,0.17197531,0.17162348,0.17119,0.17066942,0.17005648,0.16934583,0.16853215,0.16761011,0.1666363,0.16567068,0.16471277,0.16376224,0.16281867,0.16188161,0.16095072,0.16002558,0.15910581,0.15819095,0.15728067,0.15637448,0.15547208,0.15457302,0.1536769,0.1527833,0.15189186,0.15100215,0.15011376,0.14922632,0.14833944,0.14745265,0.14656562,0.14567791,0.14478916,0.14389887,0.14300677,0.14211239,0.14121532,0.14031518,0.13941155,0.13850409,0.13765047,0.13690525,0.13626304,0.13571852,0.13526644,0.13490137,0.134618,0.13441104,0.13427514,0.13420497,0.13419521,0.13424048,0.13433552,0.134475,0.13465354
0.16971423,0.16972995,0.16974314,0.16975348,0.16976051,0.16976388,0.16976316,0.16975793,0.16974789,0.16973257,0.16971159,0.16968454,0.16965109,0.16961075,0.16956323,0.16950805,0.16944486,0.16940533,0.16941778,0.16947691,0.16957727,0.16971353,0.16988026,0.17007212,0.1702837,0.17050962,0.17074454,0.17098303,0.1712197,0.17144924,0.1716662,0.17186522,0.17204092,0.17218794,0.17230085,0.17237432,0.17240295,0.17238136,0.17230415,0.17216595,0.17196138,0.17168507,0.17133164,0.17089568,0.17037185,0.16975474,0.16903897,0.16821915,0.16728994,0.16630836,0.16533478,0.16436888,0.16341016,0.16245832,0.16151291,0.16057356,0.15963984,0.1587114,0.15778783,0.15686873,0.15595369,0.15504234,0.15413427,0.15322913,0.15232645,0.1514259,0.15052703,0.1496295,0.1487329,0.14783682,0.14694086,0.14604461,0.14514774,0.1442498,0.14335044,0.14244923,0.14154576,0.14063968,0.13973057,0.13881804,0.1379017,0.13703981,0.13628736,0.13563892,0.13508914,0.13463265,0.13426405,0.13397795,0.13376899,0.13363175,0.13356093,0.13355106,0.13359678,0.13369274,0.13383353,0.13401383
0.1692867,0.16930202,0.1693149,0.16932495,0.16933182,0.16933508,0.16933438,0.16932932,0.16931948,0.16930458,0.16928412,0.16925782,0.16922517,0.1691859,0.16913956,0.16908577,0.16902421,0.16898645,0.16900086,0.16906202,0.16916455,0.16930304,0.16947211,0.16966636,0.1698804,0.1701088,0.17034623,0.17058723,0.17082644,0.17105846,0.17127788,0.17147933,0.17165737,0.17180666,0.17192177,0.17199734,0.17202792,0.17200817,0.17193265,0.17179598,0.17159277,0.17131764,0.17096518,0.17052996,0.17000665,0.1693898,0.16867405,0.16785397,0.16692421,0.16594182,0.16496727,0.16400014,0.16304006,0.16208664,0.16113953,0.16019827,0.15926255,0.15833195,0.15740612,0.15648462,0.1555671,0.15465318,0.15374242,0.1528345,0.15192902,0.15102561,0.15012383,0.14922336,0.14832379,0.14742471,0.14652577,0.14562657,0.14472674,0.14382587,0.14292362,0.14201955,0.14111331,0.14020449,0.13929272,0.13837765,0.13745885,0.13659468,0.13584025,0.13519011,0.13463889,0.13418122,0.13381162,0.13352479,0.13331527,0.13317768,0.13310665,0.13309675,0.13314265,0.13323884,0.13338003,0.13356076
0.16878743,0.16880225,0.16881463,0.16882433,0.16883095,0.1688341,0.16883342,0.16882855,0.16881908,0.16880469,0.16878498,0.16875958,0.16872814,0.16869026,0.1686456,0.16859376,0.16853441,0.16849889,0.16851531,0.1685782,0.1686823,0.16882221,0.1689925,0.16918789,0.16940297,0.16963238,0.16987067,0.17011257,0.1703527,0.17058568,0.17080608,0.17100862,0.17118788,0.17133854,0.17145513,0.17153238,0.17156488,0.17154728,0.17147417,0.17134021,0.17114,0.17086823,0.1705195,0.17008843,0.16956966,0.1689578,0.16824752,0.16743343,0.16651013,0.16553438,0.16456616,0.16360503,0.16265082,0.16170296,0.16076116,0.15982506,0.15889424,0.15796842,0.15704712,0.15613005,0.15521678,0.15430701,0.15340029,0.15249631,0.15159467,0.15069501,0.14979695,0.14890014,0.14800417,0.14710873,0.1462134,0.14531781,0.14442158,0.1435244,0.14262584,0.14172557,0.1408232,0.13991836,0.13901065,0.13809976,0.13718526,0.13632524,0.13557439,0.13492735,0.13437879,0.13392326,0.13355543,0.13326997,0.13306144,0.13292453,0.13285382,0.13284399,0.13288961,0.13298538,0.13312587,0.13330576
0.16821237,0.16822636,0.1682382,0.16824743,0.16825373,0.16825671,0.16825607,0.16825143,0.16824242,0.16822875,0.16820998,0.16818582,0.16815588,0.16811985,0.16807733,0.16802801,0.16797152,0.1679387,0.16795713,0.16802152,0.16812655,0.16826692,0.16843735,0.16863249,0.1688471,0.16907583,0.16931339,0.1695545,0.16979387,0.17002611,0.170246,0.17044823,0.17062752,0.17077845,0.17089587,0.1709744,0.17100875,0.17099358,0.17092367,0.17079365,0.17059827,0.17033218,0.16999009,0.16956674,0.16905676,0.16845492,0.16775584,0.1669543,0.16604494,0.16508362,0.16412948,0.16318214,0.16224127,0.16130652,0.16037755,0.15945397,0.15853547,0.15762165,0.15671217,0.15580672,0.1549049,0.15400636,0.15311079,0.15221778,0.151327,0.15043812,0.14955075,0.14866458,0.14777923,0.14689432,0.14600956,0.14512455,0.14423898,0.1433524,0.14246461,0.14157516,0.14068365,0.13978983,0.13889329,0.13799371,0.13709071,0.13624157,0.13550021,0.13486135,0.13431971,0.13386996,0.1335068,0.13322492,0.13301903,0.13288383,0.13281403,0.1328043,0.13284938,0.13294393,0.13308266,0.13326026
0.1675572,0.1675704,0.16758145,0.1675901,0.167596,0.1675988,0.1675982,0.16759385,0.16758542,0.16757259,0.16755499,0.16753234,0.16750431,0.16747051,0.1674307,0.16738446,0.16733149,0.16730186,0.16732243,0.16738793,0.16749324,0.16763316,0.16780248,0.16799599,0.16820854,0.16843493,0.16867,0.16890848,0.16914526,0.1693751,0.16959284,0.1697933,0.16997124,0.17012154,0.17023894,0.1703183,0.17035441,0.17034207,0.17027617,0.17015143,0.16996264,0.1697047,0.16937236,0.16896047,0.16846381,0.1678772,0.16719545,0.16641341,0.1655258,0.1645872,0.16365531,0.16272981,0.16181037,0.1608967,0.15998839,0.15908517,0.15818669,0.15729257,0.15640259,0.15551634,0.15463349,0.15375374,0.15287673,0.15200216,0.15112968,0.15025896,0.14938968,0.1485215,0.1476541,0.14678712,0.14592028,0.1450532,0.14418554,0.14331706,0.14244731,0.14157602,0.1407029,0.13982756,0.13894969,0.13806894,0.13718499,0.13635384,0.13562818,0.13500288,0.13447267,0.13403244,0.13367699,0.1334011,0.13319959,0.13306722,0.13299891,0.13298939,0.13303351,0.13312605,0.13326183,0.13343568
0.16681793,0.16683005,0.16684023,0.16684818,0.1668536,0.16685618,0.16685563,0.16685162,0.16684388,0.16683206,0.1668159,0.16679506,0.16676928,0.16673821,0.16670159,0.16665906,0.16661038,0.16658446,0.16660719,0.16667353,0.16677843,0.16691683,0.16708378,0.16727418,0.16748303,0.1677053,0.16793594,0.16816995,0.16840227,0.16862786,0.16884175,0.16903886,0.16921417,0.16936268,0.16947928,0.16955903,0.16959685,0.1695877,0.1695266,0.16940847,0.16922832,0.1689811,0.16866176,0.1682653,0.16778667,0.16722086,0.16656283,0.16580752,0.16494995,0.16404274,0.16314171,0.1622466,0.16135703,0.16047274,0.15959342,0.15871875,0.15784842,0.15698218,0.15611966,0.1552606,0.1544047,0.15355161,0.15270106,0.15185276,0.15100634,0.15016158,0.14931813,0.14847568,0.14763395,0.14679262,0.1459514,0.14510997,0.14426804,0.14342529,0.14258143,0.14173615,0.14088917,0.14004014,0.13918877,0.13833478,0.13747784,0.13667215,0.13596873,0.13536261,0.13484868,0.13442194,0.13407737,0.13380992,0.13361457,0.13348632,0.13342008,0.13341084,0.13345362,0.13354331,0.13367493,0.13384345
0.16603988,0.16605085,0.16606005,0.16606721,0.16607213,0.16607444,0.16607395,0.16607034,0.16606334,0.16605267,0.16603808,0.16601925,0.16599599,0.16596791,0.16593485,0.16589645,0.16585244,0.16583055,0.16585538,0.1659221,0.16602595,0.16616197,0.16632538,0.16651137,0.16671507,0.16693164,0.16715632,0.16738419,0.1676105,0.1678303,0.16803886,0.16823128,0.16840278,0.16854848,0.16866355,0.1687432,0.1687825,0.16877672,0.168721,0.1686105,0.16844034,0.16820578,0.16790189,0.16752388,0.16706689,0.16652615,0.16589677,0.1651739,0.16435276,0.16348374,0.16262029,0.16176216,0.16090907,0.16006076,0.15921688,0.15837725,0.15754154,0.15670949,0.15588084,0.15505528,0.15423259,0.15341245,0.1525946,0.15177876,0.15096465,0.15015203,0.14934058,0.14853004,0.14772014,0.1469106,0.14610118,0.14529155,0.1444815,0.14367068,0.14285888,0.14204575,0.14123112,0.14041464,0.13959605,0.13877508,0.13795146,0.13717718,0.13650115,0.13591868,0.1354248,0.13501468,0.13468353,0.13442649,0.1342388,0.1341155,0.13405187,0.13404298,0.13408409,0.13417028,0.13429677,0.13445875
0.16527097,0.1652807,0.16528887,0.16529529,0.16529962,0.16530171,0.16530128,0.16529804,0.16529179,0.16528235,0.16526936,0.16525263,0.16523191,0.16520697,0.16517754,0.16514345,0.16510431,0.16508646,0.16511321,0.16517997,0.1652821,0.16541496,0.16557395,0.16575451,0.16595195,0.16616172,0.16637914,0.16659966,0.16681868,0.16703148,0.16723356,0.16742022,0.16758691,0.16772902,0.16784188,0.16792096,0.16796154,0.16795911,0.16790898,0.16780657,0.16764726,0.16742644,0.16713952,0.16678183,0.1663488,0.16583583,0.16523823,0.16455151,0.16377094,0.1629445,0.16212304,0.1613063,0.16049403,0.15968603,0.15888195,0.15808164,0.15728484,0.1564913,0.15570074,0.15491296,0.15412776,0.15334478,0.15256384,0.15178466,0.15100707,0.1502308,0.1494555,0.1486811,0.14790726,0.14713371,0.1463603,0.14558667,0.14481264,0.14403799,0.14326242,0.14248571,0.14170761,0.1409279,0.14014629,0.1393626,0.13857654,0.13783765,0.13719255,0.13663669,0.13616534,0.13577402,0.135458,0.13521273,0.13503358,0.13491596,0.13485521,0.13484675,0.13488597,0.13496824,0.13508895,0.13524346
0.1645107,0.1645192,0.16452631,0.16453189,0.16453569,0.16453747,0.16453712,0.16453429,0.16452889,0.1645206,0.1645093,0.16449474,0.1644767,0.16445497,0.16442932,0.16439956,0.1643655,0.16435173,0.16438028,0.1644466,0.16454646,0.16467544,0.16482916,0.1650033,0.16519342,0.16539522,0.16560428,0.16581625,0.16602677,0.16623147,0.16642596,0.16660587,0.1667669,0.1669046,0.16701466,0.16709265,0.16713426,0.16713507,0.16709076,0.16699693,0.16684926,0.16664326,0.16637471,0.1660392,0.16563228,0.16514964,0.16458695,0.16393976,0.16320376,0.1624241,0.16164884,0.16087762,0.16011032,0.15934668,0.15858656,0.15782972,0.15707587,0.1563249,0.15557651,0.15483056,0.1540868,0.15334502,0.15260503,0.15186656,0.15112948,0.15039355,0.14965852,0.14892419,0.14819033,0.1474568,0.14672332,0.14598969,0.14525573,0.14452116,0.14378585,0.14304958,0.14231202,0.14157309,0.14083254,0.14009011,0.13934566,0.13864596,0.1380351,0.13750869,0.13706236,0.13669173,0.1363925,0.13616027,0.1359906,0.1358792,0.1358217,0.13581367,0.1358508,0.13592874,0.13604304,0.13618939
0.1637587,0.16376586,0.16377188,0.16377659,0.16377985,0.16378139,0.16378105,0.16377866,0.16377406,0.16376705,0.16375747,0.1637451,0.16372982,0.16371138,0.16368966,0.16366443,0.16363554,0.16362594,0.163656,0.16372158,0.16381866,0.16394301,0.16409066,0.1642574,0.16443923,0.16463198,0.16483153,0.16503386,0.16523482,0.16543026,0.16561618,0.16578843,0.16594288,0.16607545,0.16618207,0.16625862,0.16630095,0.16630507,0.16626674,0.16618197,0.16604662,0.16585656,0.16560769,0.16529594,0.16491726,0.16446745,0.16394243,0.16333812,0.16265044,0.16192159,0.16119637,0.16047467,0.15975629,0.15904099,0.15832868,0.1576191,0.15691215,0.15620758,0.1555052,0.15480493,0.15410648,0.15340975,0.15271446,0.15202056,0.15132774,0.15063593,0.14994489,0.14925444,0.14856441,0.14787464,0.14718491,0.14649509,0.14580494,0.14511432,0.14442302,0.1437309,0.14303775,0.14234342,0.14164768,0.14095035,0.14025132,0.13959444,0.1390209,0.13852668,0.13810764,0.13775973,0.13747878,0.13726072,0.13710146,0.13699688,0.13694286,0.13693535,0.13697022,0.13704336,0.13715065,0.1372881
0.1630144,0.16302025,0.16302519,0.16302902,0.16303167,0.16303292,0.16303265,0.1630307,0.16302696,0.16302124,0.16301341,0.16300331,0.16299084,0.16297582,0.16295809,0.1629375,0.16291392,0.16290854,0.16293998,0.16300443,0.16309817,0.1632173,0.16335806,0.1635166,0.16368912,0.16387181,0.1640609,0.16425249,0.16444279,0.164628,0.16480437,0.16496801,0.16511512,0.16524185,0.16534448,0.16541915,0.16546205,0.1654693,0.16543724,0.1653619,0.16523956,0.16506638,0.16483854,0.16455221,0.16420363,0.16378896,0.16330437,0.16274606,0.16211024,0.16143593,0.16076459,0.16009608,0.15943031,0.15876707,0.15810625,0.15744767,0.1567912,0.15613666,0.155484,0.15483299,0.15418348,0.15353532,0.15288843,0.15224263,0.15159774,0.15095362,0.15031016,0.14966717,0.14902456,0.14838208,0.14773972,0.14709722,0.14645448,0.14581136,0.1451677,0.14452332,0.14387816,0.14323197,0.14258471,0.14193611,0.14128613,0.14067543,0.14014225,0.13968274,0.13929321,0.1389697,0.13870853,0.1385058,0.13835774,0.1382605,0.13821031,0.13820332,0.13823573,0.13830371,0.13840349,0.13853125
0.16227743,0.16228192,0.1622857,0.1622887,0.16229068,0.16229166,0.16229145,0.16228995,0.1622871,0.16228269,0.16227667,0.16226894,0.16225931,0.16224776,0.16223416,0.16221832,0.1622002,0.162199,0.1622317,0.16229473,0.16238466,0.16249794,0.1626311,0.16278057,0.16294293,0.1631146,0.16329218,0.16347201,0.16365072,0.16382475,0.16399062,0.16414477,0.16428375,0.16440405,0.16450217,0.16457456,0.16461776,0.16462824,0.16460249,0.16453703,0.16442838,0.16427298,0.16406733,0.16380796,0.16349134,0.16311398,0.16267242,0.162163,0.1615824,0.16096614,0.16035222,0.15974045,0.1591308,0.15852307,0.15791722,0.1573131,0.15671058,0.15610953,0.15550998,0.15491162,0.15431447,0.15371838,0.15312321,0.15252888,0.15193526,0.15134226,0.15074976,0.1501576,0.14956573,0.14897397,0.14838229,0.14779054,0.14719859,0.14660634,0.14601366,0.14542048,0.14482662,0.14423203,0.1436366,0.14304015,0.1424426,0.14188129,0.14139123,0.14096892,0.14061084,0.14031357,0.1400735,0.13988718,0.13975109,0.1396617,0.13961557,0.13960913,0.13963893,0.13970141,0.13979314,0.13991053
0.16154733,0.16155045,0.16155307,0.16155511,0.16155651,0.1615572,0.16155699,0.16155604,0.16155401,0.16155097,0.16154683,0.16154146,0.16153479,0.16152678,0.16151737,0.1615064,0.16149387,0.16149691,0.16153069,0.16159199,0.16167764,0.16178448,0.16190933,0.16204903,0.16220036,0.16236015,0.16252522,0.16269247,0.16285862,0.16302055,0.16317503,0.16331896,0.16344912,0.16356231,0.16365537,0.16372514,0.16376843,0.16378209,0.1637629,0.16370772,0.1636133,0.16347654,0.16329426,0.16306327,0.16278031,0.16244231,0.16204609,0.16158842,0.16106613,0.16051131,0.15995808,0.1594064,0.15885611,0.15830718,0.15775953,0.15721309,0.1566678,0.15612352,0.15558021,0.1550378,0.15449618,0.1539553,0.15341507,0.15287542,0.15233625,0.1517975,0.15125911,0.150721,0.15018302,0.14964516,0.14910735,0.14856946,0.14803144,0.14749323,0.14695476,0.14641589,0.14587657,0.14533673,0.1447963,0.14425518,0.14371331,0.14320439,0.14276008,0.14237721,0.14205258,0.14178304,0.1415654,0.14139643,0.14127307,0.14119205,0.14115019,0.14114438,0.1411714,0.14122805,0.14131118,0.14141764
0.16082364,0.16082534,0.16082677,0.1608279,0.16082866,0.16082907,0.16082896,0.16082838,0.16082731,0.16082563,0.16082335,0.16082042,0.16081679,0.16081244,0.16080727,0.16080129,0.16079444,0.16080177,0.16083646,0.16089572,0.16097671,0.1610766,0.16119248,0.16132164,0.16146116,0.16160825,0.16176003,0.16191371,0.16206644,0.16221543,0.16235775,0.16249068,0.16261135,0.16271685,0.16280444,0.16287127,0.16291445,0.16293123,0.16291878,0.16287415,0.16279462,0.16267732,0.16251941,0.16231808,0.16207045,0.16177377,0.16142513,0.16102174,0.16056071,0.16007045,0.159581,0.15909241,0.15860459,0.15811755,0.15763119,0.1571455,0.1566604,0.15617584,0.15569183,0.15520833,0.15472525,0.15424259,0.15376025,0.15327828,0.15279654,0.15231502,0.1518337,0.15135254,0.15087146,0.15039045,0.14990945,0.1494284,0.1489473,0.14846611,0.1479847,0.14750315,0.14702132,0.14653921,0.1460568,0.145574,0.14509077,0.1446371,0.14424098,0.14389965,0.14361022,0.14336994,0.14317591,0.14302531,0.14291531,0.14284307,0.14280576,0.1428006,0.14282466,0.1428752,0.14294928,0.14304419
0.16010593,0.16010618,0.16010642,0.16010658,0.1601067,0.16010676,0.16010675,0.16010667,0.16010652,0.16010627,0.16010588,0.16010544,0.1601049,0.16010422,0.16010343,0.1601025,0.16010143,0.16011308,0.1601486,0.16020557,0.1602815,0.16037385,0.16048025,0.16059816,0.16072515,0.16085872,0.1609964,0.16113575,0.16127422,0.16140947,0.16153893,0.16166012,0.16177064,0.16186796,0.16194965,0.16201319,0.16205615,0.16207601,0.16207036,0.1620367,0.16197255,0.16187543,0.16174288,0.16157247,0.16136168,0.16110805,0.16080911,0.16046238,0.1600654,0.15964255,0.15921982,0.15879722,0.15837473,0.15795235,0.1575301,0.15710793,0.15668587,0.15626389,0.155842,0.15542018,0.15499844,0.15457675,0.1541551,0.15373354,0.15331197,0.15289046,0.15246896,0.15204754,0.1516261,0.15120465,0.15078321,0.15036182,0.14994034,0.14951888,0.14909738,0.14867586,0.14825429,0.1478327,0.14741106,0.14698932,0.14656757,0.1461717,0.14582613,0.14552829,0.14527579,0.14506611,0.1448968,0.14476542,0.14466944,0.14460641,0.14457385,0.14456935,0.14459036,0.14463443,0.14469911,0.14478187
0.15939376,0.15939255,0.15939152,0.15939072,0.15939021,0.15938996,0.15938999,0.1593904,0.1593912,0.15939234,0.15939397,0.15939601,0.15939859,0.15940168,0.15940534,0.15940955,0.1594144,0.15943037,0.1594666,0.15952101,0.15959147,0.1596759,0.1597722,0.15987825,0.15999205,0.16011138,0.16023421,0.16035846,0.16048199,0.16060276,0.1607186,0.1608275,0.16092728,0.1610159,0.16109127,0.16115123,0.16119376,0.16121674,0.16121803,0.16119564,0.16114737,0.16107114,0.16096488,0.16082655,0.16065392,0.16044502,0.16019769,0.15990986,0.15957941,0.15922666,0.15887327,0.15851933,0.15816478,0.15780976,0.15745425,0.15709826,0.15674181,0.15638499,0.15602778,0.15567026,0.15531237,0.15495427,0.15459587,0.15423724,0.15387845,0.15351948,0.15316038,0.15280119,0.15244192,0.15208262,0.15172331,0.15136401,0.15100479,0.15064558,0.15028654,0.14992765,0.1495689,0.14921038,0.14885204,0.148494,0.14813623,0.14780064,0.14750762,0.14725518,0.14704108,0.14686333,0.14671981,0.14660841,0.14652704,0.14647362,0.14644605,0.14644219,0.14645998,0.14649735,0.14655218,0.14662239
0.15868662,0.15868396,0.1586817,0.15867995,0.15867871,0.15867814,0.15867823,0.15867919,0.15868087,0.15868351,0.1586871,0.15869173,0.15869746,0.15870437,0.1587125,0.15872195,0.15873279,0.1587531,0.15878999,0.15884158,0.15890627,0.15898232,0.159068,0.15916169,0.15926161,0.1593661,0.15947339,0.15958187,0.15968972,0.15979536,0.15989697,0.1599929,0.16008148,0.16016093,0.16022961,0.16028577,0.1603277,0.1603537,0.16036215,0.16035125,0.16031928,0.16026458,0.16018549,0.16008021,0.15994707,0.1597844,0.15959048,0.15936355,0.15910198,0.15882179,0.15854023,0.15825735,0.15797323,0.15768796,0.15740156,0.15711415,0.15682574,0.15653645,0.15624632,0.15595543,0.15566382,0.1553716,0.15507881,0.15478553,0.15449181,0.15419774,0.15390338,0.1536088,0.15331402,0.15301917,0.15272433,0.15242952,0.1521348,0.15184027,0.15154602,0.15125203,0.15095846,0.15066534,0.15037273,0.15008071,0.14978933,0.14951622,0.14927776,0.1490723,0.1488981,0.14875343,0.14863662,0.14854595,0.14847973,0.14843626,0.14841382,0.1484107,0.14842519,0.1484556,0.14850022,0.14855734
0.15798415,0.15797997,0.15797642,0.15797368,0.15797177,0.15797089,0.15797107,0.15797248,0.15797517,0.15797925,0.15798487,0.1579921,0.15800105,0.15801182,0.15802453,0.1580393,0.15805617,0.15808092,0.15811825,0.15816686,0.15822545,0.15829274,0.15836741,0.15844814,0.15853366,0.15862268,0.15871379,0.15880585,0.15889741,0.15898728,0.15907408,0.15915655,0.1592334,0.15930328,0.15936494,0.15941702,0.15945825,0.15948732,0.15950294,0.15950382,0.15948859,0.15945604,0.15940477,0.15933359,0.1592411,0.15912603,0.1589871,0.15882297,0.1586324,0.158427,0.15821947,0.1580099,0.1577984,0.15758508,0.15737002,0.15715337,0.15693516,0.15671562,0.15649468,0.15627259,0.15604943,0.15582527,0.15560023,0.15537438,0.15514791,0.15492088,0.15469337,0.15446553,0.1542374,0.15400918,0.15378089,0.15355271,0.15332466,0.15309693,0.15286954,0.15264267,0.15241642,0.15219083,0.15196607,0.15174225,0.1515194,0.15131082,0.15112868,0.15097173,0.15083867,0.15072818,0.15063897,0.15056972,0.15051913,0.15048593,0.15046878,0.15046638,0.15047747,0.1505007,0.1505348,0.15057838
0.15728585,0.15728012,0.15727532,0.15727155,0.15726899,0.15726776,0.15726802,0.1572699,0.15727359,0.15727918,0.15728682,0.15729667,0.15730889,0.1573236,0.15734093,0.15736103,0.15738408,0.15741321,0.15745096,0.15749641,0.15754864,0.15760674,0.15766996,0.1577373,0.1578079,0.15788086,0.15795529,0.15803035,0.15810509,0.15817864,0.1582501,0.15831864,0.15838332,0.15844323,0.15849757,0.15854539,0.15858576,0.15861788,0.15864079,0.15865363,0.15865555,0.15864561,0.15862294,0.15858667,0.15853587,0.15846968,0.15838721,0.15828755,0.15816985,0.15804128,0.15790984,0.15777558,0.15763868,0.15749928,0.15735757,0.15721363,0.15706763,0.1569197,0.15677002,0.15661871,0.15646589,0.15631177,0.15615635,0.15599994,0.15584265,0.15568455,0.15552583,0.15536667,0.15520713,0.15504745,0.15488765,0.15472797,0.15456857,0.15440951,0.15425098,0.15409315,0.1539361,0.15378004,0.15362509,0.15347135,0.15331902,0.15317672,0.15305255,0.15294553,0.15285477,0.15277942,0.1527186,0.15267137,0.15263686,0.15261422,0.15260251,0.15260091,0.15260845,0.15262431,0.15264751,0.15267728
0.15659128,0.156584,0.15657789,0.15657313,0.15656985,0.15656832,0.15656866,0.15657106,0.15657571,0.1565828,0.15659252,0.15660504,0.15662053,0.15663919,0.15666121,0.15668674,0.156716,0.15674959,0.15678763,0.1568297,0.15687533,0.15692404,0.15697542,0.1570289,0.15708412,0.15714057,0.1571978,0.15725532,0.15731272,0.15736946,0.15742514,0.15747929,0.15753141,0.15758106,0.15762775,0.15767108,0.15771052,0.15774564,0.15777597,0.15780105,0.15782037,0.15783355,0.15784004,0.15783948,0.15783133,0.1578151,0.1577904,0.15775672,0.15771359,0.15766369,0.1576101,0.15755297,0.15749247,0.15742879,0.15736218,0.15729272,0.15722065,0.15714616,0.15706941,0.1569906,0.15690991,0.15682745,0.15674354,0.15665828,0.15657185,0.15648444,0.15639624,0.15630743,0.1562182,0.15612873,0.15603921,0.1559498,0.15586068,0.15577205,0.1556841,0.155597,0.15551096,0.15542608,0.15534267,0.15526079,0.15518068,0.1551064,0.15504158,0.15498568,0.15493828,0.15489893,0.15486717,0.15484251,0.1548245,0.15481268,0.15480657,0.15480573,0.15480967,0.15481791,0.15483005,0.1548456
0.15590002,0.15589118,0.15588376,0.15587793,0.15587401,0.1558721,0.1558725,0.15587541,0.15588108,0.15588972,0.15590149,0.15591669,0.15593551,0.15595818,0.15598491,0.15601592,0.15605144,0.15608947,0.15612777,0.15616634,0.15620513,0.15624417,0.15628335,0.15632266,0.15636207,0.1564016,0.15644117,0.15648074,0.15652034,0.15655984,0.15659933,0.15663868,0.15667792,0.15671697,0.15675586,0.15679452,0.15683292,0.15687102,0.15690881,0.1569463,0.15698338,0.15702006,0.1570563,0.15709208,0.15712735,0.15716213,0.15719631,0.15722992,0.1572629,0.15729326,0.15731907,0.15734063,0.15735812,0.15737177,0.15738174,0.15738836,0.15739177,0.15739226,0.15739,0.15738523,0.15737814,0.157369,0.15735802,0.15734538,0.15733138,0.15731618,0.15730003,0.15728311,0.15726571,0.15724799,0.15723017,0.15721254,0.15719527,0.15717858,0.15716271,0.15714787,0.1571343,0.15712221,0.15711181,0.15710333,0.15709701,0.15709214,0.15708786,0.15708421,0.15708113,0.15707856,0.15707645,0.15707487,0.15707366,0.15707289,0.1570725,0.15707242,0.1570727,0.15707324,0.15707402,0.15707503
0.15521158,0.15520114,0.15519243,0.15518558,0.1551809,0.15517871,0.15517916,0.1551826,0.15518926,0.15519944,0.15521328,0.15523121,0.1552534,0.15528008,0.15531157,0.1553481,0.15538995,0.15543243,0.15547094,0.15550585,0.15553766,0.15556672,0.15559344,0.15561825,0.15564154,0.15566376,0.1556853,0.15570652,0.15572788,0.15574983,0.15577273,0.155797,0.15582304,0.15585127,0.15588212,0.15591595,0.15595323,0.15599433,0.15603969,0.15608966,0.15614475,0.15620533,0.15627174,0.15634446,0.15642391,0.15651049,0.15660457,0.15670662,0.156817,0.15692897,0.15703562,0.1571372,0.15723401,0.1573263,0.1574143,0.15749831,0.15757854,0.15765534,0.15772888,0.15779945,0.15786733,0.15793279,0.15799607,0.15805744,0.15811712,0.15817544,0.1582326,0.15828891,0.15834461,0.15839997,0.15845522,0.15851063,0.1585665,0.15862308,0.15868059,0.15873933,0.15879957,0.15886153,0.15892552,0.15899171,0.1590605,0.1591263,0.15918376,0.15923321,0.1592752,0.15931007,0.15933819,0.15936004,0.15937597,0.15938646,0.15939185,0.15939261,0.15938911,0.15938178,0.15937106,0.1593573
0.15452552,0.15451352,0.15450342,0.15449554,0.15449019,0.15448762,0.15448818,0.15449215,0.15449983,0.15451153,0.15452752,0.15454815,0.15457368,0.15460443,0.1546407,0.15468283,0.15473104,0.154778,0.1548166,0.15484782,0.15487243,0.15489136,0.15490538,0.1549154,0.15492228,0.15492685,0.15493004,0.1549326,0.15493548,0.15493947,0.15494552,0.1549544,0.15496701,0.1549842,0.1550068,0.15503572,0.1550718,0.15511586,0.15516882,0.1552315,0.15530479,0.15538952,0.15548652,0.1555967,0.15572092,0.15585999,0.15601483,0.15618627,0.15637514,0.15656988,0.15675849,0.15694126,0.15711856,0.1572906,0.15745774,0.15762028,0.15777849,0.15793265,0.15808316,0.15823022,0.15837422,0.15851532,0.15865396,0.1587904,0.15892494,0.15905786,0.15918946,0.15932007,0.15945001,0.1595795,0.1597089,0.1598385,0.15996863,0.16009957,0.16023158,0.160365,0.16050012,0.16063724,0.16077667,0.16091874,0.1610637,0.16120122,0.16132124,0.1614247,0.16151242,0.16158524,0.16164404,0.1616897,0.16172302,0.16174494,0.16175623,0.1617578,0.16175053,0.16173518,0.16171272,0.16168395
0.1538414,0.15382783,0.15381637,0.15380745,0.1538014,0.15379849,0.15379909,0.1538036,0.15381229,0.15382555,0.15384366,0.15386704,0.15389594,0.15393077,0.1539719,0.15401956,0.15407419,0.15412562,0.15416436,0.15419175,0.15420906,0.15421763,0.15421878,0.15421382,0.15420404,0.15419075,0.1541753,0.15415896,0.15414304,0.15412888,0.15411778,0.15411109,0.15411003,0.15411602,0.15413024,0.1541541,0.15418896,0.15423602,0.1542966,0.15437207,0.15446371,0.15457283,0.15470076,0.15484881,0.15501824,0.15521044,0.1554267,0.15566829,0.15593655,0.156215,0.15648648,0.15675144,0.15701012,0.15726288,0.15751009,0.15775204,0.15798911,0.1582216,0.15844996,0.15867442,0.15889536,0.15911311,0.159328,0.15954041,0.15975066,0.15995911,0.16016603,0.16037185,0.16057688,0.16078146,0.16098589,0.1611906,0.16139583,0.161602,0.1618094,0.1620184,0.16222931,0.16244255,0.16265835,0.16287713,0.1630992,0.16330926,0.16349265,0.16365072,0.1637847,0.16389595,0.1639858,0.16405551,0.16410643,0.16413988,0.16415717,0.16415957,0.16414842,0.16412503,0.16409071,0.16404678
0.15315877,0.15314357,0.15313081,0.15312086,0.15311405,0.15311082,0.1531115,0.15311654,0.15312624,0.15314105,0.15316132,0.15318742,0.15321977,0.15325871,0.15330464,0.1533579,0.15341897,0.15347487,0.15351368,0.15353718,0.15354711,0.15354523,0.15353332,0.1535132,0.15348658,0.15345524,0.15342093,0.15338549,0.15335059,0.15331809,0.15328966,0.15326717,0.15325233,0.15324694,0.1532527,0.1532715,0.15330501,0.15335502,0.15342332,0.15351164,0.15362181,0.15375555,0.15391462,0.1541008,0.15431589,0.15456164,0.1548398,0.15515214,0.15550049,0.15586337,0.15621851,0.1565663,0.15690708,0.15724124,0.1575692,0.15789132,0.15820795,0.15851952,0.15882638,0.15912895,0.15942752,0.15972261,0.16001444,0.16030353,0.1605902,0.16087481,0.16115779,0.16143952,0.16172034,0.16200066,0.16228083,0.16256125,0.16284233,0.16312444,0.16340792,0.16369316,0.16398062,0.16427058,0.16456349,0.16485964,0.16515952,0.1654428,0.16569011,0.16590326,0.16608395,0.16623396,0.16635512,0.16644917,0.16651784,0.16656294,0.16658622,0.16658947,0.1665744,0.16654292,0.1664966,0.16643736
0.15247719,0.15246041,0.1524463,0.15243527,0.15242773,0.15242416,0.15242493,0.15243052,0.15244123,0.1524576,0.15247999,0.15250888,0.15254465,0.15258768,0.15263845,0.15269735,0.15276486,0.15282527,0.15286411,0.15288365,0.15288611,0.15287372,0.1528487,0.15281327,0.15276965,0.15272012,0.15266688,0.15261212,0.15255813,0.15250708,0.15246129,0.15242289,0.15239413,0.15237729,0.15237454,0.15238814,0.15242031,0.15247329,0.15254927,0.15265055,0.1527793,0.15293774,0.15312815,0.15335274,0.15361372,0.15391333,0.15425377,0.15463732,0.15506618,0.15551402,0.15595329,0.15638441,0.1568078,0.1572239,0.15763313,0.15803587,0.15843254,0.15882365,0.15920955,0.15959069,0.15996742,0.16034025,0.16070959,0.16107583,0.16143939,0.1618007,0.16216017,0.16251826,0.16287535,0.1632319,0.1635883,0.16394497,0.16430233,0.16466084,0.1650209,0.16538292,0.16574734,0.16611455,0.16648498,0.16685909,0.16723725,0.1675942,0.16790584,0.16817437,0.16840206,0.16859111,0.16874376,0.16886225,0.16894878,0.16900565,0.16903497,0.16903907,0.1690201,0.16898036,0.16892205,0.1688474
0.15179622,0.15177783,0.15176235,0.15175027,0.15174204,0.15173812,0.15173899,0.15174505,0.15175682,0.15177473,0.15179929,0.15183094,0.1518701,0.1519173,0.15197289,0.15203744,0.1521114,0.15217629,0.15221518,0.15223078,0.15222573,0.15220274,0.1521645,0.15211372,0.15205307,0.15198527,0.15191296,0.15183885,0.15176564,0.15169606,0.15163271,0.15157837,0.15153563,0.1515073,0.15149595,0.15150435,0.15153518,0.1515911,0.15167485,0.15178902,0.15193647,0.1521197,0.15234153,0.15260462,0.15291162,0.1532653,0.15366821,0.1541232,0.1546329,0.15516596,0.15568963,0.1562044,0.1567107,0.157209,0.15769973,0.15818341,0.15866047,0.15913136,0.15959656,0.16005653,0.16051175,0.16096266,0.16140968,0.16185334,0.16229406,0.16273233,0.16316862,0.16360335,0.164037,0.16447005,0.16490293,0.16533612,0.16577008,0.16620529,0.16664217,0.1670812,0.16752283,0.16796763,0.16841584,0.16886815,0.16932489,0.16975577,0.17013192,0.17045611,0.17073095,0.17095917,0.17114346,0.1712865,0.17139094,0.17145956,0.17149498,0.17149991,0.17147705,0.17142907,0.17135866,0.17126855
0.15111537,0.15109539,0.15107858,0.15106541,0.15105648,0.1510522,0.15105312,0.15105975,0.15107253,0.15109204,0.15111874,0.15115312,0.1511957,0.15124701,0.15130751,0.15137771,0.15145811,0.15152751,0.15156645,0.15157802,0.15156545,0.15153189,0.15148042,0.15141429,0.15133655,0.15125044,0.15115908,0.15106562,0.1509732,0.15088497,0.15080413,0.15073377,0.15067708,0.1506372,0.15061727,0.15062046,0.15064994,0.15070881,0.15080029,0.15092747,0.15109353,0.15130161,0.1515549,0.1518565,0.15220957,0.15261732,0.15308282,0.15360929,0.15419984,0.15481824,0.15542641,0.15602486,0.15661412,0.1571947,0.15776706,0.15833174,0.15888917,0.15943997,0.15998456,0.16052344,0.16105714,0.16158617,0.16211101,0.16263217,0.16315015,0.16366544,0.16417858,0.16469,0.16520028,0.1657099,0.16621932,0.16672914,0.16723974,0.16775167,0.16826548,0.16878162,0.16930059,0.16982295,0.17034909,0.17087965,0.17141502,0.1719199,0.17236067,0.17274049,0.17306253,0.17333,0.1735459,0.1737135,0.1738359,0.1739163,0.17395777,0.17396356,0.17393677,0.17388055,0.17379805,0.17369246
0.15043426,0.15041266,0.15039447,0.15038031,0.15037066,0.15036602,0.15036704,0.15037416,0.15038799,0.15040903,0.15043786,0.15047501,0.15052103,0.15057643,0.15064177,0.15071762,0.15080449,0.15087838,0.15091732,0.15092497,0.15090491,0.15086076,0.15079613,0.15071465,0.15061991,0.1505155,0.15040514,0.15029237,0.15018076,0.15007395,0.14997561,0.1498893,0.14981866,0.1497673,0.1497388,0.14973679,0.14976494,0.14982675,0.14992595,0.15006606,0.15025075,0.15048365,0.1507683,0.15110837,0.15150748,0.15196922,0.15249716,0.15309498,0.1537663,0.15446983,0.15516236,0.15584439,0.1565165,0.15717918,0.157833,0.15847851,0.15911625,0.15974678,0.1603706,0.16098829,0.16160037,0.16220737,0.16280986,0.16340838,0.16400345,0.16459565,0.16518551,0.16577351,0.1663603,0.16694632,0.1675322,0.16811843,0.16870552,0.16929412,0.16988465,0.17047775,0.17107394,0.17167373,0.17227764,0.17288628,0.17350018,0.17407891,0.17458418,0.17501959,0.17538878,0.17569529,0.17594282,0.17613493,0.17627525,0.17636739,0.17641498,0.17642161,0.17639089,0.17632644,0.17623188,0.17611083
0.14975236,0.14972918,0.14970964,0.14969443,0.14968403,0.1496791,0.14968012,0.14968783,0.14970267,0.14972527,0.14975625,0.14979619,0.14984557,0.1499051,0.14997531,0.15005676,0.15015008,0.15022844,0.15026747,0.15027116,0.15024367,0.150189,0.15011126,0.15001452,0.14990285,0.14978032,0.14965098,0.14951895,0.14938827,0.14926304,0.14914727,0.14904512,0.14896059,0.14889777,0.14886077,0.14885363,0.1488804,0.14894524,0.14905211,0.14920516,0.14940843,0.14966598,0.14998195,0.15036033,0.15080523,0.15132073,0.15191089,0.15257978,0.15333147,0.15411985,0.15489636,0.15566157,0.15641615,0.1571606,0.15789557,0.15862155,0.15933923,0.16004913,0.16075186,0.16144796,0.16213803,0.1628227,0.16350251,0.16417804,0.16484988,0.1655186,0.16618481,0.16684909,0.16751198,0.16817413,0.16883607,0.1694984,0.1701617,0.17082654,0.17149353,0.17216323,0.17283623,0.17351311,0.17419448,0.17488086,0.17557292,0.1762252,0.17679468,0.17728542,0.17770149,0.17804697,0.17832592,0.17854244,0.17870061,0.17880447,0.17885809,0.17886554,0.17883094,0.17875831,0.17865174,0.17851533
0.14906932,0.14904451,0.14902365,0.14900737,0.14899625,0.14899094,0.1489921,0.14900029,0.14901619,0.14904036,0.14907345,0.14911611,0.14916891,0.14923255,0.14930756,0.14939466,0.14949434,0.1495772,0.1496163,0.14961614,0.14958128,0.14951621,0.14942548,0.14931361,0.14918517,0.14904462,0.14889655,0.1487454,0.14859584,0.14845228,0.14831929,0.14820138,0.14810313,0.148029,0.14798357,0.14797133,0.14799681,0.14806458,0.14817913,0.14834504,0.14856678,0.14884889,0.14919592,0.14961234,0.15010278,0.1506717,0.15132362,0.15206312,0.15289466,0.15376721,0.15462714,0.155475,0.1563115,0.15713714,0.15795265,0.15875858,0.15955563,0.16034433,0.16112538,0.16189936,0.16266693,0.16342868,0.16418524,0.16493723,0.16568528,0.16643,0.16717203,0.16791199,0.16865046,0.16938815,0.1701256,0.1708635,0.1716024,0.17234297,0.17308585,0.1738316,0.17458089,0.17533433,0.17609254,0.17685618,0.1776258,0.17835109,0.17898431,0.17952998,0.17999265,0.18037681,0.18068701,0.18092774,0.18110362,0.18121907,0.18127869,0.18128699,0.1812485,0.18116777,0.18104927,0.18089756
0.1483846,0.14835818,0.14833602,0.14831868,0.14830686,0.14830123,0.14830248,0.14831114,0.14832804,0.1483538,0.14838901,0.1484344,0.1484906,0.14855829,0.14863811,0.14873075,0.14883688,0.14892422,0.14896342,0.14895947,0.14891732,0.14884199,0.14873843,0.14861166,0.14846657,0.14830825,0.14814164,0.1479717,0.1478034,0.14764173,0.14749171,0.14735828,0.14724644,0.14716114,0.1471074,0.14709017,0.1471144,0.14718515,0.14730735,0.14748599,0.14772603,0.14803252,0.14841032,0.14886451,0.14940003,0.15002187,0.15073498,0.1515444,0.15245508,0.15341109,0.15435359,0.15528332,0.15620087,0.15710697,0.15800224,0.15888734,0.15976293,0.16062973,0.16148831,0.16233945,0.16318367,0.16402175,0.1648543,0.165682,0.16650549,0.16732545,0.16814256,0.16895741,0.16977073,0.17058322,0.17139545,0.1722081,0.1730219,0.17383745,0.1746554,0.17547646,0.1763013,0.17713054,0.17796485,0.1788049,0.17965136,0.18044898,0.18114531,0.18174537,0.18225412,0.1826766,0.18301772,0.18328246,0.18347584,0.18360282,0.18366839,0.18367754,0.18363518,0.18354638,0.1834161,0.18324926
0.14769779,0.14766982,0.1476463,0.14762793,0.14761542,0.14760944,0.14761074,0.14761998,0.14763787,0.14766517,0.14770247,0.14775057,0.14781015,0.14788187,0.14796649,0.14806467,0.14817715,0.14826895,0.14830829,0.14830065,0.14825138,0.14816596,0.14804979,0.14790833,0.14774692,0.14757107,0.1473862,0.1471977,0.14701097,0.14683151,0.14666468,0.14651598,0.14639077,0.1462945,0.14623256,0.14621043,0.14623353,0.14630724,0.14643703,0.1466283,0.14688647,0.147217,0.14762531,0.14811677,0.14869687,0.14937103,0.15014462,0.15102312,0.15201193,0.15305035,0.15407446,0.15508504,0.1560827,0.15706821,0.15804228,0.15900554,0.15995875,0.16090262,0.16183782,0.16276504,0.163685,0.16459844,0.165506,0.16640842,0.16730641,0.16820066,0.16909179,0.16998065,0.17086788,0.17175415,0.17264019,0.17352667,0.17441435,0.1753039,0.17619604,0.17709142,0.17799081,0.17889486,0.17980433,0.18071985,0.18164216,0.18251114,0.1832698,0.18392357,0.18447787,0.18493809,0.18530977,0.18559822,0.18580893,0.18594725,0.18601872,0.18602864,0.18598251,0.18588576,0.18574381,0.18556206
0.14700843,0.14697891,0.14695409,0.14693467,0.14692146,0.14691512,0.1469165,0.14692628,0.14694515,0.14697395,0.14701338,0.14706421,0.1471271,0.14720286,0.14729221,0.14739591,0.14751469,0.14761095,0.1476505,0.14763927,0.14758305,0.14748777,0.1473592,0.14720331,0.14702591,0.14683287,0.14663006,0.14642334,0.14621858,0.14602162,0.14583836,0.14567463,0.14553632,0.14542928,0.1453594,0.14533252,0.1453545,0.14543119,0.14556852,0.1457723,0.14604837,0.14640264,0.146841,0.14736925,0.14799328,0.14871897,0.14955217,0.15049872,0.15156452,0.15268412,0.15378863,0.1548788,0.15595536,0.15701912,0.15807071,0.15911098,0.16014059,0.1611603,0.16217093,0.1631731,0.16416761,0.16515519,0.16613661,0.16711256,0.16808388,0.16905119,0.1700153,0.17097694,0.17193687,0.17289576,0.17385444,0.17481364,0.17577402,0.17673641,0.17770153,0.1786701,0.17964284,0.18062057,0.18160394,0.18259378,0.18359074,0.18452999,0.18535,0.18605663,0.18665574,0.18715326,0.18755491,0.18786672,0.18809444,0.18824397,0.18832119,0.18833193,0.18828212,0.1881775,0.18802409,0.18782762
0.14631613,0.14628504,0.14625888,0.14623845,0.14622454,0.1462179,0.14621933,0.14622962,0.1462495,0.14627984,0.14632133,0.14637478,0.146441,0.14652075,0.14661483,0.14672397,0.14684899,0.14694972,0.14698955,0.14697483,0.1469119,0.14680696,0.14666636,0.14649639,0.14630333,0.14609349,0.14587316,0.14564864,0.14542618,0.14521214,0.1450128,0.14483443,0.14468333,0.14456584,0.14448817,0.14445668,0.14447764,0.14455737,0.1447021,0.14491822,0.14521194,0.14558962,0.14605752,0.1466219,0.14728911,0.14806545,0.1489572,0.14997065,0.15111206,0.1523114,0.15349485,0.15466318,0.15581727,0.15695776,0.15808555,0.15920134,0.16030596,0.16140017,0.16248475,0.1635605,0.16462815,0.16568854,0.16674237,0.16779055,0.16883375,0.1698728,0.17090848,0.17194152,0.17297277,0.17400296,0.17503291,0.17606336,0.1770951,0.17812894,0.17916565,0.18020597,0.18125077,0.18230072,0.18335667,0.18441941,0.18548967,0.18649788,0.18737808,0.18813659,0.18877974,0.18931371,0.1897449,0.19007958,0.19032404,0.19048455,0.19056743,0.19057898,0.19052547,0.19041322,0.19024849,0.19003761
0.14562038,0.14558771,0.14556028,0.14553885,0.14552425,0.14551726,0.14551876,0.14552954,0.14555044,0.14558227,0.14562583,0.14568195,0.14575145,0.14583513,0.14593385,0.14604841,0.14617962,0.14628473,0.14632493,0.14630695,0.14623745,0.1461232,0.1459709,0.1457872,0.14557894,0.14535272,0.1451153,0.14487344,0.14463384,0.14440316,0.14418815,0.14399551,0.14383203,0.14370431,0.14361915,0.14358325,0.1436033,0.143686,0.14383815,0.1440664,0.14437747,0.14477809,0.14527495,0.14587483,0.14658436,0.14741033,0.1483594,0.14943832,0.15065381,0.1519312,0.15319192,0.15443687,0.15566671,0.15688239,0.1580847,0.15927443,0.16045243,0.16161948,0.16277644,0.16392411,0.16506334,0.16619492,0.16731966,0.16843837,0.16955194,0.17066108,0.17176671,0.17286962,0.1739706,0.17507046,0.1761701,0.17727028,0.17837179,0.17947549,0.18058223,0.18169278,0.18280795,0.1839286,0.18505552,0.18618953,0.18733148,0.18840714,0.18934624,0.19015552,0.19084166,0.19141139,0.19187146,0.19222848,0.1924893,0.19266056,0.19274896,0.19276126,0.1927042,0.19258446,0.19240871,0.19218372
0.14492072,0.14488658,0.14485784,0.1448354,0.1448201,0.1448128,0.1448144,0.14482568,0.14484754,0.14488086,0.14492644,0.14498518,0.14505792,0.14514552,0.14524883,0.14536875,0.14550608,0.14561558,0.14565623,0.1456351,0.14555934,0.14543606,0.1452724,0.14507549,0.14485244,0.14461039,0.14435647,0.1440978,0.14384149,0.1435947,0.14336452,0.14315811,0.14298256,0.14284505,0.14275265,0.14271249,0.14273177,0.14281753,0.14297694,0.14321712,0.14354517,0.14396827,0.14449349,0.145128,0.1458789,0.14675331,0.14775838,0.14890125,0.150189,0.15154257,0.15287872,0.15419829,0.15550213,0.15679114,0.15806611,0.15932792,0.16057748,0.16181555,0.16304311,0.16426092,0.16546988,0.16667081,0.16786464,0.16905214,0.17023425,0.17141175,0.17258552,0.17375647,0.17492542,0.17609322,0.17726074,0.17842881,0.1795983,0.18077011,0.18194506,0.18312399,0.1843078,0.18549731,0.18669342,0.18789695,0.18910874,0.19025017,0.19124666,0.1921054,0.19283347,0.19343804,0.19392622,0.19430509,0.19458185,0.19476354,0.19485739,0.19487047,0.19480988,0.19468279,0.19449632,0.19425759
0.14421675,0.1441811,0.1441511,0.14412768,0.14411171,0.1441041,0.14410573,0.14411753,0.14414036,0.14417511,0.14422272,0.14428404,0.14435998,0.14445142,0.14455931,0.1446845,0.14482787,0.14494178,0.14498293,0.14495887,0.14487712,0.14474522,0.14457065,0.14436096,0.1441237,0.14386636,0.14359647,0.14332157,0.1430492,0.14278685,0.14254205,0.14232233,0.14213523,0.14198826,0.14188895,0.14184482,0.1418634,0.14195222,0.1421188,0.14237066,0.14271532,0.14316034,0.1437132,0.14438145,0.14517263,0.14609422,0.14715376,0.14835882,0.14971687,0.15114453,0.152554,0.15394616,0.1553219,0.15668213,0.15802772,0.15935962,0.16067867,0.16198578,0.16328186,0.16456777,0.16584446,0.16711278,0.16837363,0.16962793,0.17087655,0.1721204,0.17336038,0.17459735,0.17583227,0.17706597,0.17829938,0.17953339,0.18076888,0.18200678,0.18324794,0.18449327,0.18574369,0.18700007,0.18826333,0.18953432,0.19081399,0.19201925,0.19307153,0.1939783,0.19474709,0.19538549,0.19590096,0.19630106,0.19659327,0.19678518,0.19688424,0.19689804,0.19683407,0.19669987,0.19650297,0.19625089
0.14355391,0.14351685,0.1434857,0.14346135,0.14344475,0.14343682,0.14343855,0.1434508,0.14347452,0.14351067,0.14356013,0.14362384,0.14370279,0.14379783,0.14390995,0.14404005,0.14418904,0.14430705,0.14434874,0.14432201,0.1442348,0.14409497,0.14391038,0.14368898,0.1434386,0.14316718,0.14288265,0.14259283,0.14230566,0.14202897,0.14177074,0.14153881,0.14134108,0.14118548,0.14107981,0.14103204,0.14105006,0.14114173,0.141315,0.1415777,0.14193776,0.1424031,0.14298154,0.14368102,0.1445094,0.14547464,0.14658457,0.1478471,0.14927012,0.15076627,0.15224347,0.15370272,0.1551449,0.156571,0.15798183,0.15937841,0.16076165,0.1621325,0.1634919,0.16484071,0.16617996,0.16751048,0.16883327,0.17014924,0.17145929,0.17276442,0.17406547,0.17536344,0.17665924,0.17795381,0.17924805,0.18054292,0.18183935,0.18313824,0.18444058,0.18574724,0.18705916,0.18837729,0.18970254,0.1910359,0.1923782,0.19364245,0.19474615,0.19569734,0.19650379,0.19717342,0.1977141,0.19813372,0.19844028,0.19864154,0.19874549,0.19875996,0.19869286,0.19855207,0.19834556,0.19808112
0.1429752,0.14293694,0.14290474,0.1428796,0.14286244,0.1428543,0.14285608,0.1428687,0.14289321,0.14293055,0.14298163,0.14304745,0.14312899,0.14322717,0.14334297,0.14347741,0.14363131,0.14375287,0.14379504,0.14376605,0.14367405,0.14352728,0.14333396,0.14310232,0.14284053,0.14255685,0.14225945,0.14195661,0.14165652,0.14136736,0.14109737,0.14085473,0.14064772,0.14048454,0.14037335,0.14032245,0.14033997,0.14043415,0.14061327,0.14088544,0.14125893,0.14174198,0.14234278,0.14306949,0.1439304,0.1449337,0.14608759,0.14740032,0.1488801,0.15043597,0.15197235,0.15349023,0.15499038,0.15647392,0.15794173,0.15939482,0.16083412,0.16226064,0.16367526,0.16507901,0.16647287,0.16785772,0.16923456,0.17060432,0.17196804,0.17332664,0.17468102,0.17603227,0.17738125,0.17872891,0.18007632,0.18142433,0.18277393,0.18412611,0.18548182,0.186842,0.18820763,0.18957965,0.19095904,0.19234678,0.19374384,0.19505954,0.19620824,0.19719818,0.19803742,0.19873433,0.19929703,0.19973381,0.20005278,0.2002623,0.20037043,0.20038547,0.20031568,0.20016916,0.19995421,0.199679
0.14247654,0.1424372,0.14240412,0.14237829,0.1423607,0.14235228,0.1423541,0.1423671,0.1423923,0.14243062,0.14248312,0.14255078,0.14263454,0.14273545,0.14285445,0.14299254,0.1431507,0.14327537,0.14331795,0.14328693,0.1431908,0.14303805,0.14283723,0.14259675,0.14232513,0.14203086,0.14172244,0.14140838,0.14109713,0.1407972,0.14051707,0.14026527,0.14005026,0.13988054,0.13976462,0.13971096,0.13972805,0.13982439,0.1400085,0.14028884,0.14067397,0.14117223,0.14179228,0.14254251,0.14343143,0.14446756,0.14565936,0.14701535,0.14854398,0.15015142,0.15173881,0.15330705,0.15485723,0.15639023,0.15790719,0.15940897,0.1608966,0.16237104,0.16383332,0.1652844,0.16672526,0.16815695,0.16958036,0.17099652,0.17240646,0.17381115,0.17521158,0.17660865,0.17800342,0.17939688,0.18079004,0.18218383,0.18357931,0.18497737,0.18637906,0.1877854,0.18919729,0.19061577,0.19204186,0.19347647,0.19492066,0.19628075,0.1974682,0.19849145,0.19935903,0.2000794,0.20066112,0.20111261,0.20144238,0.20165892,0.20177074,0.20178628,0.2017141,0.20156269,0.20134048,0.20105597
0.14205375,0.14201352,0.14197968,0.14195323,0.14193526,0.14192666,0.14192851,0.1419418,0.14196755,0.14200677,0.14206049,0.14212964,0.14221534,0.14231853,0.14244024,0.14258146,0.14274321,0.14287049,0.14291342,0.14288071,0.14278111,0.14262329,0.14241606,0.14216809,0.14188814,0.14158492,0.14126712,0.14094351,0.14062282,0.14031376,0.1400251,0.13976547,0.13954368,0.13936843,0.13924848,0.1391925,0.13920921,0.13930744,0.13949579,0.13978307,0.14017797,0.14068924,0.14132555,0.14209567,0.1430084,0.14407235,0.14529626,0.14668891,0.14825901,0.14991015,0.15154071,0.15315177,0.15474433,0.15631935,0.15787789,0.15942095,0.16094954,0.16246465,0.16396728,0.16545852,0.16693927,0.16841063,0.16987354,0.17132908,0.17277819,0.17422192,0.17566131,0.17709729,0.17853093,0.17996322,0.18139519,0.18282785,0.18426214,0.18569914,0.18713984,0.18858524,0.19003639,0.1914943,0.1929599,0.19443427,0.19591841,0.19731617,0.19853643,0.19958799,0.20047957,0.2012199,0.20181765,0.20228164,0.20262054,0.20284307,0.20295796,0.20297395,0.20289978,0.20274416,0.20251581,0.2022235
0.14170267,0.1416617,0.14162724,0.14160031,0.14158198,0.14157325,0.14157513,0.14158867,0.14161491,0.14165485,0.14170954,0.14177997,0.14186724,0.14197235,0.1420963,0.14224012,0.14240485,0.14253433,0.14257754,0.14254339,0.14244089,0.14227891,0.14206636,0.14181218,0.14152528,0.1412146,0.14088905,0.14055753,0.14022903,0.13991237,0.13961656,0.1393505,0.13912308,0.13894323,0.1388199,0.13876201,0.13877846,0.13887814,0.13907006,0.13936307,0.13976613,0.14028813,0.14093804,0.14172469,0.1426571,0.14374417,0.1449948,0.14641789,0.14802238,0.14970979,0.15137626,0.15302281,0.15465058,0.15626046,0.15785359,0.15943089,0.16099349,0.16254234,0.16407855,0.16560307,0.16711697,0.16862126,0.17011699,0.1716052,0.17308688,0.17456304,0.17603476,0.17750302,0.17896897,0.18043345,0.18189768,0.18336251,0.18482909,0.18629844,0.18777151,0.1892494,0.19073316,0.19222371,0.19372222,0.19522959,0.19674692,0.1981759,0.19942345,0.2004985,0.20141004,0.20216684,0.20277798,0.20325233,0.2035988,0.20382628,0.20394379,0.20396015,0.20388429,0.20372516,0.20349173,0.20319289
0.14141922,0.14137761,0.14134265,0.14131533,0.14129673,0.14128785,0.14128977,0.14130351,0.14133014,0.14137067,0.14142613,0.14149764,0.14158617,0.1416928,0.14181857,0.14196451,0.14213164,0.14226286,0.1423063,0.14227103,0.14216621,0.14200081,0.14178398,0.14152479,0.14123231,0.14091557,0.14058377,0.14024585,0.13991101,0.13958824,0.13928668,0.13901538,0.13878341,0.13859986,0.13847387,0.1384144,0.1384306,0.13853152,0.1387263,0.13902391,0.13943358,0.13996427,0.14062509,0.14142513,0.14237347,0.14347917,0.14475137,0.14619903,0.14783134,0.149548,0.15124345,0.15291873,0.15457489,0.15621294,0.15783395,0.15943895,0.161029,0.16260509,0.16416839,0.16571979,0.16726047,0.16879137,0.17031358,0.17182812,0.17333607,0.17483844,0.17633633,0.17783068,0.17932263,0.1808132,0.18230337,0.18379427,0.18528694,0.18678236,0.1882816,0.18978572,0.19129574,0.19281271,0.19433777,0.19587179,0.19741589,0.19887011,0.20013966,0.20123371,0.20216128,0.20293152,0.20355345,0.20403618,0.20438872,0.20462024,0.20473978,0.20475644,0.20467925,0.20451736,0.2042798,0.2039756
0.14119917,0.1411571,0.14112176,0.14109415,0.14107536,0.1410664,0.14106828,0.14108223,0.14110911,0.14115009,0.1412062,0.1412785,0.14136803,0.14147583,0.14160301,0.14175057,0.14191958,0.14205216,0.14209579,0.14205967,0.14195298,0.14178498,0.14156482,0.14130172,0.14100489,0.14068353,0.14034681,0.14000396,0.1396642,0.13933672,0.13903065,0.13875529,0.13851981,0.1383334,0.13820525,0.13814458,0.13816059,0.13826251,0.13845947,0.13876075,0.13917546,0.1397129,0.14038222,0.14119264,0.14215332,0.14327349,0.1445624,0.14602916,0.14768302,0.14942242,0.15114038,0.15283795,0.15451612,0.15617602,0.15781869,0.15944518,0.16105656,0.16265385,0.16423811,0.16581042,0.16737182,0.1689234,0.17046614,0.17200118,0.17352952,0.17505223,0.17657037,0.17808501,0.17959715,0.18110791,0.1826183,0.18412942,0.18564226,0.1871579,0.1886775,0.19020197,0.19173245,0.1932699,0.19481547,0.1963702,0.19793513,0.19940887,0.20069556,0.20180434,0.20274441,0.203525,0.20415534,0.2046445,0.20500183,0.20523648,0.20535763,0.20537452,0.2052963,0.2051322,0.2048914,0.20458317
0.14103848,0.14099607,0.14096044,0.14093262,0.14091364,0.14090462,0.14090654,0.14092053,0.14094768,0.14098899,0.14104554,0.14111842,0.14120868,0.14131738,0.14144555,0.14159432,0.14176472,0.14189826,0.14194201,0.14190525,0.14179726,0.14162733,0.1414047,0.1411388,0.14083879,0.14051402,0.14017373,0.1398273,0.13948391,0.13915296,0.13884364,0.13856532,0.13832727,0.13813874,0.13800904,0.13794753,0.13796338,0.138066,0.1382646,0.13856846,0.13898695,0.1395293,0.14020482,0.14102279,0.14199251,0.1431233,0.14442438,0.1459051,0.14757471,0.14933074,0.15106508,0.15277891,0.15447319,0.15614906,0.15780756,0.15944976,0.16107668,0.16268939,0.16428903,0.16587658,0.16745315,0.1690198,0.17057759,0.17212757,0.17367078,0.17520835,0.17674132,0.17827071,0.17979762,0.18132316,0.18284832,0.18437418,0.1859018,0.18743229,0.18896665,0.190506,0.19205135,0.19360383,0.19516441,0.19673426,0.19831438,0.19980244,0.20110159,0.20222114,0.20317031,0.20395848,0.2045949,0.20508887,0.20544966,0.20568655,0.20580888,0.20582591,0.20574692,0.20558126,0.20533815,0.20502692
0.14093293,0.1408903,0.14085451,0.14082651,0.14080746,0.14079836,0.1408003,0.14081441,0.14084168,0.14088324,0.14094004,0.14101332,0.14110404,0.1412133,0.14134218,0.14149171,0.141663,0.14179721,0.14184105,0.14180386,0.14169501,0.1415238,0.14129962,0.14103183,0.14072974,0.1404027,0.14006008,0.13971125,0.13936552,0.13903229,0.13872086,0.13844056,0.13820082,0.1380109,0.13788022,0.13781811,0.13783391,0.13793693,0.1381366,0.13844223,0.13886315,0.13940874,0.14008832,0.14091128,0.14188692,0.14302462,0.14433376,0.14582361,0.1475036,0.1492705,0.15101568,0.15274014,0.15444504,0.15613139,0.15780023,0.15945274,0.16108987,0.16271278,0.16432247,0.16592005,0.16750658,0.16908315,0.17065075,0.17221056,0.17376357,0.1753109,0.17685357,0.1783927,0.1799293,0.18146452,0.18299934,0.18453492,0.18607223,0.18761243,0.18915655,0.19070563,0.1922608,0.19382308,0.19539359,0.1969733,0.19856343,0.20006086,0.20136826,0.20249483,0.20345002,0.20424312,0.20488358,0.20538066,0.2057437,0.20598212,0.2061052,0.20612237,0.2060429,0.20587617,0.20563151,0.20531829
0.14087845,0.14083573,0.14079979,0.14077173,0.14075263,0.14074351,0.14074546,0.14075959,0.14078695,0.14082856,0.14088559,0.14095902,0.14105001,0.14115958,0.14128879,0.14143874,0.14161049,0.14174505,0.14178891,0.14175153,0.1416422,0.14147034,0.14124535,0.14097656,0.14067341,0.14034522,0.14000142,0.13965136,0.1393044,0.13897,0.13865744,0.13837616,0.13813552,0.1379449,0.13781373,0.13775128,0.13776705,0.13787033,0.13807052,0.13837706,0.13879924,0.13934648,0.14002816,0.14085372,0.14183241,0.1429737,0.14428696,0.14578158,0.14746687,0.1492394,0.15099013,0.15272014,0.15443046,0.15612224,0.15779649,0.15945429,0.16109669,0.16272484,0.16433974,0.1659425,0.16753413,0.16911584,0.17068854,0.17225341,0.17381147,0.17536384,0.17691153,0.17845565,0.1799973,0.1815375,0.18307734,0.18461788,0.18616027,0.18770541,0.18925455,0.19080874,0.19236894,0.1939363,0.19551189,0.19709677,0.19869202,0.20019433,0.20150588,0.20263615,0.2035944,0.20439012,0.20503262,0.2055313,0.20589556,0.2061347,0.20625822,0.20627543,0.20619567,0.20602842,0.20578298,0.20546877
0.14087085,0.14082812,0.14079218,0.14076413,0.14074498,0.14073586,0.14073783,0.14075199,0.14077932,0.14082098,0.14087799,0.14095148,0.14104249,0.14115208,0.14128134,0.14143135,0.14160316,0.14173773,0.14178166,0.14174423,0.14163484,0.1414629,0.14123775,0.14096886,0.14066556,0.14033723,0.13999324,0.13964301,0.1392959,0.13896133,0.1386486,0.1383672,0.13812645,0.13793573,0.13780446,0.137742,0.13775772,0.13786103,0.13806131,0.13836797,0.13879034,0.13933781,0.14001982,0.14084567,0.1418248,0.14296663,0.14428045,0.14577569,0.14746174,0.14923507,0.15098658,0.15271737,0.15442844,0.15612097,0.15779594,0.1594545,0.16109766,0.1627265,0.16434215,0.16594562,0.16753799,0.16912039,0.17069381,0.17225939,0.17381817,0.17537118,0.17691962,0.17846446,0.18000677,0.18154766,0.1830882,0.18462947,0.18617249,0.18771838,0.18926822,0.19082306,0.19238397,0.19395208,0.19552834,0.19711395,0.19870992,0.2002129,0.20152502,0.2026558,0.20361452,0.20441058,0.20505337,0.20555228,0.20591667,0.20615597,0.20627955,0.20629673,0.20621699,0.20604965,0.2058041,0.20548971
0.14090602,0.14086337,0.14082749,0.1407995,0.14078036,0.14077127,0.14077324,0.14078735,0.14081465,0.14085624,0.14091316,0.14098652,0.14107738,0.14118677,0.1413158,0.14146556,0.14163707,0.14177145,0.14181532,0.14177799,0.14166892,0.1414974,0.14127283,0.14100455,0.14070192,0.14037436,0.14003113,0.1396817,0.13933538,0.13900155,0.13868955,0.13840877,0.13816859,0.13797835,0.1378474,0.13778515,0.13780089,0.13790405,0.13810398,0.13841006,0.1388316,0.13937804,0.14005864,0.14088285,0.14186002,0.14299949,0.14431065,0.14580284,0.14748546,0.14925516,0.15100306,0.15273026,0.15443784,0.15612687,0.1577984,0.1594535,0.16109324,0.16271876,0.16433097,0.16593114,0.1675202,0.16909929,0.17066944,0.1722317,0.17378724,0.17533705,0.17688218,0.17842379,0.17996287,0.18150054,0.18303783,0.1845759,0.18611567,0.18765834,0.18920493,0.19075653,0.1923142,0.19387895,0.19545196,0.19703427,0.1986269,0.20012675,0.20143619,0.20256455,0.2035213,0.20431569,0.20495714,0.20545503,0.20581862,0.20605746,0.20618074,0.20619792,0.20611832,0.20595132,0.20570631,0.2053926
0.14097984,0.14093731,0.1409016,0.14087367,0.14085464,0.14084558,0.14084753,0.14086156,0.14088878,0.14093022,0.14098693,0.14106001,0.14115055,0.14125955,0.14138813,0.14153731,0.14170821,0.14184213,0.14188592,0.14184894,0.14174044,0.14156978,0.14134632,0.14107935,0.1407782,0.14045216,0.14011058,0.13976283,0.13941817,0.13908593,0.13877542,0.13849601,0.13825701,0.1380677,0.13793749,0.13787565,0.13789144,0.13799433,0.1381935,0.13849834,0.13891819,0.13946232,0.1401401,0.14096086,0.14193386,0.14306849,0.14437404,0.14585984,0.1475352,0.14929727,0.15103762,0.15275738,0.15445755,0.15613922,0.1578035,0.15945141,0.161084,0.1627024,0.16430761,0.16590075,0.16748285,0.169055,0.17061822,0.17217366,0.17372234,0.1752653,0.17680368,0.17833851,0.1798708,0.18140171,0.18293223,0.18446347,0.18599652,0.18753238,0.18907213,0.19061689,0.1921677,0.19372565,0.19529174,0.19686708,0.19845273,0.19994599,0.20124972,0.20237318,0.20332569,0.2041166,0.2047553,0.205251,0.20561302,0.20585077,0.20597352,0.20599063,0.20591137,0.20574513,0.20550111,0.20518881
0.14108811,0.14104584,0.14101027,0.14098252,0.14096358,0.14095458,0.14095652,0.1409705,0.14099756,0.14103878,0.1410952,0.1411679,0.14125793,0.14136633,0.14149423,0.14164262,0.14181258,0.14194582,0.14198954,0.14195298,0.14184539,0.14167602,0.14145422,0.14118911,0.1408901,0.14056638,0.14022723,0.13988186,0.13953964,0.13920973,0.13890143,0.13862401,0.13838676,0.1381989,0.13806967,0.1380084,0.13802433,0.13812672,0.1383248,0.13862789,0.1390452,0.13958603,0.14025962,0.14107528,0.14204222,0.1431697,0.14446703,0.14594343,0.14760819,0.14935905,0.15108837,0.15279715,0.15448648,0.15615739,0.157811,0.15944833,0.16107044,0.16267839,0.1642733,0.16585617,0.16742805,0.16898999,0.17054315,0.17208849,0.17362715,0.17516012,0.17668849,0.17821333,0.1797357,0.18125664,0.18277723,0.18429855,0.18582161,0.18734749,0.18887731,0.19041204,0.19195282,0.19350064,0.19505659,0.19662178,0.19819719,0.19968082,0.20097615,0.20209233,0.20303872,0.20382452,0.20445907,0.20495154,0.20531125,0.20554747,0.20566945,0.20568644,0.2056077,0.20544249,0.2052001,0.20488977
0.14122675,0.14118478,0.14114948,0.14112188,0.14110312,0.14109415,0.14109607,0.14110991,0.14113683,0.14117774,0.14123377,0.14130595,0.14139538,0.14150304,0.14163004,0.14177741,0.14194617,0.1420786,0.14212216,0.14208618,0.14197971,0.14181204,0.1415923,0.1413297,0.14103337,0.14071259,0.14037652,0.1400343,0.13969514,0.1393682,0.13906276,0.1387879,0.13855284,0.13836679,0.13823894,0.13817841,0.13819446,0.13829622,0.13849291,0.13879374,0.13920784,0.13974442,0.14041269,0.14122178,0.1421809,0.14329931,0.1445861,0.14605047,0.14770162,0.1494382,0.1511533,0.15284806,0.15452349,0.15618068,0.15782061,0.15944439,0.16105308,0.16264772,0.16422936,0.16579905,0.16735783,0.16890682,0.17044702,0.17197946,0.17350525,0.1750254,0.17654102,0.1780531,0.17956275,0.18107095,0.1825788,0.18408738,0.18559772,0.18711084,0.18862785,0.19014977,0.19167766,0.19321258,0.19475557,0.19630769,0.19787005,0.19934134,0.20062584,0.20173278,0.20267129,0.20345059,0.20407982,0.20456824,0.20492496,0.2051592,0.20528014,0.205297,0.20521891,0.20505507,0.20481472,0.20450698
