True_Label,Mech_Prob_Normal,Bio_Prob_Normal,Fused_Prob_Normal,Mech_Prob_Scar,Bio_Prob_Scar,Fused_Prob_Scar,Mech_Prob_Inflamed,Bio_Prob_Inflamed,Fused_Prob_Inflamed,Mech_Prob_Tumor,Bio_Prob_Tumor,Fused_Prob_Tumor,Fused_Predicted_Label
0,0.68137103,0.64775175,0.9620452,0.011444298,0.24808517,0.0039885356,0.27810988,0.015275868,0.012949216,0.029074762,0.08888723,0.021017112,0
0,0.71682405,0.68196094,0.9907063,0.008529054,0.24529067,0.0028661962,0.23720904,0.0044849156,0.0022190257,0.037437867,0.06826348,0.0042084074,0
0,0.84348524,0.30050033,0.84908295,0.008432258,0.48999572,0.02724723,0.121353425,0.050083052,0.060803156,0.026729112,0.15942085,0.06286668,0
0,0.8866042,0.4890626,0.9805261,0.00720271,0.4451418,0.0019469997,0.06789855,0.0070691793,0.0040014936,0.0382945,0.05872641,0.0135254245,0
0,0.73362607,0.59328663,0.8923357,0.010397687,0.1966349,0.012931446,0.21360478,0.03154334,0.041214887,0.04237146,0.17853507,0.05351801,0
0,0.79265845,0.31018507,0.9670439,0.0052821254,0.63427407,0.0030532193,0.198151,0.010470188,0.019417692,0.003908446,0.0450707,0.010485177,0
0,0.56360257,0.8302461,0.95650256,0.015962418,0.15772158,0.006464346,0.22046423,0.001255262,0.00093441224,0.19997081,0.010777127,0.036098737,0
0,0.52823746,0.09557421,0.96219414,0.031216051,0.89389515,0.012053413,0.21829203,0.0040358743,0.0014811109,0.22225448,0.0064948066,0.02427132,0
0,0.73152053,0.56987077,0.9741069,0.013140565,0.39958328,0.0056118304,0.16884455,0.008867883,0.003912353,0.08649435,0.02167808,0.016368883,0
0,0.7020271,0.34594613,0.98584473,0.010394343,0.58100283,0.0023827255,0.26088488,0.004289683,0.0041168067,0.026693678,0.06876136,0.007655737,0
0,0.704667,0.3651894,0.7570828,0.030958354,0.46394795,0.060352363,0.16988456,0.037049815,0.12937167,0.094490066,0.13381287,0.0531932,0
0,0.7901219,0.71838236,0.98125154,0.008657173,0.26054025,0.0055576037,0.19641991,0.0014152217,0.009769106,0.004800978,0.019662179,0.0034217283,0
0,0.6852435,0.64391947,0.9831501,0.019279974,0.344672,0.007035645,0.27395183,0.0018553125,0.008443405,0.02152468,0.009553261,0.0013709643,0
0,0.5274113,0.39425528,0.9526308,0.036679734,0.5315236,0.026193399,0.3320022,0.002795708,0.0049447096,0.10390685,0.07142542,0.016231066,0
0,0.4918189,0.8255536,0.7170998,0.03013217,0.12667593,0.010093669,0.21601817,0.006153468,0.004308081,0.26203075,0.041616958,0.26849845,0
1,0.010742978,0.059546612,0.0030567232,0.94414485,0.80980825,0.9874428,0.005426797,0.008532604,0.004994538,0.03968545,0.12211251,0.0045059077,1
1,0.021580176,0.20266554,0.0063334918,0.7628118,0.42328483,0.97018087,0.006321664,0.21088739,0.011401467,0.2092863,0.1631623,0.012084151,1
1,0.021395618,0.221922,0.003779047,0.72966945,0.6597798,0.97534144,0.006390906,0.03425596,0.0061970353,0.24254408,0.084042236,0.01468243,1
1,0.007972484,0.20987006,0.004784192,0.57035977,0.40619144,0.9680646,0.0062548034,0.12509194,0.005204408,0.4154129,0.25884658,0.021946825,1
1,0.017106099,0.18355027,0.0025672822,0.63350457,0.75802135,0.9819139,0.0072319033,0.020305071,0.0037472248,0.34215742,0.038123365,0.011771548,1
1,0.1192628,0.14348997,0.052741278,0.20498744,0.8121031,0.88687974,0.012480674,0.0076684663,0.009797874,0.66326904,0.036738466,0.050581116,1
1,0.06857021,0.19141765,0.010826563,0.40761828,0.7103456,0.81459296,0.0130061535,0.0233973,0.011627963,0.5108053,0.074839436,0.16295254,1
1,0.11937342,0.18176928,0.46890816,0.20216605,0.7375378,0.4948612,0.60709256,0.007117983,0.020475326,0.071368,0.07357489,0.01575537,1
1,0.7047421,0.37174824,0.8339281,0.026655357,0.35025713,0.027839478,0.25060233,0.047419515,0.12302663,0.018000199,0.23057511,0.015205735,0
1,0.022263747,0.30782777,0.050654512,0.50350225,0.5423335,0.8700532,0.013926482,0.043103736,0.015628044,0.46030745,0.106735006,0.06366427,1
1,0.009133259,0.10120274,0.0059149363,0.25077277,0.8724211,0.9706052,0.022673449,0.009035763,0.0040173316,0.71742046,0.017340455,0.01946264,1
1,0.013537474,0.1712693,0.009762561,0.5102731,0.1892151,0.7236115,0.024511296,0.2578709,0.01860974,0.4516781,0.38164473,0.24801621,1
1,0.012936005,0.03666183,0.0035542673,0.63186073,0.916371,0.9697712,0.027659986,0.0071787103,0.009611323,0.32754332,0.03978856,0.017063236,1
1,0.013341213,0.65422666,0.011393676,0.88629484,0.33198854,0.972678,0.010376606,0.0013364071,0.006878525,0.08998735,0.0124482885,0.00904975,1
1,0.03399945,0.20868678,0.018244814,0.7902372,0.7441918,0.9594058,0.009127058,0.009757994,0.006627871,0.1666363,0.03736336,0.015721474,1
2,0.66365695,0.074667856,0.38429624,0.010532006,0.44771194,0.00562702,0.29060617,0.21441083,0.591715,0.03520487,0.26320934,0.018361699,2
2,0.32490465,0.005391211,0.024227057,0.017065557,0.004824638,0.006138387,0.6117842,0.0985859,0.8274843,0.046245616,0.8911983,0.14215034,2
2,0.74878883,0.023950908,0.1457242,0.022342619,0.061130054,0.047442317,0.088346526,0.27143982,0.5820766,0.140522,0.64347917,0.22475688,2
2,0.47033232,0.0055368263,0.0034493648,0.008929467,0.01241073,0.0009503916,0.5134353,0.2601897,0.989515,0.0073028468,0.7218627,0.0060851993,2
2,0.36039025,0.007044849,0.0154071,0.035382457,0.017242007,0.0012594095,0.5765494,0.33419698,0.95131224,0.027677845,0.6415161,0.032021187,2
2,0.6186151,0.008939321,0.042786375,0.008137034,0.04299897,0.0056692176,0.34553108,0.5044137,0.9296254,0.02771682,0.443648,0.021918973,2
2,0.29189774,0.3701771,0.25815538,0.31388706,0.15594108,0.1447556,0.25140065,0.093478724,0.27143657,0.14281456,0.3804031,0.32565245,3
2,0.21619472,0.01391197,0.006826355,0.01731103,0.026719445,0.00058517104,0.7422224,0.39824516,0.9842814,0.024271876,0.5611234,0.008307034,2
2,0.7106718,0.016686987,0.07914542,0.022473782,0.021416059,0.0023149867,0.25338662,0.20696393,0.9066671,0.013467811,0.75493306,0.011872452,2
2,0.7299087,0.031846814,0.12340544,0.006837619,0.13814256,0.0054028784,0.26035666,0.41096902,0.8606613,0.002896976,0.41904163,0.01053033,2
2,0.22109981,0.0149906855,0.014499848,0.14385453,0.013623586,0.011017134,0.2061911,0.38302267,0.6051299,0.4288546,0.58836305,0.36935312,2
2,0.84282553,0.018371511,0.02214541,0.0037089076,0.017537188,0.002571961,0.12698248,0.29492795,0.94762695,0.026483005,0.66916335,0.027655602,2
2,0.44328937,0.019464673,0.11777934,0.036597308,0.005619476,0.012569698,0.41070032,0.33935183,0.807543,0.10941298,0.63556397,0.06210791,2
2,0.13146392,0.0035731997,0.007714711,0.038787473,0.0012786621,0.0052832314,0.42432982,0.13855603,0.8939621,0.40541887,0.85659206,0.093039915,2
2,0.5572632,0.059504647,0.015299226,0.02037252,0.0070258416,0.0049976977,0.2696628,0.2378201,0.95337856,0.15270153,0.6956494,0.026324477,2
3,0.19182603,0.038226698,0.01134147,0.11683862,0.025842685,0.102893986,0.118305705,0.16342731,0.04096227,0.57302964,0.7725034,0.84480226,3
3,0.48373905,0.06682837,0.14845063,0.039349623,0.20625389,0.06784189,0.16772005,0.4056294,0.108529545,0.3091913,0.32128835,0.67517793,3
3,0.10146415,0.08043589,0.011318444,0.29059538,0.04088553,0.045420133,0.012646685,0.26756588,0.0052229115,0.59529376,0.6111128,0.9380385,3
3,0.048755117,0.003549892,0.03204316,0.16011289,0.0023661633,0.0032812543,0.015823485,0.08950283,0.021667128,0.7753085,0.90458107,0.9430084,3
3,0.030142177,0.008740966,0.007495283,0.05600571,0.008398647,0.018746402,0.19406371,0.18622342,0.12090731,0.71978843,0.79663694,0.85285103,3
3,0.037536286,0.014291784,0.034927703,0.031134352,0.036237337,0.004400076,0.06816377,0.5095004,0.02194643,0.86316556,0.43997058,0.9387258,3
3,0.044983827,0.06251789,0.008635396,0.055828273,0.076114744,0.011663293,0.062431663,0.41329876,0.0059150117,0.8367562,0.44806868,0.97378635,3
3,0.060025893,0.00660201,0.010042832,0.13391872,0.009053087,0.0038243062,0.032834418,0.1935992,0.028826619,0.77322096,0.7907456,0.9573062,3
3,0.06800332,0.059504647,0.06958077,0.07070742,0.0070258416,0.0075928667,0.19435418,0.2378201,0.40660056,0.6669351,0.6956494,0.5162258,3
3,0.0156861,0.0059595034,0.013379842,0.025974158,0.0031652693,0.072158895,0.012275812,0.21983138,0.008550858,0.9460639,0.7710439,0.9059104,3
3,0.0060946713,0.003434616,0.008226517,0.048246853,0.0066115856,0.03108946,0.008864498,0.32512045,0.01173933,0.9367939,0.66483337,0.9489447,3
3,0.16357139,0.0050794706,0.012290092,0.14434132,0.0064017414,0.0026004293,0.019444877,0.15849689,0.043746777,0.6726424,0.83002186,0.9413627,3
3,0.019920457,0.0053911596,0.026040088,0.2551517,0.013217403,0.066963725,0.010282127,0.26887488,0.020646816,0.7146458,0.71251655,0.8863494,3
3,0.016891016,0.00040806504,0.008720474,0.030966943,0.0005026687,0.020894771,0.012911183,0.009935923,0.0015622405,0.9392308,0.98915327,0.9688225,3
3,0.011907187,0.0061185453,0.007184713,0.029990444,0.0030760055,0.0058077774,0.0042362744,0.15724364,0.007370451,0.9538661,0.8335618,0.97963715,3
3,0.005623888,0.034569807,0.0026970478,0.018629178,0.054422505,0.11419833,0.0038796994,0.2926226,0.0075647146,0.9718672,0.61838514,0.8755399,3
3,0.01823114,0.006630367,0.007210178,0.068566814,0.00778298,0.17459045,0.007637347,0.13058741,0.0075930716,0.90556467,0.85499924,0.8106063,3
3,0.13723102,0.009141591,0.09778209,0.2588521,0.008779409,0.0026205643,0.02058219,0.47203118,0.051080715,0.58333474,0.5100478,0.84851664,3
3,0.21966131,0.03055467,0.011237255,0.031928916,0.041999705,0.009692183,0.23081914,0.28539747,0.044920612,0.51759064,0.6420481,0.93415004,3
3,0.05762571,0.0887272,0.05178268,0.06330933,0.12773725,0.203547,0.36647195,0.087676555,0.14869642,0.51259303,0.6958591,0.5959739,3
3,0.07189836,0.0207425,0.013989185,0.12025757,0.027780969,0.084259845,0.42814225,0.032962315,0.012722002,0.37970182,0.91851413,0.8890289,3
3,0.025433058,0.010949087,0.042278964,0.006447591,0.03342356,0.006172524,0.011653835,0.18372987,0.006735052,0.95646554,0.7718975,0.94481343,3
3,0.027575325,0.3213442,0.18994239,0.013548839,0.44094577,0.021288771,0.09363286,0.037466757,0.0052702404,0.86524296,0.20024328,0.78349864,3
3,0.015349013,0.19726047,0.058695458,0.008657013,0.6251167,0.2637251,0.025075287,0.022583712,0.01637972,0.9509187,0.15503916,0.66119975,3
3,0.03724115,0.022496292,0.27294636,0.03539313,0.013542454,0.035572655,0.3399853,0.16422832,0.15902603,0.5873804,0.799733,0.5324549,3
3,0.042147484,0.06942477,0.025928041,0.06263916,0.23275018,0.07165869,0.066683665,0.0923229,0.006195121,0.82852966,0.6055022,0.8962181,3
3,0.017317493,0.0029850157,0.0015805016,0.16936664,0.013554139,0.009943344,0.004674595,0.050995976,0.00028143838,0.8086413,0.9324649,0.98819476,3
3,0.0023292254,0.0052039926,0.0013037731,0.008929685,0.016219053,0.0034851762,0.008880228,0.054888636,0.0008912039,0.9798609,0.9236883,0.9943199,3
3,0.013309991,0.0062148375,0.016505828,0.2812848,0.0043501323,0.01198351,0.011269068,0.1493661,0.01679975,0.69413614,0.840069,0.95471096,3
3,0.002248434,0.0037573986,0.0026576533,0.013579312,0.011431836,0.0053660213,0.0013741055,0.2459021,0.004468066,0.9827982,0.7389086,0.9875082,3
3,0.0032321971,0.0051791295,0.0060155825,0.0054960498,0.0063461037,0.010163774,0.005911319,0.16455284,0.012925993,0.98536044,0.823922,0.97089463,3
3,0.009832764,0.003220623,0.016952598,0.03342395,0.004543279,0.036530502,0.0036496487,0.107067086,0.024163818,0.95309365,0.885169,0.92235297,3
0,0.3295506,0.6364525,0.90485203,0.009870746,0.21887037,0.02158137,0.6424208,0.07609411,0.071128756,0.01815782,0.06858301,0.002437838,0
0,0.6589208,0.24269369,0.8406512,0.03681691,0.63886017,0.027678791,0.19030967,0.041583445,0.023058463,0.11395265,0.07686265,0.108611524,0
0,0.79132587,0.8747792,0.9816022,0.01715816,0.09001085,0.0052075908,0.1665053,0.0135301035,0.002732588,0.025010625,0.021679826,0.010457603,0
0,0.4241396,0.15773061,0.74963564,0.034260906,0.6766066,0.057811122,0.47606057,0.097251914,0.13496277,0.06553895,0.06841083,0.057590414,0
0,0.7940284,0.2641737,0.98352706,0.015560972,0.7254414,0.002528613,0.13329026,0.0054455134,0.0014660156,0.057120364,0.0049394052,0.012478324,0
0,0.797165,0.8175297,0.98848134,0.0055628917,0.16171877,0.0050523365,0.18692866,0.009731544,0.004566315,0.01034348,0.011020035,0.0019000515,0
0,0.34519947,0.41084003,0.28772765,0.08419601,0.15470186,0.39627203,0.31607217,0.12427948,0.11544658,0.25453234,0.31017867,0.20055375,1
0,0.6200263,0.18644963,0.8393915,0.004885824,0.71001655,0.001941229,0.3585764,0.043914445,0.13613386,0.01651146,0.05961942,0.022533366,0
0,0.879913,0.44691992,0.96267396,0.011512769,0.42316836,0.006498891,0.09283914,0.04811308,0.0018881243,0.015735153,0.08179855,0.028938988,0
0,0.046842407,0.62818617,0.2882174,0.6526965,0.31682214,0.67416775,0.005770882,0.010809224,0.017638976,0.29469013,0.044182517,0.019975891,1
0,0.69366324,0.53356224,0.95666695,0.006730631,0.24192052,0.01129259,0.28385025,0.0809227,0.01827851,0.015755871,0.1435946,0.013761954,0
0,0.61210424,0.04375618,0.447227,0.01933701,0.50018156,0.053313684,0.32583454,0.109045625,0.26449254,0.042724226,0.3470167,0.23496673,0
0,0.89179885,0.71394026,0.9708988,0.015252352,0.21673314,0.0025438443,0.078628436,0.02818031,0.0061153644,0.014320305,0.041146237,0.020441925,0
0,0.3374531,0.4454437,0.86730593,0.066199616,0.49545345,0.12384262,0.5700995,0.015492779,0.0040736347,0.02624787,0.0436101,0.004777832,0
0,0.7070537,0.6935429,0.97703683,0.003236904,0.27656585,0.0010741246,0.2736176,0.013696887,0.0033958158,0.01609177,0.016194379,0.01849323,0
1,0.0054408736,0.3779311,0.005753643,0.8944502,0.6052001,0.9886139,0.0071770363,0.009690376,0.0030802905,0.09293191,0.007178447,0.0025522106,1
1,0.005139748,0.65234864,0.002829419,0.8852148,0.21706805,0.99032485,0.011212444,0.04784955,0.0015808672,0.09843306,0.082733735,0.005264833,1
1,0.010933342,0.25287154,0.009776352,0.9442824,0.73196495,0.9869305,0.007559302,0.005076833,0.0018976592,0.037224837,0.010086633,0.0013954339,1
1,0.0035977687,0.44428167,0.0011658141,0.86439645,0.40500203,0.9950466,0.003314855,0.041862458,0.0011749178,0.12869091,0.10885388,0.0026126255,1
1,0.007720335,0.027411718,0.0043000826,0.5819468,0.92249995,0.9873521,0.016715026,0.013324546,0.001371249,0.39361784,0.036763735,0.006976555,1
1,0.010689872,0.17144164,0.004239523,0.8042628,0.65290624,0.9801194,0.007622632,0.015919302,0.00312333,0.17742465,0.15973285,0.0125177475,1
1,0.0032053734,0.07205624,0.005366637,0.94815004,0.606102,0.95981485,0.004986578,0.06840495,0.011286939,0.04365798,0.2534368,0.023531657,1
1,0.2533365,0.44956356,0.33219427,0.17621206,0.28228647,0.514301,0.5181262,0.06894766,0.095333934,0.052325316,0.19920237,0.058170833,1
1,0.36167067,0.6377693,0.45548925,0.04385433,0.1449032,0.5091269,0.52275586,0.014355386,0.009317124,0.071719155,0.20297214,0.026066732,1
1,0.075909905,0.18774365,0.08040902,0.30296868,0.5509152,0.86101085,0.25078735,0.021904353,0.017556649,0.3703341,0.23943679,0.04102354,1
1,0.08993436,0.43822798,0.06163467,0.37451524,0.497725,0.90989274,0.15989828,0.02504611,0.017359665,0.3756521,0.03900092,0.011112912,1
1,0.02527377,0.5119311,0.01502425,0.48057824,0.45391744,0.95946157,0.02181879,0.0064741806,0.00392529,0.4723292,0.027677203,0.021588923,1
1,0.023545379,0.2601992,0.03855614,0.879302,0.70100105,0.93551236,0.014108868,0.01343399,0.009860335,0.08304366,0.025365692,0.01607126,1
1,0.022442129,0.70408785,0.017818186,0.37162825,0.19562177,0.9156927,0.011396971,0.04858202,0.008533062,0.5945326,0.05170836,0.05795601,1
1,0.015190646,0.33981928,0.013735572,0.5539076,0.51954585,0.9411211,0.0083985245,0.018550804,0.0059637097,0.4225033,0.122084044,0.039179653,1
2,0.09997535,0.015275376,0.0093813045,0.013090615,0.021642845,0.024286397,0.10335849,0.38472873,0.37351483,0.78357553,0.57835305,0.5928175,3
2,0.12291809,0.0077651753,0.013333708,0.08799442,0.032352917,0.014673469,0.6562269,0.3142317,0.7960022,0.13286065,0.64565027,0.17599063,2
2,0.43828335,0.012316887,0.0038037947,0.009663652,0.027553415,0.0016786767,0.540547,0.4427333,0.9927381,0.0115060005,0.51739645,0.0017793633,2
2,0.47473377,0.009407512,0.056390934,0.02327101,0.07822713,0.023393448,0.4663949,0.5733476,0.8823767,0.035600364,0.33901772,0.037838977,2
2,0.43205398,0.009304791,0.01720655,0.063249186,0.011754001,0.02773646,0.31484753,0.24840827,0.68453526,0.18984935,0.730533,0.27052173,2
2,0.22378989,0.03577216,0.056245577,0.09519061,0.008156312,0.021338936,0.41568798,0.3197536,0.43827072,0.26533154,0.6363179,0.48414478,3
2,0.90256083,0.0058939746,0.022875529,0.0033224672,0.017549582,0.0029753423,0.084753156,0.2618954,0.9483077,0.009363631,0.7146611,0.025841426,2
2,0.17234156,0.017182987,0.1095068,0.02750061,0.25377217,0.04688881,0.7659077,0.48834214,0.71508217,0.03425009,0.24070272,0.12852216,2
2,0.30658767,0.006416726,0.01210124,0.016219856,0.052397806,0.0023640178,0.665379,0.4987406,0.9788645,0.011813465,0.4424449,0.006670275,2
2,0.8373071,0.027085904,0.026695212,0.0028547763,0.07485021,0.0016105638,0.15587376,0.28760183,0.96842843,0.003964301,0.61046207,0.003265778,2
2,0.16263998,0.011843754,0.016385818,0.03402318,0.009803673,0.0073338626,0.76955926,0.49344653,0.956488,0.033777516,0.48490602,0.019792248,2
2,0.33417746,0.15153293,0.1060527,0.038734272,0.1174235,0.03316201,0.6187385,0.3075081,0.85543346,0.008349916,0.42353544,0.005351874,2
2,0.08416115,0.00387564,0.0051711774,0.05537492,0.0051244358,0.009585728,0.24035542,0.45656243,0.27682388,0.62010854,0.5344375,0.7084192,3
2,0.051716637,0.0059605977,0.011788668,0.027278787,0.0053133653,0.00436283,0.3238046,0.21917887,0.965992,0.59720004,0.76954716,0.017856589,2
3,0.07386539,0.010176005,0.01777877,0.6668857,0.008001966,0.011476561,0.013221398,0.624756,0.02455922,0.24602756,0.35706604,0.94618547,3
3,0.4759315,0.2316483,0.27988702,0.04405888,0.5921989,0.24768277,0.15866725,0.09916893,0.3403471,0.32134235,0.076983854,0.13208309,2
3,0.103595234,0.026332626,0.020697987,0.04953251,0.12485802,0.022327805,0.3722067,0.38226384,0.05710885,0.47466555,0.46654552,0.8998653,3
3,0.094413094,0.034320682,0.010837982,0.039606698,0.1911916,0.025240764,0.21372592,0.5120045,0.07312907,0.6522543,0.26248318,0.89079225,3
3,0.02011188,0.008353827,0.012605647,0.32224837,0.013617496,0.026988128,0.04830138,0.04960336,0.042423576,0.6093384,0.9284253,0.9179827,3
3,0.022224292,0.0059605977,0.0041580726,0.52079314,0.0053133653,0.0046600318,0.018358286,0.21917887,0.013716184,0.4386243,0.76954716,0.9774656,3
3,0.021021333,0.007858953,0.0058965897,0.25411826,0.0099862255,0.004456413,0.029204344,0.18459281,0.0077970163,0.69565606,0.797562,0.98185,3
3,0.011961923,0.0059605977,0.007413076,0.3987752,0.0053133653,0.0103843305,0.02524368,0.21917887,0.050382186,0.5640192,0.76954716,0.9318204,3
3,0.023175346,0.010535049,0.01873663,0.15146275,0.006451194,0.013621049,0.10403688,0.21048376,0.15809429,0.72132504,0.77253,0.809548,3
3,0.026565064,0.005122056,0.016419075,0.5213234,0.013528163,0.009447697,0.015866864,0.11304095,0.045682847,0.43624467,0.86830884,0.9284504,3
3,0.020011695,0.007858953,0.008174522,0.0827636,0.0099862255,0.0039544785,0.02853949,0.18459281,0.014074212,0.86868525,0.797562,0.97379684,3
3,0.011414882,0.010535049,0.0038270082,0.19965498,0.006451194,0.0023800689,0.015798682,0.21048376,0.01053766,0.7731315,0.77253,0.98325527,3
3,0.016728317,0.0059605977,0.0033359576,0.19102934,0.0053133653,0.010264289,0.013717202,0.21917887,0.014323438,0.77852505,0.76954716,0.9720763,3
3,0.02227237,0.001097223,0.0063894363,0.20058513,0.0070725977,0.014698604,0.009132544,0.001825554,0.006811563,0.76800996,0.99000466,0.9721004,3
3,0.020274945,0.010858251,0.003466192,0.14206128,0.007913271,0.007193585,0.017327245,0.24853548,0.0053215316,0.8203365,0.732693,0.9840186,3
3,0.015496897,0.008803694,0.007086306,0.043258928,0.0037780777,0.0097998,0.014575973,0.32356054,0.014865743,0.92666817,0.66385776,0.9682482,3
3,0.0028241428,0.0063470835,0.013484456,0.012759879,0.026562443,0.035221778,0.018088182,0.0074994713,0.5059914,0.9663278,0.95959103,0.4453024,2
3,0.029635593,0.033396445,0.008108433,0.080149755,0.31671166,0.5491318,0.012004423,0.20721073,0.02613528,0.87821025,0.44268113,0.41662446,1
3,0.04012017,0.09911959,0.04767544,0.35383323,0.5633376,0.27727765,0.013404416,0.1317847,0.041814122,0.5926422,0.20575805,0.6332328,3
3,0.017963413,0.018110335,0.008446777,0.25611103,0.08428353,0.004248145,0.00362064,0.32058188,0.001377321,0.72230494,0.5770243,0.98592776,3
3,0.102199174,0.089344524,0.03311544,0.07954486,0.043613963,0.07001146,0.26672286,0.39901662,0.18722497,0.5515331,0.46802488,0.7096481,3
3,0.086099625,0.10709451,0.07161445,0.028917063,0.36480194,0.047004767,0.16372818,0.3516311,0.032046445,0.7212552,0.17647241,0.84933436,3
3,0.0210375,0.21281552,0.07733816,0.0322253,0.5723246,0.022116426,0.090526275,0.037747603,0.021522801,0.8562109,0.17711231,0.8790226,3
3,0.013645766,0.042585008,0.16977005,0.04139619,0.48138165,0.013196209,0.05949516,0.2384775,0.06843337,0.8854629,0.23755586,0.74860036,3
3,0.006503063,0.0056736865,0.0070685036,0.23658994,0.0062564863,0.02380926,0.006883225,0.48576346,0.024396079,0.7500237,0.50230634,0.94472617,3
3,0.014879626,0.15887052,0.205407,0.059806615,0.44839635,0.2359261,0.060722314,0.13407989,0.02822037,0.8645914,0.25865325,0.5304465,3
3,0.0059028426,0.010321859,0.006381073,0.07031828,0.002779966,0.005053791,0.006777485,0.08523765,0.0087721795,0.91700137,0.90166056,0.97979295,3
3,0.027791178,0.48589605,0.022766696,0.5172406,0.31280702,0.8694606,0.022039844,0.09379713,0.007863587,0.4329284,0.1074998,0.09990914,1
3,0.009354054,0.004028489,0.0050188727,0.71954393,0.014326843,0.0065772133,0.010283294,0.11563221,0.006292677,0.26081872,0.86601245,0.9821113,3
3,0.012973847,0.007924469,0.011440833,0.046218146,0.017120663,0.018056504,0.018415293,0.09199965,0.020250168,0.92239267,0.8829552,0.95025253,3
3,0.011410241,0.0098484075,0.0036183218,0.09088754,0.037043806,0.004390488,0.006178272,0.113514796,0.005522447,0.89152396,0.83959305,0.9864688,3
3,0.0022797522,0.008231441,0.0020135466,0.010826474,0.034623697,0.003474228,0.0064885616,0.1678504,0.0020598345,0.98040515,0.7892944,0.9924523,3
3,0.010923067,0.007596726,0.0030913793,0.19824877,0.01324754,0.006849987,0.014663806,0.20259681,0.00498197,0.77616435,0.77655894,0.9850766,3
0,0.8884743,0.20095804,0.48244017,0.011168684,0.3762377,0.012154445,0.0923779,0.17601559,0.4724249,0.007979182,0.24678865,0.032980464,0
0,0.5150545,0.84617585,0.98712873,0.024322473,0.15103626,0.0055486327,0.33113354,0.00030219663,0.00046329497,0.12948957,0.0024856953,0.0068593263,0
0,0.53178483,0.251753,0.9811621,0.052999962,0.7325841,0.015610275,0.26432002,0.0007425058,0.00024909695,0.15089521,0.014920431,0.0029785193,0
0,0.44686398,0.36531043,0.9295319,0.010092411,0.6218088,0.014073437,0.5026148,0.00052861474,0.025119245,0.04042884,0.0123522,0.03127546,0
0,0.83920735,0.34299856,0.9912775,0.011350883,0.64399,0.0029593918,0.13054651,0.0043525747,0.0006948108,0.018895263,0.008658946,0.005068242,0
0,0.81235063,0.43337354,0.93462515,0.0047116894,0.42774296,0.0066816024,0.17697884,0.069922194,0.037051234,0.005958876,0.06896129,0.021642031,0
0,0.05123564,0.014850475,0.05221092,0.0056736404,0.010593139,0.016965391,0.941888,0.26118112,0.8938969,0.0012027249,0.7133753,0.036926825,2
0,0.31082517,0.40308586,0.9054818,0.004619104,0.56186396,0.009722849,0.6446456,0.003954586,0.007365273,0.039910115,0.031095644,0.077430084,0
0,0.8523833,0.68515766,0.9800739,0.009248096,0.27041048,0.0016316951,0.1184022,0.005984459,0.001705531,0.019966418,0.03844747,0.01658887,0
0,0.86508924,0.552604,0.994938,0.0073982505,0.4262002,0.00067055563,0.112486385,0.00765325,0.00025955043,0.015026154,0.013542523,0.0041318936,0
0,0.23754933,0.6002225,0.7287369,0.082119904,0.3644644,0.23812935,0.6165199,0.005888954,0.02799432,0.06381085,0.02942415,0.005139391,0
0,0.5305222,0.29112154,0.8383438,0.0070028678,0.6622899,0.04518821,0.4573719,0.014622822,0.108532645,0.0051029595,0.03196571,0.007935347,0
0,0.36777177,0.4483091,0.96394205,0.019481722,0.51520157,0.0026421554,0.5967552,0.003073173,0.002365604,0.015991267,0.033416152,0.031050254,0
0,0.5024357,0.0998877,0.31691313,0.0058719693,0.579817,0.013650122,0.4842216,0.09334396,0.6306626,0.007470819,0.22695129,0.03877411,2
0,0.4059813,0.7217908,0.9730147,0.03932718,0.26148573,0.021161092,0.49549508,0.0036048398,0.0017981349,0.0591964,0.013118664,0.00402601,0
1,0.021470359,0.30531293,0.0117631685,0.4761274,0.26227525,0.9022846,0.014787096,0.21666746,0.030845502,0.4876152,0.2157444,0.055106748,1
1,0.009803888,0.09817097,0.005940142,0.84062016,0.26382762,0.87577295,0.0062550446,0.2623126,0.044637777,0.14332092,0.37568885,0.073649205,1
1,0.018436328,0.38670945,0.0066475263,0.8120614,0.54884595,0.9820963,0.008000223,0.019625165,0.0033388555,0.16150208,0.044819433,0.0079172505,1
1,0.060190123,0.17073233,0.023718119,0.2504377,0.2291224,0.014489645,0.018680943,0.27597302,0.0077733793,0.67069125,0.32417226,0.9540189,3
1,0.10910551,0.6420144,0.2903424,0.24894002,0.2948141,0.67884576,0.034968484,0.027660925,0.0074235885,0.6069859,0.035510514,0.023388203,1
1,0.036106363,0.50592625,0.2775375,0.68346167,0.20035842,0.52789485,0.0102293,0.072104916,0.038526904,0.2702027,0.2216104,0.15604073,1
1,0.112598225,0.11028985,0.09651158,0.12606747,0.8328492,0.8594586,0.46811873,0.022743242,0.020307079,0.2932156,0.03411767,0.02372267,1
1,0.05588469,0.14114438,0.035010505,0.49706474,0.6475955,0.8228961,0.013392608,0.06622647,0.021315062,0.43365797,0.14503367,0.12077837,1
1,0.016584376,0.042626895,0.010729866,0.7063449,0.66037476,0.9844968,0.009156733,0.08621443,0.0030819573,0.26791403,0.21078393,0.0016913379,1
1,0.013817919,0.2729402,0.009131113,0.6292609,0.24362755,0.7280445,0.012325176,0.24369976,0.022870598,0.344596,0.23973247,0.23995376,1
1,0.02895705,0.03291325,0.014824259,0.84061337,0.65507376,0.9618904,0.005366124,0.0584495,0.004501137,0.12506345,0.25356346,0.018784162,1
1,0.021735126,0.05826996,0.010974848,0.2076982,0.10731564,0.47762617,0.015060723,0.51871884,0.020144915,0.7555059,0.31569558,0.4912541,3
1,0.053721644,0.39410454,0.024383947,0.6138274,0.40584248,0.91875935,0.0172049,0.084442765,0.011245012,0.31524602,0.115610205,0.045611713,1
1,0.026862334,0.17960629,0.007226462,0.39487094,0.723066,0.95482177,0.017911192,0.015933797,0.011692489,0.56035554,0.081394,0.026259243,1
1,0.012474824,0.32091817,0.008664941,0.9429914,0.36922953,0.9722832,0.007864758,0.13161507,0.01154358,0.036669046,0.17823727,0.007508336,1
2,0.15371737,0.061722677,0.14989232,0.5501913,0.34824878,0.14808568,0.20097427,0.11341977,0.4758184,0.095117114,0.47660875,0.22620359,2
2,0.28168297,0.027785957,0.0020028078,0.013303134,0.008279422,0.0019816684,0.6637105,0.17778638,0.99077004,0.041303385,0.78614825,0.0052454798,2
2,0.073918656,0.015888259,0.002805024,0.02843388,0.014996976,0.0011320433,0.8918718,0.41563493,0.9876669,0.005775604,0.5534799,0.008395979,2
2,0.11182459,0.017685274,0.029343907,0.09712668,0.009286157,0.010186886,0.70180124,0.20384069,0.88896865,0.089247525,0.7691879,0.07150058,2
2,0.43259487,0.021619448,0.004863182,0.019464705,0.030783394,0.0018096354,0.49203,0.4600624,0.9893799,0.05591043,0.48753482,0.0039472794,2
2,0.17959689,0.016670045,0.018820457,0.043300886,0.048475306,0.027092868,0.7478053,0.34543857,0.8489205,0.029296916,0.5894161,0.10516612,2
2,0.44745207,0.03146882,0.36737773,0.077029586,0.50447434,0.07234774,0.4234999,0.07517613,0.4619133,0.052018415,0.38888073,0.09836121,2
2,0.43033606,0.04429888,0.038505666,0.06057019,0.006625873,0.005170833,0.38524383,0.4097394,0.78644836,0.12384993,0.5393359,0.16987517,2
2,0.86502475,0.027607083,0.0141704995,0.0043604737,0.032741204,0.0015672442,0.12684248,0.27939457,0.9700133,0.0037723067,0.6602571,0.014248945,2
2,0.70033425,0.05134972,0.05404376,0.011409486,0.065358914,0.0061607673,0.26589125,0.2799881,0.90600216,0.02236492,0.60330325,0.03379328,2
2,0.6289005,0.023753105,0.12205143,0.024895873,0.011981383,0.0055002277,0.32636994,0.42443103,0.83748996,0.019833699,0.5398345,0.034958377,2
2,0.09339428,0.008586174,0.06946054,0.05177433,0.0072968407,0.01925544,0.17216158,0.45868388,0.2504367,0.6826698,0.5254331,0.6608473,3
2,0.29390892,0.01743177,0.025792476,0.051584013,0.01122126,0.0058002407,0.47397852,0.47152156,0.9186699,0.18052855,0.4998254,0.049737345,2
2,0.19532907,0.017839279,0.00035723764,0.012923804,0.0025454652,0.00030103902,0.7605171,0.32208803,0.99794686,0.031229982,0.65752727,0.0013949461,2
3,0.29141408,0.050001957,0.049151935,0.07249578,0.26613432,0.026946967,0.38573337,0.248662,0.53398514,0.25035673,0.43520173,0.38991594,2
3,0.15453915,0.06987791,0.30942473,0.3001044,0.10149572,0.10172131,0.10450776,0.08350064,0.022042807,0.44084865,0.7451258,0.5668111,3
3,0.34112796,0.036333654,0.06736616,0.11417669,0.11727468,0.055118382,0.22868271,0.2750459,0.020692838,0.31601268,0.5713457,0.8568226,3
3,0.5074445,0.051182013,0.15410362,0.042726785,0.3396387,0.04502425,0.212803,0.30978507,0.16787025,0.23702571,0.29939422,0.6330018,3
3,0.23518261,0.098828934,0.008692798,0.021289628,0.012207503,0.012319403,0.5540959,0.20822144,0.9324109,0.18943182,0.6807421,0.04657688,2
3,0.050478995,0.033994563,0.021690246,0.089842245,0.11605431,0.0037161992,0.037159882,0.027206257,0.00105752,0.82251894,0.82274485,0.97353613,3
3,0.11807903,0.60593104,0.15886258,0.37030917,0.3793231,0.8350794,0.026262537,0.0026458306,0.001292544,0.48534924,0.0121000735,0.0047655194,1
3,0.7307876,0.09787753,0.32405168,0.011653593,0.07691147,0.01191691,0.18777083,0.13479562,0.4839959,0.069788,0.6904154,0.18003552,2
3,0.14679244,0.043202758,0.019452315,0.17440107,0.016550899,0.0006358576,0.0236765,0.23142269,0.00097423623,0.65512997,0.7088236,0.9789375,3
3,0.0037229278,0.05219246,0.011018712,0.0042648036,0.008133343,0.011183085,0.0031676423,0.3527881,0.007045613,0.9888446,0.5868861,0.9707526,3
3,0.034221955,0.017839279,0.018582275,0.37510696,0.0025454652,0.0051883217,0.01408276,0.32208803,0.042760793,0.5765883,0.65752727,0.93346864,3
3,0.02651244,0.05219246,0.021293584,0.21189883,0.008133343,0.005756382,0.010684596,0.3527881,0.009642345,0.75090414,0.5868861,0.9633077,3
3,0.05438884,0.021273773,0.021605859,0.020666374,0.015718954,0.009584859,0.10278313,0.28271258,0.7256705,0.8221617,0.68029475,0.24313876,2
3,0.07045037,0.014018735,0.005945958,0.3494991,0.009420936,0.0028649387,0.026565775,0.22141695,0.0062916176,0.55348474,0.75514346,0.9848975,3
3,0.026310652,0.05219246,0.021233195,0.13636628,0.008133343,0.008989768,0.044695105,0.3527881,0.009924771,0.792628,0.5868861,0.9598522,3
3,0.009857782,0.0013222442,0.024414012,0.36709607,0.0036682133,0.03716268,0.011265112,0.003911626,0.013045853,0.61178106,0.9910978,0.92537737,3
3,0.021941636,0.02562871,0.009840495,0.030141938,0.010943658,0.20547564,0.018211585,0.36388797,0.060913898,0.9297048,0.59953976,0.72377,3
3,0.0087341685,0.009129166,0.0033333537,0.01366056,0.0035448577,0.0052523045,0.013874566,0.32020003,0.0037993223,0.96373063,0.6671259,0.987615,3
3,0.18873,0.14256792,0.10963662,0.049562342,0.1329253,0.08265732,0.6310647,0.0520705,0.39912748,0.13064294,0.67243624,0.40857857,3
3,0.01806307,0.0709054,0.022356506,0.018814217,0.06184528,0.0068064583,0.053433664,0.035489213,0.0011283582,0.90968907,0.8317601,0.96970874,3
3,0.12261264,0.022261703,0.021505864,0.06134065,0.026235377,0.08323564,0.061516546,0.46985912,0.035016812,0.7545302,0.48164374,0.8602417,3
3,0.10378881,0.37807402,0.0771444,0.12523587,0.40526757,0.68381673,0.04956798,0.08809863,0.014760314,0.7214073,0.1285598,0.2242786,1
3,0.041533463,0.053924344,0.0356757,0.077532925,0.08524512,0.0792053,0.34677082,0.30612972,0.032818474,0.5341629,0.5547008,0.8523005,3
3,0.039440542,0.029412944,0.0049100486,0.020491635,0.0318135,0.024670413,0.022538472,0.30211434,0.0061282716,0.9175294,0.63665926,0.9642912,3
3,0.015570735,0.3089131,0.031414617,0.029377183,0.19913094,0.21094613,0.04725308,0.060106434,0.0016814237,0.90779907,0.43184948,0.75595784,3
3,0.0822799,0.01766267,0.01956964,0.11152482,0.009141856,0.018280912,0.27181175,0.17418203,0.068314165,0.53438354,0.7990135,0.89383525,3
3,0.036102872,0.030597385,0.017403176,0.38247266,0.032846652,0.020761576,0.01747496,0.06477968,0.007445796,0.56394947,0.8717763,0.95438945,3
3,0.006390865,0.010650613,0.007744325,0.033210494,0.025193308,0.017452473,0.008171442,0.50126964,0.0070681064,0.95222723,0.4628864,0.9677351,3
3,0.039977394,0.033632126,0.012476854,0.030742725,0.0243834,0.0031305556,0.08781398,0.3235718,0.043088995,0.84146595,0.6184127,0.9413036,3
3,0.019688686,0.010152118,0.011159217,0.16254783,0.001528275,0.0042780736,0.021351537,0.41886154,0.0036943476,0.79641193,0.5694581,0.98086846,3
3,0.004730232,0.015101564,0.0041461727,0.015973937,0.009892313,0.006006048,0.005604629,0.4226997,0.0028244238,0.97369117,0.55230653,0.98702335,3
3,0.009122113,0.012885584,0.004194052,0.1338084,0.004008365,0.010097757,0.011345344,0.2779425,0.0071146563,0.8457241,0.7051636,0.9785935,3
3,0.002324151,0.007223355,0.0064192577,0.00992778,0.011924422,0.012490419,0.0049751876,0.15461266,0.006164836,0.98277295,0.8262396,0.9749254,3
0,0.85968006,0.58402586,0.99353445,0.007494577,0.40408102,0.0028501682,0.12176379,0.0009706918,0.0013633027,0.011061509,0.0109224245,0.0022520272,0
0,0.6856552,0.4982574,0.9619354,0.013764098,0.45967406,0.012123137,0.289437,0.010862291,0.016330454,0.011143709,0.031206239,0.009610911,0
0,0.745956,0.15755565,0.8645296,0.024519624,0.020378787,0.011469642,0.17813584,0.019446345,0.0693274,0.05138855,0.8026193,0.054673303,0
0,0.76215476,0.57993776,0.9554944,0.012823028,0.39522043,0.018786987,0.1779382,0.0026760823,0.010035202,0.047083966,0.022165755,0.015683422,0
0,0.35182855,0.92905456,0.85811746,0.060784943,0.06695034,0.12999824,0.35612008,0.0004476924,0.0013603149,0.23126641,0.003547376,0.010524008,0
0,0.7211218,0.098508455,0.43241858,0.01435999,0.122614525,0.02821513,0.25149244,0.2598497,0.51457566,0.013025805,0.5190273,0.02479054,2
0,0.58017766,0.87827957,0.97903407,0.012429989,0.11494043,0.008094575,0.38188094,0.00042929506,0.0014579775,0.02551142,0.006350695,0.011413354,0
0,0.31392977,0.4788722,0.5727059,0.08918603,0.4798933,0.3398385,0.31514147,0.006538349,0.033545263,0.28174272,0.034696147,0.053910304,0
0,0.2311503,0.51558393,0.76914144,0.030837286,0.4168496,0.13433355,0.7178479,0.0052675055,0.07317884,0.02016454,0.06229899,0.02334616,0
0,0.23809358,0.42202562,0.187408,0.18025307,0.37621468,0.5260649,0.3228574,0.03890494,0.037710086,0.2587959,0.16285472,0.24881706,1
0,0.5012797,0.642836,0.9440217,0.0557007,0.13410416,0.03662607,0.14016864,0.0015107255,0.0038351011,0.302851,0.22154915,0.015517098,0
0,0.4202989,0.48358798,0.89657223,0.025793642,0.49520174,0.06781741,0.5401035,0.0033866137,0.025368255,0.013803961,0.017823678,0.010242084,0
0,0.3139915,0.5802832,0.270477,0.1536121,0.2224731,0.32956046,0.21300569,0.017862659,0.0289835,0.3193907,0.17938097,0.37097913,3
0,0.37857205,0.38119435,0.8805792,0.06287579,0.55974996,0.06342371,0.30346116,0.009016271,0.0054752175,0.255091,0.05003942,0.050521903,0
0,0.4422863,0.8957801,0.971186,0.11983266,0.100014016,0.017932054,0.41048545,0.00033392233,0.0033416017,0.027395602,0.0038719387,0.0075403205,0
1,0.008110868,0.14259018,0.0050911466,0.7936169,0.7197844,0.92581874,0.012055574,0.04345756,0.014735353,0.18621668,0.094167925,0.05435478,1
1,0.01918323,0.50919497,0.003544361,0.48529148,0.45471126,0.98119795,0.045629375,0.0022556353,0.0033177822,0.44989595,0.033838205,0.011940003,1
1,0.01632854,0.23789787,0.019161778,0.9061462,0.27932587,0.9158367,0.023794007,0.21474981,0.020667892,0.053731214,0.26802644,0.044333596,1
1,0.01525485,0.16175596,0.009213288,0.9198319,0.78505516,0.98047495,0.013698095,0.0023728935,0.0044182558,0.051215183,0.05081598,0.00589348,1
1,0.014933346,0.45692247,0.008308964,0.81498116,0.31787008,0.9545984,0.014824165,0.071530715,0.008305252,0.15526134,0.15367675,0.028787326,1
1,0.06065824,0.58277476,0.020109229,0.06389976,0.2727611,0.30383536,0.010806335,0.055406153,0.0030468202,0.86463565,0.08905798,0.67300856,3
1,0.090411894,0.3194003,0.29572582,0.13122056,0.3096277,0.37069517,0.019246874,0.023564776,0.029042963,0.75912064,0.34740716,0.30453604,1
1,0.27895585,0.37176806,0.7060626,0.28693247,0.5869521,0.17850956,0.04542229,0.0054482417,0.086221255,0.38868946,0.03583165,0.029206594,0
1,0.12254479,0.37299657,0.113085315,0.29407743,0.5976408,0.81597406,0.040719427,0.0038237977,0.03330177,0.5426584,0.025538856,0.03763889,1
1,0.029689943,0.27114052,0.020569574,0.26132956,0.18656555,0.5233997,0.081043914,0.0022069565,0.0058468166,0.62793654,0.5400869,0.4501838,1
1,0.11954327,0.07481941,0.02329357,0.4488257,0.06757312,0.105482385,0.32453978,0.23903589,0.24545701,0.10709126,0.61857164,0.62576705,3
1,0.0319665,0.49634632,0.024308082,0.6684346,0.4891575,0.9300643,0.032666937,0.002608811,0.021080453,0.26693195,0.011887396,0.02454715,1
1,0.015942607,0.12716225,0.005597128,0.49599186,0.58164775,0.85638463,0.0151117295,0.11639726,0.006697882,0.4729538,0.17479275,0.13132039,1
1,0.026742082,0.14206521,0.01097411,0.60988104,0.38804573,0.9476679,0.01963402,0.021453744,0.006250621,0.34374285,0.4484353,0.035107393,1
1,0.022297658,0.5987108,0.030895207,0.8035653,0.34437582,0.8862001,0.02384799,0.018019509,0.020810638,0.15028904,0.038893905,0.06209411,1
2,0.33710095,0.020617515,0.044488233,0.031201672,0.10816624,0.006364981,0.6065591,0.38166437,0.92174214,0.025138235,0.48955187,0.027404588,2
2,0.7005178,0.018793035,0.013974215,0.03313332,0.016382772,0.0034468914,0.20006457,0.45607418,0.9395755,0.0662844,0.50875,0.04300345,2
2,0.55992305,0.011913873,0.0034791275,0.019661333,0.02976891,0.00067889446,0.35827267,0.4088978,0.98079365,0.062142957,0.54941946,0.01504829,2
2,0.18082952,0.010658471,0.0019728355,0.07075788,0.010514143,0.0010575952,0.71833026,0.06932957,0.99151117,0.030082246,0.90949786,0.005458365,2
2,0.32552806,0.024053846,0.1291817,0.03507329,0.08221956,0.06146131,0.6153183,0.17507356,0.67986083,0.024080371,0.7186531,0.12949619,2
2,0.6955861,0.03021669,0.006898173,0.013676837,0.012799993,0.0025049425,0.2829479,0.486435,0.9761707,0.007789152,0.47054824,0.014426182,2
2,0.6813334,0.0120153595,0.018755239,0.027147388,0.0051516523,0.0032231212,0.22790413,0.31616065,0.9013193,0.063615054,0.66667235,0.07670222,2
2,0.46918496,0.007924747,0.0031084956,0.015284291,0.014070627,0.0005726381,0.4996664,0.4285833,0.99122876,0.015864283,0.5494214,0.0050900793,2
2,0.48156214,0.09744259,0.10118673,0.022986855,0.09968919,0.006923416,0.48108688,0.32199752,0.8746978,0.014364171,0.48087072,0.01719203,2
2,0.32133934,0.15029149,0.30145448,0.01133775,0.44796577,0.1001776,0.6517258,0.06531563,0.5710042,0.015597075,0.33642712,0.027363747,2
2,0.1186109,0.018770173,0.037244666,0.07046114,0.017209047,0.009584318,0.74893326,0.59085786,0.9223161,0.061994653,0.37316287,0.03085496,2
2,0.09889497,0.006002379,0.007839344,0.06174121,0.010016809,0.0072518936,0.44423166,0.28002763,0.86133784,0.3951322,0.70395315,0.12357098,2
2,0.016083313,0.017415226,0.011982309,0.04901545,0.006826767,0.06445989,0.22217563,0.21484312,0.3089313,0.71272564,0.7609149,0.6146265,3
2,0.07678391,0.008298759,0.010867072,0.05486829,0.010950035,0.0059910454,0.33854827,0.19029218,0.7616595,0.5297996,0.790459,0.22148235,2
3,0.09123842,0.44610256,0.044286545,0.13131781,0.2701614,0.7289509,0.04405521,0.08224344,0.009883833,0.73338854,0.20149264,0.21687868,1
3,0.09030679,0.015239987,0.026574755,0.051649354,0.031202942,0.04129095,0.18352178,0.56981003,0.19347623,0.67452204,0.38374704,0.7386581,3
3,0.05849857,0.0979291,0.020290768,0.030747905,0.04925746,0.0637473,0.3284134,0.26710775,0.33771762,0.5823401,0.58570564,0.5782443,3
3,0.08007234,0.024156932,0.026496738,0.3195809,0.03419944,0.031913806,0.066716865,0.5619371,0.11751988,0.5336299,0.37970653,0.8240695,3
3,0.010929516,0.035393294,0.0017287254,0.024852132,0.06337675,0.023940895,0.03086535,0.23912212,0.012253435,0.93335307,0.6621078,0.96207696,3
3,0.0073872805,0.0061275843,0.009358776,0.13081771,0.009842099,0.0030712266,0.007333225,0.14322314,0.022391906,0.8544618,0.84080714,0.96517813,3
3,0.046565507,0.0061275843,0.010305727,0.11915889,0.009842099,0.004490779,0.057880152,0.14322314,0.01870348,0.7763955,0.84080714,0.9665,3
3,0.031833917,0.007978956,0.008366064,0.12105028,0.004750773,0.005116503,0.017990688,0.4525648,0.0076538594,0.8291251,0.53470546,0.97886354,3
3,0.024374437,0.006800133,0.01641424,0.44106013,0.010991303,0.19855855,0.04069628,0.25232303,0.024458881,0.49386916,0.72988546,0.76056826,3
3,0.019869778,0.0060346783,0.011440743,0.014303276,0.010046059,0.0043083094,0.012884477,0.044971574,0.016583059,0.9529425,0.9389477,0.9676679,3
3,0.011628438,0.021623403,0.016430343,0.17249867,0.022858156,0.22035559,0.012147774,0.48791975,0.02238573,0.8037251,0.46759868,0.74082834,3
3,0.116198204,0.016348338,0.023470595,0.26669773,0.027367514,0.020062199,0.3599651,0.62581503,0.8172678,0.25713897,0.33046913,0.13919945,2
3,0.06370242,0.06452836,0.016232707,0.13530838,0.028713156,0.017532183,0.014974234,0.18879202,0.00750611,0.7860149,0.71796644,0.9587291,3
3,0.18194094,0.14023551,0.13597444,0.25862926,0.2519917,0.0380655,0.038960252,0.12935577,0.031854283,0.52046955,0.47841707,0.7941057,3
3,0.01529593,0.0035128794,0.0023911775,0.05820491,0.002047448,0.00093765894,0.013751869,0.056631934,0.000634133,0.91274726,0.93780774,0.996037,3
3,0.06395258,0.08658452,0.009887805,0.23048052,0.020583514,0.0045492114,0.018169796,0.10138331,0.0014411785,0.6873971,0.79144865,0.9841218,3
3,0.016814316,0.2043356,0.0035593517,0.029098254,0.22149578,0.17383823,0.18855852,0.32966632,0.0095802145,0.7655289,0.24450234,0.81302226,3
3,0.008431171,0.055272646,0.0036718373,0.19901696,0.053546887,0.121742174,0.021710891,0.29703397,0.020528693,0.77084094,0.59414643,0.8540573,3
3,0.040135417,0.003996773,0.07702206,0.032743253,0.024841655,0.016843984,0.013219113,0.21518555,0.08205462,0.91390216,0.7559761,0.82407933,3
3,0.042589854,0.022904223,0.030173987,0.012436217,0.07597464,0.014270711,0.057326235,0.28985795,0.06555304,0.8876476,0.61126316,0.89000225,3
3,0.008961225,0.029468179,0.03044577,0.012764826,0.044597633,0.0075035095,0.058956005,0.36519852,0.08529937,0.9193179,0.56073564,0.8767513,3
3,0.01660761,0.006667237,0.016684184,0.70001405,0.011379963,0.18392833,0.016718375,0.26009294,0.031674247,0.26665995,0.7218599,0.76771325,3
3,0.0110190995,0.010563206,0.0056669367,0.02953496,0.009269677,0.0060488996,0.0051046032,0.17538907,0.005492977,0.9543413,0.8047781,0.98279124,3
3,0.029098619,0.0032280367,0.007390117,0.40496945,0.011783157,0.025454232,0.011185648,0.018367968,0.0034635577,0.55474627,0.9666208,0.96369207,3
3,0.018826822,0.0075872405,0.008344946,0.41119677,0.012212296,0.020801287,0.012890302,0.20773768,0.0068540536,0.5570861,0.7724628,0.96399975,3
3,0.06259458,0.004616181,0.004440908,0.42975345,0.003263376,0.016422102,0.04684653,0.083048925,0.0050694146,0.46080548,0.90907156,0.97406757,3
3,0.0124107,0.055075664,0.013516441,0.2595381,0.020473644,0.16821113,0.008395492,0.28614494,0.012652139,0.71965563,0.6383057,0.8056203,3
3,0.0053236745,0.0034006592,0.0057004504,0.24721368,0.001846431,0.022202874,0.010107513,0.02048869,0.009269176,0.7373551,0.97426426,0.9628275,3
3,0.0007656426,0.0064070886,0.0024037645,0.010126564,0.0070739626,0.036374938,0.0011569636,0.02541868,0.0040658293,0.9879508,0.9611003,0.9571554,3
3,0.004247289,0.005150073,0.004514274,0.040714107,0.0065336986,0.018290464,0.0044540116,0.07921044,0.006044305,0.9505846,0.9091058,0.971151,3
3,0.00021075581,0.010986562,0.0042753485,0.0026952033,0.02367055,0.056214552,0.0010786718,0.4168296,0.006049612,0.99601537,0.5485133,0.9334604,3
3,0.0031946965,0.0029211417,0.0065362304,0.061864473,0.005230998,0.012667669,0.0041177,0.018493747,0.0059955353,0.93082315,0.97335416,0.97480047,3
3,0.0020951182,0.0044290796,0.0037965525,0.008680448,0.0072778016,0.00881522,0.0037345006,0.12001653,0.00676695,0.98548996,0.8682766,0.98062134,3
0,0.33564976,0.5158967,0.46488923,0.069052696,0.3484424,0.48471707,0.21809216,0.026209256,0.020668108,0.37720543,0.10945167,0.02972551,1
0,0.7945353,0.49876985,0.96034986,0.005743433,0.44392824,0.018858556,0.19339387,0.009341183,0.017530322,0.006327402,0.047960807,0.0032613701,0
0,0.36709243,0.5206965,0.9226543,0.051522344,0.44011283,0.049020223,0.4537633,0.016357966,0.007941839,0.127622,0.022832748,0.020383634,0
0,0.75094783,0.6390888,0.9832347,0.011920718,0.35206446,0.007951753,0.22937874,0.0013805582,0.0057971934,0.007752658,0.0074661663,0.003016347,0
0,0.87273854,0.18430656,0.97778577,0.0050929957,0.3311476,0.0045467257,0.10474642,0.09393254,0.008117304,0.01742201,0.39061332,0.009550236,0
0,0.44959992,0.8152529,0.9616744,0.041128647,0.17661703,0.032811157,0.4588088,0.0030709233,0.0014645243,0.050462686,0.005059225,0.0040498734,0
0,0.1553888,0.6545743,0.8510431,0.016119305,0.26855987,0.04073184,0.7223196,0.0138048185,0.038894415,0.10617231,0.06306099,0.06933064,0
0,0.83005255,0.755368,0.9901738,0.008348724,0.22067872,0.0012410778,0.14703695,0.0051282523,0.0018794325,0.01456177,0.018825062,0.006705663,0
0,0.45414677,0.016422072,0.039173417,0.048639566,0.03930108,0.0017825927,0.3028536,0.030924942,0.052435122,0.19436006,0.9133519,0.90660876,3
0,0.6709673,0.76678383,0.96141684,0.008408664,0.19108038,0.014497638,0.3048075,0.0050114943,0.013984258,0.015816526,0.037124276,0.010101287,0
0,0.046506815,0.55027735,0.07657857,0.47156358,0.1050275,0.6482188,0.13927665,0.009751143,0.017698787,0.34265298,0.334944,0.2575038,1
0,0.6113938,0.3195653,0.9744867,0.015557391,0.65505534,0.0041711824,0.18951818,0.011508155,0.0004919359,0.1835306,0.013871257,0.020850128,0
0,0.008181628,0.7028973,0.005143215,0.13195463,0.27453384,0.9775173,0.017162351,0.00531569,0.0042343023,0.8427013,0.01725321,0.013105148,1
0,0.61232954,0.82540834,0.9221528,0.028679136,0.12758929,0.045175932,0.3099896,0.0051036943,0.011363004,0.049001742,0.041898582,0.02130827,0
1,0.016448267,0.089045316,0.011417439,0.61218846,0.14890525,0.8431557,0.020703496,0.0069442457,0.004982622,0.3506598,0.7551052,0.14044432,1
1,0.011885801,0.38868308,0.0017440331,0.8604474,0.5014711,0.9874697,0.008527344,0.04253421,0.0024345715,0.11913941,0.0673116,0.008351771,1
1,0.011120776,0.421835,0.003041552,0.8014126,0.5317153,0.96995354,0.0119995605,0.016514653,0.004975586,0.17546706,0.029935125,0.022029286,1
1,0.03214295,0.11756722,0.0018016098,0.7214648,0.49592417,0.9850032,0.017354336,0.045833092,0.0038350602,0.22903796,0.3406755,0.009360125,1
1,0.01327731,0.6001341,0.009474051,0.8304141,0.3880834,0.9666454,0.0077196704,0.00179888,0.00483891,0.14858896,0.009983663,0.01904157,1
1,0.18971236,0.5902632,0.14088927,0.24682315,0.3734461,0.6517646,0.00841898,0.011792332,0.004039475,0.55504555,0.024498373,0.2033067,1
1,0.26449448,0.13320011,0.14440964,0.3985309,0.6582653,0.22852142,0.12238202,0.025647545,0.03161073,0.2145926,0.18288705,0.5954582,3
1,0.19291177,0.16036843,0.29985127,0.0068136044,0.5822997,0.013079521,0.4495071,0.026354883,0.026870739,0.35076755,0.23097697,0.6601984,3
1,0.09567852,0.54671377,0.036229275,0.24278823,0.43498117,0.91349727,0.25936922,0.006263648,0.013632638,0.40216407,0.012041444,0.036640856,1
1,0.032494627,0.6065272,0.43103975,0.05726841,0.33682427,0.48277807,0.3061953,0.0147289205,0.0083448235,0.6040417,0.041919667,0.0778373,1
1,0.16504268,0.6116637,0.053248905,0.33064374,0.35923883,0.9276358,0.21627763,0.009195168,0.0048058424,0.28803593,0.019902276,0.014309533,1
1,0.00715895,0.23019958,0.010859555,0.4225133,0.75444543,0.97885096,0.011095227,0.0042820903,0.0056304983,0.55923253,0.011072881,0.0046590446,1
1,0.0139423665,0.43880433,0.0050665513,0.57576084,0.52030116,0.9868816,0.017159153,0.00848116,0.004249815,0.39313754,0.032413434,0.0038019202,1
1,0.013777998,0.21454203,0.010411873,0.3475471,0.43343496,0.9699375,0.013274054,0.03201133,0.00762211,0.62540084,0.32001168,0.012028481,1
1,0.016699668,0.37317348,0.0047502303,0.9091657,0.40807468,0.97370005,0.009570705,0.025132101,0.008456079,0.064563945,0.19361973,0.013093648,1
2,0.23881006,0.012000245,0.01379363,0.007042563,0.00892369,0.02685233,0.27808246,0.5445844,0.81772816,0.47606498,0.43449172,0.14162585,2
2,0.62438524,0.021567784,0.019908102,0.010599661,0.049074054,0.003919123,0.29660395,0.16945341,0.9708082,0.06841115,0.75990474,0.0053645405,2
2,0.87840575,0.0059992727,0.0005408075,0.0066607296,0.012834096,0.00097229437,0.104550555,0.08353318,0.99567163,0.010383,0.89763343,0.0028153048,2
2,0.29541072,0.00737607,0.06839152,0.05188433,0.008897923,0.018480208,0.5835496,0.567529,0.7141398,0.069155335,0.41619697,0.19898838,2
2,0.14042476,0.009530895,0.023400098,0.16341592,0.029757813,0.020705257,0.3327301,0.2966064,0.3037277,0.36342925,0.6641048,0.65216696,3
2,0.44112945,0.06470943,0.17255503,0.033894353,0.4536399,0.032787167,0.39316183,0.17784792,0.58825314,0.1318144,0.30380276,0.20640466,2
2,0.51805985,0.006873247,0.0060219066,0.17959175,0.00545266,0.003140815,0.18010433,0.2888729,0.83244026,0.1222441,0.69880116,0.158397,2
2,0.2802006,0.009330313,0.012324708,0.050884247,0.015817098,0.020392165,0.64417565,0.39271483,0.929234,0.024739483,0.5821377,0.038049124,2
2,0.14784741,0.016277567,0.054609537,0.039257698,0.033974305,0.023597062,0.45662117,0.35178456,0.5544213,0.35627377,0.59796363,0.3673721,2
2,0.050551422,0.008842284,0.007431601,0.122977436,0.010101689,0.06288342,0.6553664,0.19162467,0.86548233,0.17110476,0.78943133,0.0642026,2
2,0.019204665,0.004316951,0.006561456,0.04505354,0.009880247,0.017485922,0.28956142,0.35835308,0.56272066,0.64618033,0.6274497,0.413232,2
2,0.2023404,0.014651155,0.009229652,0.038342834,0.012327767,0.0067463787,0.4659969,0.46497688,0.9326037,0.29331994,0.50804424,0.0514203,2
2,0.1288589,0.009417938,0.00089552347,0.014855972,0.015027498,0.0017330736,0.66089857,0.29675224,0.9924566,0.19538665,0.6788024,0.004914798,2
2,0.01673989,0.009385024,0.008880129,0.002113505,0.013908652,0.005098096,0.018112743,0.30629766,0.56969965,0.96303385,0.67040867,0.41632205,2
2,0.011450958,0.00661939,0.0028462806,0.011890202,0.0066024065,0.011353971,0.33665013,0.09765891,0.7261107,0.64000875,0.8891193,0.25968906,2
3,0.05012723,0.0128318295,0.009691752,0.37939048,0.0193232,0.020082217,0.0418397,0.50351757,0.07069991,0.52864254,0.4643274,0.8995261,3
3,0.48945227,0.006983114,0.032035727,0.00516159,0.0076792426,0.009447798,0.11537056,0.2977306,0.48043323,0.3900156,0.687607,0.47808322,2
3,0.19555713,0.031893767,0.023761187,0.05177433,0.033762075,0.060874175,0.4358193,0.40122336,0.6797261,0.31684923,0.5331208,0.23563859,2
3,0.15994707,0.007282801,0.035409015,0.013966399,0.012135931,0.089244574,0.085947014,0.52309656,0.4364519,0.7401395,0.45748472,0.4388945,3
3,0.002479917,0.007855853,0.004802881,0.023110632,0.003494021,0.006984116,0.009996491,0.18222466,0.0061541735,0.964413,0.8064254,0.9820588,3
3,0.0076041603,0.004979626,0.0086749615,0.22543159,0.01182585,0.008045423,0.009250318,0.20745425,0.009495011,0.7577139,0.7757403,0.9737846,3
3,0.0005911283,0.009870788,0.010250332,0.00073550025,0.015900185,0.007208084,0.018858422,0.21980532,0.15452711,0.979815,0.75442374,0.8280144,3
3,0.031630497,0.004979626,0.0100324545,0.18048196,0.01182585,0.007622725,0.01951874,0.20745425,0.06597405,0.76836884,0.7757403,0.91637075,3
3,0.0061538597,0.04731801,0.005803317,0.18047714,0.006325023,0.00790262,0.0125654815,0.3082746,0.008229211,0.8008035,0.6380824,0.97806484,3
3,0.0057159103,0.009870788,0.0059439545,0.19217584,0.015900185,0.0068686837,0.011458224,0.21980532,0.009863232,0.79065007,0.75442374,0.9773241,3
3,0.0055704694,0.0038371705,0.004676472,0.047031544,0.0042941268,0.049860626,0.05293281,0.1121392,0.05929005,0.89446515,0.87972957,0.8861729,3
3,0.019327406,0.023707515,0.005105179,0.1925001,0.010266309,0.027879447,0.036519818,0.18519041,0.009472603,0.7516526,0.78083575,0.9575428,3
3,0.0067108376,0.0223809,0.0029215298,0.13623121,0.005915643,0.031812266,0.0105446335,0.36365595,0.007719733,0.8465134,0.6080475,0.95754653,3
3,0.006790987,0.010389,0.012870492,0.07845739,0.034274444,0.23023729,0.01582909,0.36878225,0.033067245,0.89892256,0.5865543,0.7238249,3
3,0.0060934587,0.025436094,0.004808009,0.14599583,0.009904795,0.031448644,0.011907013,0.060652606,0.0086125005,0.83600366,0.9040065,0.95513076,3
3,0.123253725,0.06323157,0.10671137,0.1318996,0.081256725,0.07570881,0.13520755,0.062484138,0.009548249,0.60963917,0.7930276,0.80803156,3
3,0.010915186,0.0024862178,0.020445455,0.0027319442,0.0057088593,0.02174752,0.16817535,0.44710693,0.50547355,0.8181775,0.544698,0.45233345,2
3,0.019074399,0.1947365,0.24389152,0.0167482,0.18697253,0.0037893846,0.22421396,0.035011075,0.02087673,0.7399634,0.5832799,0.73144233,3
3,0.01146966,0.14208369,0.036839176,0.05894171,0.16537838,0.17640646,0.32842904,0.05539037,0.018972574,0.6011596,0.6371476,0.76778185,3
3,0.026859978,0.0060564177,0.020410748,0.605124,0.00418182,0.016463514,0.006284099,0.043159593,0.013570246,0.36173192,0.94660217,0.9495556,3
3,0.014191916,0.010397298,0.0014215822,0.0385684,0.05584669,0.011348704,0.038414817,0.078435026,0.06950946,0.9088249,0.85532093,0.9177202,3
3,0.015789982,0.019181024,0.0075143403,0.024475481,0.034130126,0.0077732406,0.0064730197,0.147088,0.05755329,0.95326155,0.7996009,0.92715913,3
3,0.0057212384,0.015623158,0.005066662,0.10637395,0.02235278,0.028608048,0.014800245,0.1666143,0.00412094,0.8731046,0.7954098,0.96220434,3
3,0.010103896,0.0044985423,0.022194233,0.5034253,0.004996454,0.23657723,0.009583744,0.5735613,0.045632802,0.476887,0.4169437,0.69559574,3
3,0.005366911,0.012529855,0.004617239,0.016438648,0.043369494,0.003770984,0.008407262,0.07034044,0.0072438577,0.96978724,0.8737601,0.98436797,3
3,0.01266391,0.0215408,0.0029223298,0.09390013,0.056916974,0.029378733,0.009918595,0.17033826,0.0083138775,0.88351727,0.7512039,0.9593851,3
3,0.008477261,0.057274453,0.017489262,0.0732264,0.02047033,0.22465917,0.02251156,0.18316619,0.026819518,0.89578474,0.739089,0.7310321,3
3,0.0016315976,0.0041638725,0.001952794,0.010052318,0.0026326217,0.010795715,0.005382719,0.18401358,0.0033519987,0.98293334,0.8091899,0.9838995,3
3,0.0024994903,0.014675608,0.0039257747,0.021521315,0.009937431,0.013087532,0.0050365594,0.029967079,0.0075325496,0.9709426,0.9454199,0.97545415,3
3,0.0032533593,0.018636465,0.0024711331,0.12192037,0.010417512,0.009438375,0.0043487186,0.06826992,0.0048819436,0.8704775,0.9026761,0.9832085,3
3,0.0037082129,0.015118362,0.002401598,0.05787068,0.0068467446,0.036959313,0.00719211,0.5039032,0.005942831,0.931229,0.47413167,0.9546963,3
3,0.010302201,0.015545405,0.0069728605,0.17422071,0.013144803,0.022167858,0.0072814682,0.09593558,0.0125828935,0.8081957,0.8753742,0.9582764,3
